transaction_id,amount,failure_reason,payment_method,customer_type,attempts,previous_success_rate,previous_failed_payments,customer_tenure_months,hours_since_failure,recovered
TXN00001,10676,network_error,credit_card,loyal,2,0.47,1,48,14,0
TXN00002,14817,technical_error,credit_card,loyal,2,0.32,0,14,30,1
TXN00003,634,technical_error,debit_card,loyal,3,0.78,3,15,58,1
TXN00004,13461,network_error,debit_card,loyal,2,0.53,1,14,44,1
TXN00005,6424,network_error,upi,regular,3,0.48,0,47,59,0
TXN00006,6401,network_error,upi,loyal,3,0.9,2,37,25,1
TXN00007,950,insufficient_funds,upi,new,1,0.89,3,18,59,0
TXN00008,6177,insufficient_funds,upi,regular,1,0.76,5,60,10,0
TXN00009,3003,technical_error,debit_card,new,2,0.56,5,45,72,1
TXN00010,5513,network_error,debit_card,new,2,0.57,0,14,41,1
TXN00011,8379,card_expired,net_banking,new,2,0.39,5,36,69,0
TXN00012,9777,card_expired,net_banking,regular,1,0.98,1,33,64,1
TXN00013,971,network_error,debit_card,loyal,1,0.84,3,39,9,1
TXN00014,9963,card_expired,upi,loyal,1,0.76,0,44,69,0
TXN00015,12792,bank_decline,credit_card,regular,2,0.41,0,47,34,0
TXN00016,12683,insufficient_funds,credit_card,loyal,2,0.87,4,39,26,1
TXN00017,12692,insufficient_funds,credit_card,loyal,2,0.63,0,60,47,0
TXN00018,13826,bank_decline,debit_card,new,1,0.9,0,6,63,0
TXN00019,12661,technical_error,debit_card,new,3,0.62,4,11,34,0
TXN00020,10138,card_expired,debit_card,loyal,3,0.77,5,20,52,0
TXN00021,10847,bank_decline,net_banking,loyal,2,0.38,1,5,44,1
TXN00022,9275,insufficient_funds,debit_card,new,1,0.78,0,15,9,0
TXN00023,14284,bank_decline,credit_card,loyal,1,0.49,3,14,70,1
TXN00024,14656,technical_error,net_banking,new,2,0.85,1,7,13,0
TXN00025,6004,card_expired,net_banking,regular,3,0.34,5,42,13,0
TXN00026,12131,bank_decline,credit_card,new,1,0.43,3,9,55,0
TXN00027,7779,insufficient_funds,credit_card,regular,3,0.37,5,35,2,0
TXN00028,12546,insufficient_funds,debit_card,regular,2,0.63,6,26,8,0
TXN00029,235,card_expired,upi,regular,2,0.59,5,51,72,0
TXN00030,8173,insufficient_funds,debit_card,regular,1,0.96,4,48,70,1
TXN00031,5338,network_error,credit_card,loyal,2,0.64,6,34,21,1
TXN00032,8520,network_error,debit_card,new,3,0.35,6,16,52,1
TXN00033,14786,technical_error,debit_card,loyal,3,0.33,0,27,67,1
TXN00034,4472,insufficient_funds,upi,new,2,0.57,5,42,39,0
TXN00035,12518,network_error,credit_card,regular,3,0.98,0,5,69,1
TXN00036,4545,insufficient_funds,upi,new,1,0.55,1,29,70,0
TXN00037,10221,technical_error,credit_card,loyal,3,0.5,5,7,18,1
TXN00038,14777,network_error,debit_card,regular,2,0.71,5,22,27,0
TXN00039,14174,bank_decline,net_banking,regular,1,0.36,3,54,36,1
TXN00040,5664,insufficient_funds,upi,new,3,0.6,5,28,72,1
TXN00041,1432,insufficient_funds,credit_card,regular,3,0.68,3,9,6,0
TXN00042,14928,network_error,upi,new,3,0.47,0,23,72,0
TXN00043,6858,technical_error,debit_card,new,1,0.96,6,12,53,1
TXN00044,12267,bank_decline,net_banking,loyal,3,0.85,2,11,14,1
TXN00045,834,card_expired,debit_card,new,2,0.54,6,51,30,0
TXN00046,11013,insufficient_funds,net_banking,regular,2,0.89,6,18,45,0
TXN00047,6748,technical_error,upi,new,1,0.9,2,12,34,1
TXN00048,9974,card_expired,upi,loyal,2,0.6,4,8,50,0
TXN00049,3314,bank_decline,credit_card,loyal,2,0.3,6,35,26,0
TXN00050,1346,bank_decline,upi,loyal,1,0.79,2,33,40,0
TXN00051,5544,card_expired,upi,loyal,1,0.43,5,25,23,0
TXN00052,5130,card_expired,credit_card,regular,2,0.44,6,38,42,0
TXN00053,7444,insufficient_funds,net_banking,loyal,1,0.75,2,33,43,1
TXN00054,12506,insufficient_funds,upi,new,1,0.4,0,16,61,0
TXN00055,12790,network_error,net_banking,regular,3,0.69,5,45,50,0
TXN00056,4197,insufficient_funds,credit_card,new,2,0.45,6,45,67,0
TXN00057,9332,insufficient_funds,credit_card,regular,1,0.84,5,34,72,0
TXN00058,12574,card_expired,net_banking,loyal,2,0.91,5,56,61,0
TXN00059,12517,insufficient_funds,upi,loyal,2,0.73,2,29,10,0
TXN00060,4041,bank_decline,upi,regular,3,0.35,1,15,50,0
TXN00061,11773,insufficient_funds,credit_card,regular,2,0.52,3,27,8,1
TXN00062,7083,card_expired,credit_card,loyal,2,0.62,2,20,50,0
TXN00063,13892,card_expired,debit_card,regular,1,0.49,3,2,50,0
TXN00064,11327,card_expired,debit_card,regular,1,0.97,4,2,51,0
TXN00065,11062,network_error,credit_card,loyal,2,0.39,3,12,7,1
TXN00066,5563,insufficient_funds,net_banking,regular,2,0.82,3,18,54,1
TXN00067,1541,card_expired,credit_card,loyal,3,0.34,2,15,9,0
TXN00068,10878,network_error,credit_card,new,1,0.87,4,10,31,1
TXN00069,11168,network_error,debit_card,regular,3,0.47,2,11,15,0
TXN00070,2883,bank_decline,credit_card,loyal,1,0.93,4,44,49,1
TXN00071,11914,insufficient_funds,credit_card,loyal,3,0.86,1,7,39,0
TXN00072,10037,network_error,credit_card,regular,3,0.59,2,5,65,0
TXN00073,407,card_expired,net_banking,new,2,0.95,5,58,59,0
TXN00074,7335,insufficient_funds,upi,loyal,3,0.83,3,28,35,1
TXN00075,4222,network_error,upi,regular,1,0.81,4,40,49,1
TXN00076,8298,bank_decline,debit_card,regular,1,0.54,2,22,36,0
TXN00077,11688,bank_decline,credit_card,loyal,1,0.36,5,27,63,0
TXN00078,4137,card_expired,net_banking,regular,1,0.36,1,26,32,0
TXN00079,9728,bank_decline,net_banking,loyal,3,0.53,5,36,43,0
TXN00080,7634,bank_decline,upi,regular,1,0.38,1,21,16,0
TXN00081,12687,insufficient_funds,debit_card,new,3,0.63,5,38,68,0
TXN00082,1847,insufficient_funds,upi,new,2,0.42,0,46,69,1
TXN00083,945,network_error,upi,loyal,1,0.73,6,32,14,0
TXN00084,9605,bank_decline,net_banking,regular,2,0.53,0,17,62,1
TXN00085,1270,card_expired,net_banking,new,3,0.73,0,10,20,0
TXN00086,5178,network_error,debit_card,new,3,0.82,4,39,29,0
TXN00087,6432,card_expired,net_banking,regular,3,0.97,2,37,8,0
TXN00088,12325,network_error,debit_card,loyal,1,0.48,0,11,31,1
TXN00089,1429,insufficient_funds,credit_card,regular,2,0.77,3,19,5,1
TXN00090,11782,bank_decline,net_banking,new,3,0.46,2,51,26,0
TXN00091,9122,insufficient_funds,debit_card,regular,1,0.35,1,51,40,0
TXN00092,13704,technical_error,upi,regular,1,0.62,2,45,52,0
TXN00093,8399,technical_error,net_banking,regular,1,0.71,3,48,42,1
TXN00094,623,network_error,debit_card,loyal,3,0.7,0,49,35,1
TXN00095,12702,insufficient_funds,net_banking,loyal,3,0.6,2,12,56,0
TXN00096,8256,network_error,net_banking,regular,2,0.53,5,7,21,1
TXN00097,11565,card_expired,upi,loyal,2,0.85,4,3,59,1
TXN00098,4335,bank_decline,credit_card,regular,3,0.86,0,43,70,0
TXN00099,1088,insufficient_funds,upi,loyal,2,0.73,6,4,27,1
TXN00100,2346,bank_decline,net_banking,loyal,2,0.38,5,39,31,0
TXN00101,5291,technical_error,credit_card,loyal,2,0.36,6,59,15,0
TXN00102,2124,insufficient_funds,net_banking,loyal,2,0.65,2,27,62,0
TXN00103,4193,card_expired,debit_card,regular,1,0.93,4,48,18,0
TXN00104,4726,card_expired,upi,loyal,2,0.86,2,47,39,0
TXN00105,9701,card_expired,debit_card,regular,3,0.63,2,36,70,0
TXN00106,5472,insufficient_funds,debit_card,loyal,2,0.46,6,27,6,0
TXN00107,7949,card_expired,net_banking,loyal,3,0.97,3,3,17,0
TXN00108,9869,bank_decline,credit_card,regular,1,0.66,3,1,19,0
TXN00109,10927,insufficient_funds,credit_card,regular,2,0.53,5,26,11,0
TXN00110,14164,technical_error,net_banking,regular,3,0.79,6,32,70,1
TXN00111,1321,insufficient_funds,upi,new,3,0.36,0,49,13,0
TXN00112,11570,bank_decline,credit_card,new,2,0.84,2,23,48,0
TXN00113,4200,technical_error,net_banking,loyal,3,0.84,1,12,11,1
TXN00114,6467,technical_error,debit_card,regular,3,0.4,3,41,33,0
TXN00115,11125,network_error,net_banking,regular,3,0.67,0,29,45,0
TXN00116,5101,card_expired,upi,regular,2,0.44,3,55,62,0
TXN00117,6448,technical_error,upi,loyal,2,0.98,2,2,51,1
TXN00118,9472,network_error,net_banking,regular,1,0.71,2,15,25,1
TXN00119,11304,insufficient_funds,credit_card,loyal,3,0.33,6,29,5,0
TXN00120,12198,insufficient_funds,credit_card,regular,2,0.81,1,13,17,0
TXN00121,14559,bank_decline,upi,new,2,0.92,3,52,38,0
TXN00122,5749,network_error,net_banking,new,1,0.81,1,56,51,0
TXN00123,13382,technical_error,upi,new,2,0.31,4,8,59,0
TXN00124,12471,bank_decline,net_banking,loyal,2,0.37,1,31,4,0
TXN00125,9398,bank_decline,debit_card,loyal,1,0.73,3,59,39,0
TXN00126,2111,insufficient_funds,credit_card,new,2,0.98,0,7,31,0
TXN00127,2422,card_expired,net_banking,regular,3,0.95,5,35,54,0
TXN00128,12104,insufficient_funds,net_banking,loyal,1,0.87,4,27,36,1
TXN00129,6270,insufficient_funds,net_banking,regular,1,0.88,0,44,48,1
TXN00130,10764,bank_decline,credit_card,regular,2,0.43,0,55,59,1
TXN00131,3675,technical_error,credit_card,new,2,0.47,1,51,27,1
TXN00132,12736,technical_error,debit_card,loyal,1,0.85,1,22,19,1
TXN00133,9964,network_error,upi,new,1,0.67,6,12,15,0
TXN00134,622,insufficient_funds,credit_card,regular,1,0.7,0,12,34,1
TXN00135,12352,card_expired,credit_card,loyal,1,0.62,6,24,66,0
TXN00136,7605,technical_error,debit_card,loyal,1,0.79,6,43,67,1
TXN00137,10740,network_error,credit_card,regular,2,0.59,0,32,57,1
TXN00138,1523,bank_decline,debit_card,new,1,0.49,5,38,71,0
TXN00139,6440,technical_error,upi,regular,3,0.71,0,51,15,0
TXN00140,10864,technical_error,debit_card,regular,2,0.9,3,22,59,1
TXN00141,12153,network_error,upi,regular,2,0.75,2,10,61,1
TXN00142,13827,network_error,credit_card,regular,1,0.81,2,52,17,1
TXN00143,9808,technical_error,upi,loyal,1,0.58,6,43,55,0
TXN00144,12013,network_error,upi,loyal,2,0.54,4,33,28,1
TXN00145,8100,insufficient_funds,credit_card,regular,3,0.55,6,18,29,0
TXN00146,14047,technical_error,credit_card,loyal,3,0.86,2,2,24,1
TXN00147,12691,bank_decline,upi,regular,1,0.42,1,37,52,1
TXN00148,12340,network_error,credit_card,loyal,3,0.45,3,30,44,1
TXN00149,5305,bank_decline,credit_card,new,1,0.41,4,4,11,0
TXN00150,11045,card_expired,net_banking,loyal,2,0.58,1,49,66,1
TXN00151,7243,network_error,upi,loyal,3,0.7,4,43,40,1
TXN00152,6675,technical_error,credit_card,new,1,0.5,1,50,18,0
TXN00153,4942,bank_decline,credit_card,new,2,0.81,1,9,49,0
TXN00154,3970,technical_error,upi,new,2,0.89,0,28,3,1
TXN00155,1475,bank_decline,net_banking,loyal,2,0.78,3,19,15,0
TXN00156,5521,insufficient_funds,net_banking,loyal,2,0.36,6,7,32,0
TXN00157,6760,technical_error,credit_card,regular,2,0.81,1,22,22,1
TXN00158,10574,network_error,debit_card,regular,2,0.79,6,42,19,1
TXN00159,2599,bank_decline,debit_card,new,3,0.4,6,42,10,0
TXN00160,12862,card_expired,net_banking,loyal,3,0.61,4,42,42,0
TXN00161,10476,bank_decline,debit_card,regular,1,0.62,5,20,36,0
TXN00162,5966,technical_error,credit_card,regular,2,0.61,0,24,37,1
TXN00163,14359,network_error,net_banking,regular,3,0.68,6,48,6,0
TXN00164,13468,technical_error,debit_card,regular,3,0.62,1,4,58,1
TXN00165,14931,bank_decline,credit_card,loyal,3,0.42,1,46,57,0
TXN00166,8786,technical_error,debit_card,regular,2,0.92,3,27,44,0
TXN00167,1057,bank_decline,credit_card,regular,1,0.68,3,19,33,0
TXN00168,10957,technical_error,debit_card,regular,1,0.7,1,59,45,1
TXN00169,10948,card_expired,debit_card,loyal,3,0.94,2,36,49,0
TXN00170,5581,insufficient_funds,credit_card,loyal,3,0.59,2,2,47,0
TXN00171,3709,bank_decline,net_banking,new,1,0.98,1,5,38,0
TXN00172,1857,technical_error,credit_card,loyal,2,0.9,4,9,49,1
TXN00173,3162,technical_error,debit_card,loyal,2,0.33,2,44,31,0
TXN00174,10203,bank_decline,net_banking,new,3,0.46,6,51,61,0
TXN00175,3378,bank_decline,net_banking,regular,2,0.83,4,34,54,0
TXN00176,13583,insufficient_funds,debit_card,regular,1,0.74,6,24,71,0
TXN00177,11855,technical_error,credit_card,regular,1,0.82,2,29,66,1
TXN00178,7367,network_error,debit_card,regular,2,0.93,3,4,51,1
TXN00179,4062,card_expired,credit_card,regular,1,0.32,0,54,43,0
TXN00180,2454,network_error,upi,regular,3,0.87,6,46,61,1
TXN00181,286,network_error,credit_card,regular,1,0.87,4,47,68,1
TXN00182,12916,bank_decline,debit_card,regular,1,0.33,3,41,59,1
TXN00183,13908,card_expired,credit_card,loyal,3,0.69,5,10,38,0
TXN00184,10273,bank_decline,debit_card,loyal,2,0.43,5,6,68,0
TXN00185,1308,technical_error,credit_card,regular,2,0.33,3,24,33,0
TXN00186,6050,network_error,upi,new,3,0.75,0,50,43,1
TXN00187,5972,technical_error,upi,loyal,1,0.86,5,30,62,1
TXN00188,13495,insufficient_funds,credit_card,loyal,2,0.33,1,3,26,0
TXN00189,5370,bank_decline,net_banking,loyal,2,0.47,6,42,25,0
TXN00190,14325,network_error,upi,regular,1,0.84,3,57,52,1
TXN00191,14857,card_expired,upi,new,2,0.77,2,60,67,0
TXN00192,1553,card_expired,credit_card,regular,3,0.98,1,35,38,1
TXN00193,1511,bank_decline,upi,regular,2,0.71,3,11,57,0
TXN00194,893,bank_decline,net_banking,regular,3,0.97,0,5,52,1
TXN00195,13325,insufficient_funds,credit_card,new,3,0.76,3,3,17,1
TXN00196,12955,bank_decline,upi,regular,3,0.32,1,44,58,0
TXN00197,6295,card_expired,credit_card,loyal,1,0.66,3,21,36,1
TXN00198,2058,network_error,debit_card,regular,3,0.56,4,8,34,0
TXN00199,11734,card_expired,debit_card,loyal,2,0.77,3,13,16,1
TXN00200,1413,card_expired,debit_card,loyal,2,0.98,6,44,41,0
TXN00201,11825,network_error,upi,regular,1,0.78,5,41,23,0
TXN00202,8535,insufficient_funds,credit_card,new,1,0.46,3,2,47,0
TXN00203,6244,card_expired,debit_card,loyal,1,0.34,3,46,62,0
TXN00204,12801,card_expired,credit_card,new,2,0.74,3,30,67,0
TXN00205,14584,technical_error,debit_card,new,2,0.64,6,4,16,0
TXN00206,5182,insufficient_funds,debit_card,regular,3,0.45,4,58,37,0
TXN00207,4305,insufficient_funds,upi,new,3,0.51,4,6,65,0
TXN00208,9896,technical_error,debit_card,new,3,0.72,4,22,6,0
TXN00209,664,network_error,credit_card,loyal,3,0.48,1,50,54,0
TXN00210,696,card_expired,upi,loyal,2,0.63,6,52,52,0
TXN00211,1395,network_error,debit_card,regular,2,0.63,1,22,19,1
TXN00212,11969,bank_decline,upi,regular,1,0.82,4,36,14,1
TXN00213,7842,network_error,upi,regular,1,0.4,0,19,50,0
TXN00214,7050,insufficient_funds,debit_card,regular,3,0.79,1,49,21,0
TXN00215,8633,card_expired,net_banking,regular,2,0.32,3,33,59,0
TXN00216,3724,technical_error,upi,new,1,0.49,4,57,61,1
TXN00217,333,network_error,net_banking,new,2,0.79,6,26,47,1
TXN00218,1038,technical_error,debit_card,regular,3,0.5,3,33,58,0
TXN00219,4782,technical_error,credit_card,new,1,0.57,6,22,72,0
TXN00220,12569,insufficient_funds,debit_card,loyal,3,0.57,0,3,5,1
TXN00221,5656,card_expired,net_banking,new,3,0.91,1,21,41,1
TXN00222,10300,bank_decline,upi,loyal,3,0.66,5,37,39,0
TXN00223,472,bank_decline,upi,loyal,1,0.97,4,20,4,0
TXN00224,4550,technical_error,debit_card,loyal,1,0.7,1,34,49,1
TXN00225,11353,insufficient_funds,credit_card,loyal,3,0.37,0,29,41,0
TXN00226,6965,insufficient_funds,net_banking,loyal,3,0.93,6,55,8,0
TXN00227,8698,insufficient_funds,upi,loyal,2,0.66,2,12,59,0
TXN00228,5808,technical_error,upi,loyal,3,0.76,6,45,34,0
TXN00229,3350,insufficient_funds,upi,loyal,2,0.45,2,50,37,0
TXN00230,11508,card_expired,upi,regular,2,0.68,6,47,36,0
TXN00231,9595,technical_error,net_banking,regular,2,0.95,6,10,38,1
TXN00232,11900,network_error,upi,regular,3,0.47,3,14,26,0
TXN00233,4642,technical_error,upi,new,1,0.72,4,16,32,1
TXN00234,8900,insufficient_funds,debit_card,new,1,0.58,5,31,13,0
TXN00235,2452,network_error,debit_card,regular,3,0.94,3,31,26,0
TXN00236,4906,bank_decline,upi,loyal,1,0.92,0,42,30,1
TXN00237,12047,network_error,debit_card,regular,1,0.94,0,54,51,1
TXN00238,3252,bank_decline,credit_card,new,2,0.69,0,60,43,1
TXN00239,10707,technical_error,net_banking,new,3,0.62,1,52,15,1
TXN00240,12178,card_expired,upi,loyal,1,0.31,2,51,38,0
TXN00241,12607,insufficient_funds,debit_card,loyal,3,0.91,6,28,66,0
TXN00242,6767,network_error,debit_card,new,2,0.52,1,1,34,1
TXN00243,7519,bank_decline,upi,regular,3,0.79,0,17,47,0
TXN00244,1217,network_error,net_banking,regular,1,0.58,4,60,40,0
TXN00245,10664,bank_decline,upi,loyal,1,0.45,1,31,20,0
TXN00246,10124,bank_decline,net_banking,loyal,3,0.92,6,35,28,0
TXN00247,11346,technical_error,credit_card,loyal,2,0.66,2,5,15,1
TXN00248,9172,technical_error,debit_card,loyal,3,0.4,2,55,67,1
TXN00249,11345,insufficient_funds,net_banking,new,3,0.6,0,30,17,0
TXN00250,7684,technical_error,credit_card,loyal,2,0.76,2,47,3,1
TXN00251,13576,network_error,debit_card,loyal,1,0.33,2,45,9,1
TXN00252,1187,network_error,net_banking,new,2,0.58,6,9,54,0
TXN00253,14803,card_expired,net_banking,regular,2,0.35,5,56,70,0
TXN00254,14294,bank_decline,credit_card,new,3,0.57,1,47,29,0
TXN00255,12589,network_error,upi,regular,3,0.79,3,35,49,0
TXN00256,4255,card_expired,upi,new,2,0.43,5,49,15,1
TXN00257,11016,card_expired,credit_card,new,1,0.35,4,3,58,0
TXN00258,11722,network_error,debit_card,loyal,1,0.57,1,35,28,1
TXN00259,12915,network_error,debit_card,loyal,2,0.46,5,37,41,0
TXN00260,12857,bank_decline,debit_card,regular,1,0.97,4,15,53,1
TXN00261,1198,technical_error,debit_card,loyal,3,0.59,3,4,45,0
TXN00262,11199,card_expired,upi,loyal,2,0.58,2,25,24,0
TXN00263,7958,insufficient_funds,debit_card,regular,3,0.4,3,59,8,0
TXN00264,7024,technical_error,debit_card,regular,1,0.47,2,42,11,0
TXN00265,14079,bank_decline,credit_card,loyal,3,0.86,0,18,49,0
TXN00266,10078,network_error,credit_card,new,3,0.79,4,14,62,1
TXN00267,5655,bank_decline,credit_card,new,1,0.95,0,48,62,0
TXN00268,11597,technical_error,debit_card,regular,1,0.68,6,19,49,1
TXN00269,10828,bank_decline,upi,regular,2,0.65,3,30,13,0
TXN00270,12036,card_expired,upi,new,2,0.51,0,37,29,0
TXN00271,465,bank_decline,net_banking,regular,1,0.43,1,25,32,0
TXN00272,10925,bank_decline,upi,regular,3,0.74,3,30,22,0
TXN00273,5970,insufficient_funds,debit_card,loyal,3,0.63,4,42,8,0
TXN00274,13947,network_error,credit_card,new,2,0.39,5,15,9,0
TXN00275,349,insufficient_funds,net_banking,regular,1,0.72,5,60,62,0
TXN00276,457,network_error,net_banking,new,1,0.66,2,35,37,1
TXN00277,13522,card_expired,debit_card,new,1,0.66,1,13,68,1
TXN00278,6007,bank_decline,net_banking,new,2,0.95,3,37,32,0
TXN00279,3900,bank_decline,credit_card,loyal,3,0.82,0,26,49,1
TXN00280,7998,network_error,credit_card,loyal,1,0.36,6,28,43,0
TXN00281,14256,network_error,credit_card,new,1,0.91,5,57,61,1
TXN00282,1418,bank_decline,credit_card,new,2,0.31,1,38,19,0
TXN00283,11877,card_expired,credit_card,regular,1,0.68,4,54,50,0
TXN00284,9056,bank_decline,net_banking,loyal,1,0.84,5,47,11,0
TXN00285,5866,network_error,credit_card,regular,1,0.87,2,39,51,0
TXN00286,5547,network_error,upi,regular,2,0.46,4,25,56,1
TXN00287,9798,card_expired,credit_card,loyal,2,0.84,5,5,11,1
TXN00288,6425,insufficient_funds,net_banking,regular,2,0.37,0,20,57,0
TXN00289,4619,network_error,debit_card,new,1,0.59,4,36,66,1
TXN00290,630,network_error,upi,loyal,1,0.71,6,21,50,1
TXN00291,6979,card_expired,credit_card,loyal,3,0.92,1,37,67,1
TXN00292,6437,insufficient_funds,debit_card,regular,2,0.48,1,5,22,0
TXN00293,7099,bank_decline,net_banking,new,2,0.47,1,47,64,0
TXN00294,3403,card_expired,credit_card,new,2,0.3,3,22,49,0
TXN00295,5599,card_expired,upi,regular,3,0.96,1,20,42,0
TXN00296,11591,insufficient_funds,net_banking,regular,1,0.96,2,19,63,0
TXN00297,13011,insufficient_funds,upi,regular,2,0.86,3,24,15,0
TXN00298,3473,technical_error,debit_card,loyal,3,0.32,5,30,27,0
TXN00299,4973,network_error,net_banking,loyal,2,0.39,2,16,33,0
TXN00300,11918,card_expired,net_banking,new,2,0.97,3,38,52,0
TXN00301,14448,card_expired,credit_card,regular,3,0.91,4,39,11,1
TXN00302,4267,bank_decline,debit_card,loyal,3,0.33,5,44,52,0
TXN00303,5632,card_expired,credit_card,new,1,0.48,4,48,67,0
TXN00304,11466,technical_error,debit_card,regular,2,0.57,6,44,65,1
TXN00305,602,card_expired,credit_card,regular,2,0.93,0,8,19,1
TXN00306,5820,card_expired,debit_card,loyal,2,0.54,0,29,58,1
TXN00307,5119,network_error,credit_card,new,2,0.74,5,52,22,0
TXN00308,12332,insufficient_funds,debit_card,loyal,1,0.53,3,30,30,0
TXN00309,10517,insufficient_funds,debit_card,loyal,3,0.59,0,48,26,0
TXN00310,7237,card_expired,credit_card,loyal,1,0.44,6,46,9,0
TXN00311,13299,technical_error,debit_card,regular,2,0.43,0,17,63,1
TXN00312,10671,bank_decline,net_banking,loyal,2,0.7,2,23,59,0
TXN00313,13532,bank_decline,credit_card,loyal,1,0.51,1,20,15,1
TXN00314,11561,insufficient_funds,net_banking,regular,3,0.39,3,28,24,0
TXN00315,9004,insufficient_funds,debit_card,regular,2,0.4,2,54,58,0
TXN00316,14380,bank_decline,credit_card,regular,1,0.43,3,36,65,0
TXN00317,6903,card_expired,net_banking,loyal,2,0.63,0,37,4,0
TXN00318,3813,bank_decline,credit_card,regular,1,0.67,1,50,59,0
TXN00319,12857,card_expired,credit_card,loyal,1,0.48,4,53,47,0
TXN00320,12599,network_error,net_banking,loyal,1,0.97,0,48,32,1
TXN00321,728,card_expired,upi,regular,1,0.6,0,50,31,1
TXN00322,12285,technical_error,upi,loyal,3,0.73,1,40,18,0
TXN00323,13528,insufficient_funds,credit_card,loyal,2,0.66,4,35,22,1
TXN00324,11735,bank_decline,upi,loyal,2,0.95,4,58,13,1
TXN00325,12489,card_expired,credit_card,regular,3,0.39,6,9,32,0
TXN00326,5477,insufficient_funds,net_banking,regular,1,0.69,2,41,54,1
TXN00327,1437,network_error,net_banking,loyal,3,0.49,2,30,63,1
TXN00328,240,network_error,net_banking,loyal,3,0.77,6,5,69,1
TXN00329,7239,insufficient_funds,net_banking,regular,2,0.86,2,36,17,0
TXN00330,8151,bank_decline,credit_card,new,1,0.73,6,30,3,1
TXN00331,14251,insufficient_funds,net_banking,regular,1,0.97,3,13,17,0
TXN00332,5145,insufficient_funds,upi,new,3,0.55,0,24,22,1
TXN00333,10449,bank_decline,debit_card,regular,3,0.36,0,1,28,0
TXN00334,2374,technical_error,debit_card,loyal,3,0.6,0,45,44,0
TXN00335,14295,card_expired,debit_card,regular,1,0.46,0,47,14,1
TXN00336,6222,bank_decline,debit_card,regular,1,0.74,5,10,9,0
TXN00337,338,technical_error,debit_card,regular,2,0.79,5,48,20,0
TXN00338,10293,card_expired,debit_card,new,1,0.4,0,38,50,0
TXN00339,7235,bank_decline,debit_card,new,2,0.74,1,36,37,0
TXN00340,11512,network_error,upi,new,3,0.71,1,48,51,1
TXN00341,1094,insufficient_funds,net_banking,regular,1,0.46,5,39,10,0
TXN00342,397,bank_decline,upi,new,2,0.89,4,27,47,0
TXN00343,3030,card_expired,credit_card,new,3,0.35,2,14,6,0
TXN00344,13131,card_expired,upi,loyal,3,0.64,3,28,52,1
TXN00345,8991,technical_error,debit_card,regular,1,0.51,4,59,27,0
TXN00346,2745,technical_error,upi,regular,3,0.73,6,42,9,1
TXN00347,7367,insufficient_funds,credit_card,new,1,0.93,0,30,8,1
TXN00348,12351,insufficient_funds,credit_card,new,3,0.39,0,11,64,0
TXN00349,8768,technical_error,upi,new,2,0.39,6,56,35,0
TXN00350,2134,network_error,upi,regular,2,0.66,2,46,10,1
TXN00351,8568,bank_decline,credit_card,regular,3,0.41,1,17,14,0
TXN00352,11244,network_error,debit_card,loyal,3,0.3,6,56,2,1
TXN00353,7929,bank_decline,net_banking,new,1,0.93,6,3,71,0
TXN00354,11898,card_expired,debit_card,regular,1,0.58,5,21,35,0
TXN00355,9564,bank_decline,credit_card,loyal,3,0.91,1,15,67,0
TXN00356,6768,network_error,net_banking,regular,2,0.52,4,30,2,1
TXN00357,4977,technical_error,upi,loyal,3,0.46,2,38,64,0
TXN00358,12912,insufficient_funds,debit_card,new,1,0.93,0,15,70,1
TXN00359,13955,network_error,upi,new,3,0.56,5,47,40,1
TXN00360,8880,insufficient_funds,net_banking,regular,1,0.96,1,46,36,1
TXN00361,3992,technical_error,net_banking,loyal,2,0.61,5,6,13,1
TXN00362,10640,card_expired,credit_card,loyal,3,0.34,5,9,31,0
TXN00363,14141,bank_decline,net_banking,loyal,3,0.52,3,18,30,1
TXN00364,3521,insufficient_funds,credit_card,new,1,0.41,3,21,53,1
TXN00365,6070,insufficient_funds,net_banking,regular,2,0.48,0,6,21,0
TXN00366,5184,technical_error,credit_card,new,2,0.4,5,16,46,0
TXN00367,1002,bank_decline,upi,new,1,0.95,6,29,72,0
TXN00368,4293,network_error,net_banking,new,1,0.38,0,54,29,1
TXN00369,13695,card_expired,upi,loyal,3,0.94,0,38,34,0
TXN00370,1428,network_error,credit_card,new,3,0.6,1,6,43,1
TXN00371,7752,network_error,debit_card,loyal,2,0.86,3,32,4,1
TXN00372,7190,insufficient_funds,upi,new,1,0.49,3,57,20,1
TXN00373,10344,technical_error,debit_card,loyal,2,0.64,4,31,8,1
TXN00374,6475,insufficient_funds,net_banking,new,3,0.9,4,16,70,0
TXN00375,6466,bank_decline,net_banking,loyal,2,0.53,4,33,42,0
TXN00376,3146,network_error,upi,loyal,1,0.32,6,50,36,1
TXN00377,7928,technical_error,upi,loyal,1,0.96,0,16,31,1
TXN00378,13574,network_error,debit_card,loyal,2,0.54,6,55,23,1
TXN00379,9907,bank_decline,upi,loyal,1,0.78,2,37,19,0
TXN00380,3284,card_expired,upi,new,2,0.33,0,15,29,1
TXN00381,8031,network_error,upi,loyal,1,0.85,2,46,23,0
TXN00382,14032,bank_decline,credit_card,new,1,0.7,1,50,15,0
TXN00383,14301,bank_decline,credit_card,regular,3,0.94,3,38,13,0
TXN00384,5485,insufficient_funds,debit_card,loyal,2,0.84,3,42,41,1
TXN00385,9407,technical_error,upi,new,3,0.7,1,25,40,0
TXN00386,5025,insufficient_funds,debit_card,loyal,1,0.95,4,26,5,1
TXN00387,5413,technical_error,debit_card,loyal,3,0.37,3,10,43,0
TXN00388,4099,bank_decline,upi,new,3,0.9,0,53,43,0
TXN00389,4545,insufficient_funds,debit_card,loyal,1,0.54,6,7,1,1
TXN00390,7379,card_expired,debit_card,regular,2,0.9,2,35,49,1
TXN00391,8055,technical_error,debit_card,new,2,0.35,6,3,38,1
TXN00392,4478,network_error,credit_card,regular,1,0.9,1,47,10,1
TXN00393,14914,network_error,upi,loyal,3,0.91,5,2,56,0
TXN00394,2903,technical_error,net_banking,new,1,0.37,1,13,53,0
TXN00395,12029,technical_error,upi,loyal,2,0.5,0,4,51,1
TXN00396,13960,card_expired,debit_card,new,2,0.3,0,19,62,0
TXN00397,621,insufficient_funds,debit_card,loyal,2,0.96,3,55,15,1
TXN00398,6712,card_expired,net_banking,loyal,2,0.36,4,25,24,0
TXN00399,6449,bank_decline,debit_card,regular,1,0.48,3,17,29,0
TXN00400,9444,network_error,debit_card,loyal,3,0.37,5,23,70,0
TXN00401,12593,technical_error,debit_card,loyal,1,0.87,6,34,54,0
TXN00402,11456,card_expired,debit_card,regular,2,0.35,6,46,5,0
TXN00403,14953,technical_error,debit_card,new,2,0.42,1,14,25,1
TXN00404,7136,network_error,net_banking,new,3,0.4,4,17,41,0
TXN00405,13427,network_error,credit_card,regular,3,0.57,2,55,36,0
TXN00406,14510,network_error,net_banking,new,2,0.4,4,38,13,0
TXN00407,9419,network_error,upi,loyal,2,0.9,2,25,63,1
TXN00408,7950,network_error,debit_card,regular,2,0.4,4,44,52,1
TXN00409,14774,bank_decline,debit_card,new,3,0.62,2,58,48,1
TXN00410,13592,bank_decline,upi,regular,2,0.88,5,7,30,1
TXN00411,12385,card_expired,upi,regular,3,0.58,5,6,25,0
TXN00412,13699,card_expired,net_banking,loyal,2,0.86,4,51,21,1
TXN00413,11825,technical_error,net_banking,new,3,0.9,0,12,25,0
TXN00414,3488,network_error,debit_card,new,2,0.33,2,46,26,1
TXN00415,13692,card_expired,net_banking,loyal,1,0.76,1,24,63,0
TXN00416,3109,card_expired,upi,regular,1,0.87,2,48,12,1
TXN00417,6533,network_error,debit_card,loyal,1,0.88,5,15,27,1
TXN00418,6909,technical_error,credit_card,loyal,1,0.62,1,42,23,1
TXN00419,338,insufficient_funds,upi,loyal,2,0.78,5,42,36,0
TXN00420,6368,bank_decline,net_banking,regular,1,0.62,5,34,51,0
TXN00421,320,technical_error,upi,loyal,3,0.7,2,20,14,1
TXN00422,5709,bank_decline,upi,regular,2,0.75,5,20,25,1
TXN00423,12741,insufficient_funds,credit_card,loyal,2,0.75,5,9,4,0
TXN00424,5043,bank_decline,net_banking,regular,2,0.8,4,46,25,0
TXN00425,11887,insufficient_funds,net_banking,loyal,2,0.64,6,11,72,1
TXN00426,1799,card_expired,debit_card,loyal,2,0.79,4,49,24,0
TXN00427,14938,bank_decline,credit_card,new,2,0.45,6,20,54,0
TXN00428,5628,bank_decline,upi,loyal,2,0.62,0,31,7,0
TXN00429,9761,technical_error,credit_card,regular,1,0.64,6,44,49,0
TXN00430,6968,network_error,debit_card,new,1,0.53,4,58,59,1
TXN00431,14329,insufficient_funds,credit_card,regular,2,0.73,1,21,8,1
TXN00432,4681,insufficient_funds,debit_card,loyal,1,0.63,6,50,12,1
TXN00433,7305,card_expired,net_banking,regular,2,0.56,0,35,26,0
TXN00434,430,bank_decline,debit_card,new,3,0.3,5,16,29,0
TXN00435,5841,bank_decline,debit_card,new,2,0.64,2,11,9,0
TXN00436,5085,bank_decline,net_banking,loyal,3,0.71,2,28,18,0
TXN00437,14968,card_expired,upi,new,1,0.94,6,26,3,1
TXN00438,12113,insufficient_funds,debit_card,loyal,1,0.7,1,8,47,0
TXN00439,13178,network_error,net_banking,loyal,2,0.82,4,4,7,1
TXN00440,10908,network_error,credit_card,loyal,1,0.58,3,8,71,1
TXN00441,11699,insufficient_funds,debit_card,loyal,3,0.73,2,27,13,0
TXN00442,4623,technical_error,debit_card,regular,1,0.65,4,8,37,1
TXN00443,1941,card_expired,debit_card,loyal,1,0.83,6,34,26,0
TXN00444,6913,bank_decline,debit_card,new,3,0.64,1,45,62,0
TXN00445,244,network_error,credit_card,new,3,0.75,1,6,66,1
TXN00446,12055,network_error,upi,loyal,1,0.61,2,17,60,1
TXN00447,13523,insufficient_funds,credit_card,regular,2,0.85,2,28,15,1
TXN00448,12622,network_error,credit_card,new,3,0.74,2,23,57,0
TXN00449,4595,network_error,upi,regular,1,0.38,3,30,35,0
TXN00450,11503,card_expired,net_banking,loyal,1,0.38,5,47,8,0
TXN00451,14033,insufficient_funds,credit_card,regular,3,0.63,4,44,57,0
TXN00452,6421,bank_decline,credit_card,loyal,3,0.96,1,31,63,1
TXN00453,6938,card_expired,credit_card,new,2,0.75,0,46,68,0
TXN00454,9647,technical_error,debit_card,loyal,2,0.65,5,45,13,1
TXN00455,12105,insufficient_funds,net_banking,regular,3,0.76,3,10,72,0
TXN00456,10241,network_error,credit_card,loyal,1,0.64,3,55,64,0
TXN00457,1426,card_expired,upi,new,2,0.96,0,33,29,0
TXN00458,6403,card_expired,debit_card,new,2,0.6,4,29,12,0
TXN00459,7524,bank_decline,credit_card,regular,3,0.74,0,26,53,1
TXN00460,9196,network_error,credit_card,loyal,3,0.73,4,36,27,0
TXN00461,7674,bank_decline,upi,new,1,0.87,2,36,61,0
TXN00462,6152,card_expired,credit_card,new,3,0.45,2,23,38,0
TXN00463,6325,network_error,credit_card,new,2,0.4,5,48,53,1
TXN00464,10208,insufficient_funds,debit_card,new,2,0.45,6,51,25,0
TXN00465,1965,card_expired,credit_card,loyal,3,0.7,6,58,58,0
TXN00466,9855,technical_error,debit_card,regular,1,0.66,0,36,56,0
TXN00467,8112,technical_error,debit_card,loyal,3,0.42,6,9,14,0
TXN00468,10039,technical_error,upi,loyal,2,0.58,4,59,32,1
TXN00469,5817,bank_decline,net_banking,new,1,0.58,5,57,66,0
TXN00470,11693,technical_error,upi,loyal,3,0.94,5,14,26,1
TXN00471,11904,bank_decline,upi,loyal,1,0.97,5,12,65,0
TXN00472,10634,bank_decline,credit_card,regular,3,0.63,4,43,54,0
TXN00473,14845,technical_error,upi,regular,1,0.66,0,25,19,1
TXN00474,1127,insufficient_funds,upi,new,2,0.76,1,54,8,0
TXN00475,5035,insufficient_funds,credit_card,regular,2,0.37,6,44,72,0
TXN00476,12363,technical_error,net_banking,new,3,0.83,6,45,37,0
TXN00477,969,card_expired,net_banking,regular,3,0.51,4,4,2,0
TXN00478,3527,technical_error,net_banking,new,3,0.78,5,24,70,0
TXN00479,3418,insufficient_funds,upi,regular,1,0.97,0,12,23,0
TXN00480,2155,card_expired,credit_card,regular,2,0.68,1,11,33,1
TXN00481,7840,insufficient_funds,credit_card,new,2,0.71,6,60,39,0
TXN00482,9582,technical_error,upi,new,3,0.52,1,12,67,1
TXN00483,8476,insufficient_funds,net_banking,loyal,3,0.57,2,15,28,0
TXN00484,5624,bank_decline,upi,new,3,0.66,4,53,2,0
TXN00485,5868,card_expired,debit_card,loyal,3,0.92,1,3,42,1
TXN00486,13245,network_error,net_banking,regular,3,0.79,0,59,67,0
TXN00487,6343,technical_error,net_banking,regular,1,0.5,5,13,42,0
TXN00488,1772,insufficient_funds,credit_card,loyal,1,0.44,5,50,28,0
TXN00489,7150,network_error,debit_card,loyal,3,0.9,5,50,56,0
TXN00490,1381,insufficient_funds,credit_card,regular,3,0.53,0,5,7,1
TXN00491,4327,technical_error,credit_card,loyal,1,0.92,3,25,58,1
TXN00492,7294,bank_decline,credit_card,regular,3,0.38,0,42,9,0
TXN00493,9794,network_error,credit_card,regular,3,0.37,6,44,39,0
TXN00494,4812,card_expired,net_banking,regular,3,0.32,1,35,29,0
TXN00495,6606,technical_error,upi,loyal,1,0.5,6,56,48,0
TXN00496,382,technical_error,debit_card,new,1,0.3,4,26,69,0
TXN00497,1594,bank_decline,debit_card,loyal,3,0.91,2,14,53,0
TXN00498,14150,technical_error,debit_card,new,1,0.45,6,17,25,1
TXN00499,11193,technical_error,credit_card,loyal,2,0.74,0,19,9,1
TXN00500,3434,technical_error,net_banking,regular,2,0.39,5,16,13,1
TXN00501,1343,insufficient_funds,upi,regular,2,0.52,5,20,20,0
TXN00502,6171,bank_decline,net_banking,new,1,0.51,6,15,56,0
TXN00503,6089,insufficient_funds,upi,regular,2,0.6,6,20,63,0
TXN00504,3079,technical_error,credit_card,regular,1,0.91,1,17,10,1
TXN00505,14816,network_error,credit_card,loyal,3,0.58,4,14,5,0
TXN00506,9104,technical_error,net_banking,loyal,1,0.55,1,58,38,1
TXN00507,8410,technical_error,credit_card,regular,2,0.64,5,16,22,0
TXN00508,2499,card_expired,debit_card,new,3,0.95,5,56,19,0
TXN00509,8121,bank_decline,credit_card,new,2,0.46,2,24,30,1
TXN00510,3587,technical_error,upi,regular,2,0.92,0,3,42,1
TXN00511,8742,bank_decline,upi,loyal,3,0.69,3,42,49,0
TXN00512,10904,network_error,upi,regular,1,0.65,2,53,45,1
TXN00513,8098,technical_error,credit_card,loyal,1,0.6,1,5,66,1
TXN00514,3665,insufficient_funds,debit_card,new,2,0.71,6,8,30,0
TXN00515,5610,network_error,net_banking,loyal,2,0.63,4,11,53,1
TXN00516,906,insufficient_funds,debit_card,new,3,0.65,4,10,8,0
TXN00517,3149,technical_error,net_banking,loyal,3,0.73,5,47,37,0
TXN00518,3748,card_expired,net_banking,regular,1,0.45,3,39,19,0
TXN00519,13642,insufficient_funds,upi,new,3,0.77,3,39,9,0
TXN00520,6515,insufficient_funds,credit_card,new,1,0.66,4,44,54,0
TXN00521,10120,network_error,debit_card,regular,3,0.71,6,35,65,0
TXN00522,1726,card_expired,debit_card,loyal,3,0.86,6,44,56,0
TXN00523,6268,network_error,net_banking,new,2,0.84,3,23,13,1
TXN00524,4370,card_expired,debit_card,new,2,0.71,4,27,33,0
TXN00525,11818,network_error,credit_card,loyal,1,0.56,1,45,41,1
TXN00526,1946,insufficient_funds,net_banking,loyal,3,0.47,6,35,55,0
TXN00527,10225,bank_decline,net_banking,new,2,0.68,4,31,23,0
TXN00528,9291,card_expired,upi,regular,3,0.53,5,26,18,0
TXN00529,11001,network_error,debit_card,regular,3,0.95,0,14,66,1
TXN00530,5744,technical_error,credit_card,new,2,0.96,0,52,12,0
TXN00531,7927,technical_error,net_banking,new,1,0.48,2,6,5,0
TXN00532,6764,technical_error,upi,loyal,3,0.34,6,53,23,0
TXN00533,7392,network_error,debit_card,loyal,3,0.49,0,51,66,1
TXN00534,3995,technical_error,debit_card,loyal,1,0.54,5,1,21,1
TXN00535,4720,card_expired,upi,loyal,2,0.58,1,34,2,0
TXN00536,1324,network_error,upi,loyal,3,0.92,2,23,36,1
TXN00537,3387,card_expired,net_banking,loyal,1,0.48,3,33,14,0
TXN00538,8443,bank_decline,upi,new,3,0.95,4,53,33,0
TXN00539,6378,technical_error,net_banking,new,2,0.95,3,44,59,0
TXN00540,14323,network_error,net_banking,new,2,0.35,5,51,29,0
TXN00541,3967,bank_decline,net_banking,regular,3,0.66,5,54,34,0
TXN00542,1723,card_expired,upi,new,3,0.93,3,21,46,0
TXN00543,9599,bank_decline,debit_card,loyal,3,0.93,1,32,26,1
TXN00544,4165,bank_decline,debit_card,new,1,0.87,6,40,46,1
TXN00545,1947,network_error,credit_card,loyal,3,0.64,0,49,70,0
TXN00546,14093,card_expired,upi,loyal,2,0.63,4,56,36,0
TXN00547,12721,technical_error,upi,regular,1,0.81,1,4,68,0
TXN00548,8036,technical_error,credit_card,loyal,2,0.57,5,50,23,1
TXN00549,2172,technical_error,net_banking,regular,3,0.31,5,14,49,0
TXN00550,5531,bank_decline,upi,new,3,0.48,2,31,44,0
TXN00551,8371,card_expired,debit_card,regular,3,0.81,2,55,52,0
TXN00552,3147,technical_error,debit_card,loyal,3,0.46,0,47,35,0
TXN00553,9298,card_expired,net_banking,new,1,0.84,5,10,61,0
TXN00554,3093,card_expired,net_banking,new,3,0.65,5,21,63,0
TXN00555,9410,technical_error,credit_card,regular,1,0.77,0,14,33,1
TXN00556,10519,network_error,net_banking,loyal,2,0.48,2,36,72,0
TXN00557,4422,bank_decline,credit_card,regular,1,0.54,5,39,26,0
TXN00558,10847,technical_error,debit_card,regular,2,0.52,4,32,58,0
TXN00559,6443,technical_error,upi,regular,3,0.95,6,11,44,1
TXN00560,10232,technical_error,net_banking,new,1,0.41,1,21,41,0
TXN00561,11839,bank_decline,net_banking,regular,2,0.83,2,48,67,0
TXN00562,6982,insufficient_funds,debit_card,new,1,0.79,5,17,11,1
TXN00563,6705,network_error,credit_card,new,2,0.67,0,50,51,1
TXN00564,1563,network_error,upi,loyal,1,0.36,3,20,30,1
TXN00565,4855,card_expired,debit_card,new,3,0.87,0,3,46,0
TXN00566,5528,card_expired,net_banking,loyal,2,0.67,1,45,70,1
TXN00567,9990,card_expired,net_banking,loyal,3,0.73,2,59,45,0
TXN00568,3921,network_error,net_banking,regular,2,0.58,1,20,2,1
TXN00569,13559,insufficient_funds,upi,regular,2,0.66,5,60,63,0
TXN00570,8016,bank_decline,credit_card,regular,2,0.71,6,1,71,0
TXN00571,6945,technical_error,net_banking,regular,1,0.41,5,42,50,0
TXN00572,3814,bank_decline,credit_card,regular,3,0.46,6,52,35,0
TXN00573,12372,technical_error,upi,regular,1,0.88,1,9,38,1
TXN00574,7660,technical_error,net_banking,regular,3,0.72,1,21,3,1
TXN00575,8964,network_error,debit_card,new,2,0.48,5,29,2,1
TXN00576,2668,network_error,net_banking,new,2,0.59,6,52,64,0
TXN00577,7797,network_error,upi,new,1,0.34,6,26,10,0
TXN00578,3175,insufficient_funds,upi,regular,1,0.38,6,46,32,0
TXN00579,7457,insufficient_funds,credit_card,new,2,0.8,0,34,27,0
TXN00580,11364,bank_decline,upi,new,3,0.8,5,60,71,0
TXN00581,4350,card_expired,upi,new,2,0.9,6,43,28,0
TXN00582,4066,card_expired,upi,new,1,0.84,4,8,51,0
TXN00583,346,network_error,net_banking,loyal,3,0.41,6,6,32,1
TXN00584,1697,technical_error,upi,loyal,1,0.34,5,10,69,0
TXN00585,2261,card_expired,debit_card,regular,3,0.84,6,23,57,0
TXN00586,549,card_expired,upi,loyal,1,0.47,0,32,57,0
TXN00587,9092,card_expired,debit_card,loyal,1,0.67,2,47,60,1
TXN00588,13820,technical_error,debit_card,new,3,0.41,2,53,34,0
TXN00589,7639,network_error,net_banking,loyal,1,0.9,4,55,47,1
TXN00590,4112,bank_decline,credit_card,loyal,3,0.86,1,34,64,0
TXN00591,2725,technical_error,upi,regular,2,0.74,0,7,67,1
TXN00592,917,insufficient_funds,debit_card,new,1,0.37,1,7,5,0
TXN00593,13901,card_expired,net_banking,loyal,3,0.78,2,4,47,1
TXN00594,11961,network_error,credit_card,new,3,0.63,6,6,60,0
TXN00595,1194,bank_decline,net_banking,regular,3,0.34,4,18,68,1
TXN00596,1353,bank_decline,credit_card,new,3,0.37,5,15,69,0
TXN00597,3364,technical_error,debit_card,loyal,3,0.94,4,48,72,1
TXN00598,1928,technical_error,upi,loyal,2,0.78,3,57,14,1
TXN00599,3155,technical_error,net_banking,loyal,2,0.75,4,39,57,0
TXN00600,14986,bank_decline,upi,regular,2,0.82,3,53,42,0
TXN00601,9426,technical_error,debit_card,regular,3,0.93,2,24,58,1
TXN00602,6705,network_error,credit_card,regular,3,0.31,1,57,39,1
TXN00603,3835,insufficient_funds,upi,new,3,0.86,4,33,72,0
TXN00604,9565,insufficient_funds,credit_card,new,2,0.54,1,17,47,0
TXN00605,4293,insufficient_funds,upi,regular,1,0.69,4,59,28,0
TXN00606,12055,bank_decline,net_banking,new,2,0.86,5,45,13,0
TXN00607,5121,network_error,net_banking,new,1,0.93,2,23,56,1
TXN00608,14418,network_error,debit_card,loyal,3,0.88,0,41,49,1
TXN00609,8791,network_error,upi,loyal,3,0.4,4,45,29,1
TXN00610,11236,card_expired,net_banking,loyal,3,0.64,1,28,38,0
TXN00611,2625,insufficient_funds,upi,new,2,0.69,0,36,52,1
TXN00612,6729,technical_error,net_banking,loyal,1,0.82,3,36,26,1
TXN00613,10886,technical_error,debit_card,loyal,3,0.98,4,16,32,1
TXN00614,12926,card_expired,upi,loyal,3,0.36,5,27,55,0
TXN00615,3320,bank_decline,upi,loyal,3,0.32,2,11,45,0
TXN00616,13353,card_expired,debit_card,regular,1,0.93,1,13,48,1
TXN00617,12135,network_error,credit_card,loyal,1,0.47,4,60,19,0
TXN00618,13637,bank_decline,credit_card,regular,3,0.85,2,29,61,1
TXN00619,3624,technical_error,debit_card,new,3,0.66,2,36,62,0
TXN00620,2515,network_error,net_banking,loyal,3,0.66,2,11,8,1
TXN00621,13130,technical_error,upi,new,2,0.75,0,5,50,0
TXN00622,11062,bank_decline,credit_card,new,2,0.89,5,25,30,0
TXN00623,8531,network_error,upi,regular,3,0.66,1,13,65,0
TXN00624,9386,network_error,credit_card,new,3,0.51,3,26,21,1
TXN00625,11411,bank_decline,upi,loyal,2,0.46,4,18,8,0
TXN00626,14596,card_expired,credit_card,loyal,2,0.45,2,58,51,0
TXN00627,1638,card_expired,debit_card,regular,1,0.69,3,20,43,0
TXN00628,2358,insufficient_funds,debit_card,loyal,3,0.77,1,56,18,1
TXN00629,11752,technical_error,debit_card,regular,1,0.75,4,59,21,1
TXN00630,9331,technical_error,credit_card,new,2,0.87,1,47,4,0
TXN00631,14620,card_expired,net_banking,regular,2,0.81,6,58,36,0
TXN00632,3279,network_error,debit_card,new,1,0.82,4,40,35,1
TXN00633,10232,insufficient_funds,debit_card,new,3,0.32,0,45,62,0
TXN00634,14063,technical_error,net_banking,loyal,3,0.55,6,25,63,0
TXN00635,2883,insufficient_funds,debit_card,new,2,0.82,0,60,35,0
TXN00636,3846,insufficient_funds,debit_card,new,1,0.93,3,56,63,0
TXN00637,14401,card_expired,debit_card,regular,2,0.83,4,48,49,0
TXN00638,6657,technical_error,credit_card,loyal,1,0.61,6,57,6,0
TXN00639,4225,technical_error,net_banking,loyal,1,0.68,4,49,7,1
TXN00640,7401,card_expired,upi,regular,2,0.41,2,40,7,0
TXN00641,2530,card_expired,net_banking,new,3,0.64,1,50,70,0
TXN00642,6975,bank_decline,net_banking,new,1,0.61,5,58,26,0
TXN00643,1677,bank_decline,upi,loyal,3,0.92,6,11,16,1
TXN00644,11770,card_expired,upi,new,3,0.78,5,51,66,0
TXN00645,2819,card_expired,net_banking,new,1,0.92,4,56,20,1
TXN00646,2569,insufficient_funds,credit_card,regular,2,0.51,6,29,37,0
TXN00647,2126,insufficient_funds,debit_card,new,3,0.82,0,30,64,0
TXN00648,9104,network_error,net_banking,new,1,0.7,3,30,53,1
TXN00649,10050,technical_error,credit_card,new,3,0.49,5,36,27,1
TXN00650,2629,network_error,upi,new,1,0.88,5,37,39,1
TXN00651,1636,network_error,credit_card,regular,1,0.41,2,40,72,1
TXN00652,7660,technical_error,upi,new,1,0.82,2,24,49,0
TXN00653,12626,card_expired,credit_card,regular,2,0.39,5,56,36,0
TXN00654,6979,technical_error,debit_card,loyal,1,0.72,0,37,68,0
TXN00655,8124,technical_error,upi,regular,3,0.88,2,34,46,0
TXN00656,10264,technical_error,net_banking,loyal,3,0.73,3,52,24,0
TXN00657,4012,bank_decline,debit_card,new,1,0.32,5,51,16,0
TXN00658,3596,technical_error,net_banking,regular,1,0.53,4,52,28,1
TXN00659,3496,bank_decline,upi,new,2,0.5,4,21,1,0
TXN00660,5660,bank_decline,net_banking,loyal,3,0.72,0,54,23,1
TXN00661,13861,bank_decline,net_banking,regular,1,0.74,3,10,59,0
TXN00662,8997,bank_decline,net_banking,regular,3,0.34,4,20,41,0
TXN00663,506,insufficient_funds,upi,regular,1,0.96,2,54,4,1
TXN00664,6347,technical_error,debit_card,loyal,3,0.56,4,8,40,0
TXN00665,5352,network_error,upi,regular,1,0.64,1,24,58,0
TXN00666,5158,insufficient_funds,upi,new,1,0.55,0,50,26,0
TXN00667,7470,technical_error,credit_card,regular,3,0.4,2,60,62,0
TXN00668,8779,bank_decline,upi,new,1,0.86,4,44,17,1
TXN00669,798,card_expired,net_banking,loyal,3,0.38,2,60,6,0
TXN00670,9936,network_error,upi,regular,1,0.37,6,43,40,1
TXN00671,12627,bank_decline,debit_card,regular,1,0.43,2,35,41,0
TXN00672,11195,network_error,upi,new,1,0.49,0,40,72,1
TXN00673,3584,technical_error,upi,loyal,2,0.48,5,52,37,0
TXN00674,3006,network_error,upi,loyal,2,0.67,0,9,4,1
TXN00675,11267,network_error,credit_card,regular,1,0.36,3,12,58,0
TXN00676,5319,bank_decline,debit_card,loyal,3,0.85,0,60,60,0
TXN00677,1722,card_expired,credit_card,regular,2,0.77,5,50,60,0
TXN00678,3866,insufficient_funds,upi,regular,2,0.42,5,22,42,0
TXN00679,695,network_error,net_banking,new,2,0.63,6,11,37,0
TXN00680,10103,technical_error,debit_card,loyal,1,0.58,5,51,14,1
TXN00681,10840,network_error,upi,loyal,2,0.57,3,16,32,1
TXN00682,8103,card_expired,credit_card,regular,1,0.85,4,28,56,0
TXN00683,5806,technical_error,debit_card,new,3,0.76,5,60,63,1
TXN00684,9966,card_expired,upi,loyal,1,0.86,1,20,52,1
TXN00685,1981,technical_error,net_banking,regular,2,0.74,0,6,28,0
TXN00686,14736,technical_error,credit_card,new,3,0.4,4,19,50,0
TXN00687,7526,insufficient_funds,debit_card,loyal,2,0.5,6,59,39,0
TXN00688,7322,bank_decline,credit_card,loyal,1,0.72,4,26,17,0
TXN00689,1222,bank_decline,credit_card,new,3,0.68,2,8,37,0
TXN00690,4054,card_expired,net_banking,loyal,2,0.78,3,25,56,0
TXN00691,11054,insufficient_funds,net_banking,new,1,0.68,6,60,47,0
TXN00692,2727,bank_decline,debit_card,new,1,0.35,0,10,63,0
TXN00693,2424,network_error,debit_card,loyal,2,0.88,6,45,55,1
TXN00694,7644,technical_error,net_banking,loyal,2,0.56,1,12,55,1
TXN00695,9668,card_expired,debit_card,loyal,3,0.48,4,37,47,1
TXN00696,820,technical_error,net_banking,loyal,2,0.38,3,45,11,1
TXN00697,12181,technical_error,upi,regular,3,0.35,4,6,32,0
TXN00698,12351,network_error,upi,loyal,1,0.91,4,50,2,1
TXN00699,8599,card_expired,upi,regular,2,0.95,6,19,38,1
TXN00700,11587,technical_error,upi,loyal,3,0.48,5,31,22,0
TXN00701,10953,bank_decline,credit_card,regular,2,0.36,4,5,36,0
TXN00702,10289,bank_decline,upi,regular,1,0.8,4,12,20,0
TXN00703,6258,insufficient_funds,upi,loyal,1,0.63,6,34,5,0
TXN00704,1582,insufficient_funds,debit_card,regular,2,0.82,1,43,57,0
TXN00705,2940,insufficient_funds,upi,new,3,0.48,6,8,7,0
TXN00706,6733,card_expired,upi,regular,3,0.94,4,15,49,0
TXN00707,6590,card_expired,upi,new,3,0.89,0,19,58,0
TXN00708,5372,technical_error,credit_card,new,3,0.73,6,28,35,0
TXN00709,4575,network_error,upi,loyal,3,0.57,6,44,31,0
TXN00710,9845,insufficient_funds,upi,loyal,3,0.98,2,36,2,0
TXN00711,13826,network_error,credit_card,regular,1,0.66,5,29,45,1
TXN00712,4841,bank_decline,debit_card,new,1,0.72,0,39,28,0
TXN00713,10654,network_error,credit_card,new,3,0.39,5,49,24,0
TXN00714,11597,insufficient_funds,upi,regular,2,0.75,0,41,59,0
TXN00715,4728,card_expired,upi,regular,1,0.83,2,50,8,1
TXN00716,5650,network_error,upi,regular,1,0.6,3,60,26,1
TXN00717,3123,card_expired,credit_card,new,3,0.82,1,40,14,0
TXN00718,11921,bank_decline,credit_card,new,1,0.35,5,17,58,1
TXN00719,8354,insufficient_funds,credit_card,new,3,0.57,1,45,43,0
TXN00720,9614,network_error,net_banking,regular,2,0.57,5,50,9,0
TXN00721,254,card_expired,net_banking,new,3,0.66,2,22,39,0
TXN00722,10559,network_error,upi,loyal,2,0.35,3,49,38,0
TXN00723,3093,technical_error,credit_card,regular,3,0.43,5,25,14,0
TXN00724,6086,card_expired,credit_card,loyal,2,0.8,1,3,25,1
TXN00725,9914,insufficient_funds,net_banking,regular,1,0.84,5,20,64,0
TXN00726,13868,card_expired,credit_card,new,2,0.34,6,47,6,0
TXN00727,3668,technical_error,net_banking,loyal,3,0.4,4,15,10,1
TXN00728,2519,card_expired,credit_card,regular,3,0.33,5,42,17,1
TXN00729,10565,network_error,upi,new,2,0.72,6,38,9,0
TXN00730,1942,network_error,net_banking,loyal,3,0.45,6,13,55,1
TXN00731,13895,card_expired,upi,new,3,0.69,1,21,28,0
TXN00732,9917,insufficient_funds,upi,new,1,0.49,6,27,22,0
TXN00733,9267,insufficient_funds,net_banking,new,3,0.33,0,51,49,0
TXN00734,456,card_expired,credit_card,new,1,0.42,0,46,37,0
TXN00735,13428,card_expired,debit_card,new,1,0.74,4,29,53,0
TXN00736,3059,technical_error,credit_card,loyal,1,0.79,4,6,39,1
TXN00737,274,technical_error,debit_card,new,1,0.97,0,40,47,0
TXN00738,9042,technical_error,debit_card,regular,3,0.75,2,4,25,1
TXN00739,2644,card_expired,net_banking,new,1,0.76,0,4,47,1
TXN00740,7321,bank_decline,upi,loyal,2,0.33,5,4,69,0
TXN00741,13069,network_error,net_banking,loyal,1,0.35,1,47,57,1
TXN00742,5540,card_expired,debit_card,loyal,3,0.91,1,50,15,1
TXN00743,1806,insufficient_funds,net_banking,new,2,0.91,0,31,63,1
TXN00744,7341,insufficient_funds,debit_card,loyal,2,0.42,2,9,59,0
TXN00745,10555,bank_decline,upi,new,2,0.39,5,37,8,0
TXN00746,2020,card_expired,net_banking,regular,1,0.82,1,57,38,0
TXN00747,13135,technical_error,debit_card,loyal,3,0.88,0,27,67,1
TXN00748,3746,technical_error,net_banking,regular,2,0.31,3,48,32,1
TXN00749,7314,technical_error,debit_card,loyal,1,0.92,0,27,6,1
TXN00750,7911,technical_error,credit_card,regular,3,0.57,6,52,13,0
TXN00751,4140,network_error,credit_card,loyal,3,0.58,1,9,46,1
TXN00752,10810,network_error,credit_card,regular,3,0.51,5,30,4,0
TXN00753,7798,insufficient_funds,net_banking,new,2,0.73,5,41,1,0
TXN00754,1358,card_expired,upi,loyal,1,0.5,6,18,70,0
TXN00755,3593,network_error,upi,loyal,1,0.65,5,24,7,1
TXN00756,6189,card_expired,credit_card,regular,2,0.42,4,46,9,0
TXN00757,12874,insufficient_funds,debit_card,regular,1,0.67,5,31,27,0
TXN00758,12666,insufficient_funds,upi,regular,2,0.64,3,18,7,1
TXN00759,5856,card_expired,net_banking,loyal,3,0.86,3,46,69,0
TXN00760,8930,bank_decline,net_banking,loyal,2,0.84,5,52,9,1
TXN00761,14683,card_expired,credit_card,new,2,0.91,2,5,14,1
TXN00762,2035,insufficient_funds,net_banking,new,1,0.65,5,2,38,0
TXN00763,11380,technical_error,debit_card,regular,2,0.59,5,42,3,1
TXN00764,1231,network_error,debit_card,loyal,3,0.53,4,22,42,1
TXN00765,11109,technical_error,net_banking,regular,2,0.69,6,20,22,0
TXN00766,3915,card_expired,upi,regular,1,0.4,2,30,22,0
TXN00767,2834,technical_error,upi,new,1,0.87,5,58,20,1
TXN00768,2115,network_error,upi,loyal,1,0.6,2,12,27,1
TXN00769,768,bank_decline,upi,new,2,0.6,1,35,39,1
TXN00770,608,card_expired,net_banking,new,2,0.93,1,1,70,0
TXN00771,5627,bank_decline,net_banking,regular,3,0.75,6,37,57,0
TXN00772,2040,card_expired,credit_card,new,3,0.67,2,2,52,0
TXN00773,3810,card_expired,upi,new,2,0.34,5,13,68,0
TXN00774,12768,bank_decline,debit_card,new,1,0.67,3,44,12,0
TXN00775,6662,insufficient_funds,net_banking,regular,3,0.71,0,59,47,0
TXN00776,11930,card_expired,upi,regular,2,0.31,2,23,40,0
TXN00777,14524,technical_error,credit_card,new,3,0.9,5,27,57,1
TXN00778,13400,card_expired,net_banking,new,3,0.71,1,14,39,0
TXN00779,14413,technical_error,upi,new,3,0.81,0,1,53,0
TXN00780,4678,card_expired,debit_card,loyal,2,0.78,6,59,18,1
TXN00781,13836,card_expired,upi,loyal,2,0.33,6,20,39,0
TXN00782,12321,card_expired,debit_card,new,1,0.4,2,41,61,0
TXN00783,11110,bank_decline,net_banking,new,2,0.92,5,16,4,1
TXN00784,4741,card_expired,credit_card,loyal,3,0.55,3,37,56,0
TXN00785,10489,card_expired,credit_card,regular,3,0.8,0,55,34,1
TXN00786,1158,insufficient_funds,upi,regular,3,0.39,1,4,35,0
TXN00787,10624,bank_decline,credit_card,regular,2,0.66,0,33,25,0
TXN00788,3202,network_error,debit_card,loyal,2,0.89,6,55,39,1
TXN00789,11635,bank_decline,credit_card,loyal,3,0.54,1,1,18,0
TXN00790,6311,card_expired,net_banking,regular,1,0.37,1,33,29,0
TXN00791,13227,technical_error,credit_card,regular,2,0.92,0,53,17,0
TXN00792,8056,bank_decline,upi,loyal,2,0.39,3,57,67,0
TXN00793,5804,insufficient_funds,upi,new,3,0.85,1,9,19,0
TXN00794,5236,insufficient_funds,debit_card,new,1,0.59,6,51,15,1
TXN00795,12892,card_expired,net_banking,new,1,0.37,6,43,66,0
TXN00796,7885,network_error,upi,new,1,0.51,0,49,13,0
TXN00797,10059,insufficient_funds,debit_card,new,3,0.54,0,10,36,0
TXN00798,5898,bank_decline,debit_card,loyal,3,0.72,4,37,9,1
TXN00799,9672,network_error,debit_card,loyal,1,0.96,1,58,69,1
TXN00800,12084,network_error,debit_card,loyal,3,0.62,5,38,24,1
TXN00801,1958,insufficient_funds,upi,regular,2,0.45,1,27,15,0
TXN00802,5349,network_error,net_banking,new,3,0.39,6,24,37,0
TXN00803,865,network_error,upi,regular,1,0.56,3,39,40,0
TXN00804,13980,card_expired,debit_card,loyal,2,0.5,6,28,25,0
TXN00805,14859,card_expired,upi,new,1,0.98,3,44,14,0
TXN00806,8763,network_error,credit_card,new,2,0.57,4,7,22,1
TXN00807,3461,bank_decline,debit_card,loyal,2,0.38,6,28,64,0
TXN00808,11889,technical_error,upi,loyal,2,0.54,5,39,52,0
TXN00809,8579,bank_decline,debit_card,regular,1,0.38,3,32,30,0
TXN00810,2405,network_error,credit_card,loyal,1,0.86,3,44,4,0
TXN00811,6469,technical_error,upi,new,2,0.72,0,49,10,0
TXN00812,8718,card_expired,net_banking,new,2,0.75,3,33,34,0
TXN00813,13462,technical_error,credit_card,new,2,0.9,0,25,58,1
TXN00814,6365,card_expired,net_banking,new,1,0.42,5,56,39,0
TXN00815,2889,card_expired,net_banking,new,2,0.79,3,49,15,0
TXN00816,8237,technical_error,net_banking,regular,3,0.88,4,4,51,1
TXN00817,9883,card_expired,upi,regular,2,0.34,4,3,17,0
TXN00818,5915,technical_error,credit_card,loyal,2,0.56,3,23,46,1
TXN00819,1124,insufficient_funds,debit_card,new,3,0.51,0,59,9,0
TXN00820,2075,bank_decline,debit_card,new,3,0.52,3,43,55,0
TXN00821,14968,card_expired,upi,new,3,0.62,0,21,49,0
TXN00822,5482,technical_error,credit_card,regular,1,0.77,1,22,64,1
TXN00823,12732,bank_decline,debit_card,loyal,2,0.55,3,13,64,0
TXN00824,13096,network_error,debit_card,regular,2,0.33,4,26,29,0
TXN00825,1706,technical_error,credit_card,loyal,2,0.49,4,52,68,1
TXN00826,3636,bank_decline,credit_card,loyal,2,0.64,2,28,70,1
TXN00827,6988,card_expired,upi,loyal,3,0.61,6,36,24,0
TXN00828,10486,technical_error,debit_card,loyal,2,0.44,6,48,60,1
TXN00829,10651,technical_error,net_banking,loyal,3,0.73,4,13,47,1
TXN00830,4138,insufficient_funds,upi,regular,2,0.52,6,59,9,0
TXN00831,14060,card_expired,upi,regular,3,0.41,5,39,31,0
TXN00832,2060,insufficient_funds,debit_card,new,1,0.84,2,30,63,0
TXN00833,7345,card_expired,credit_card,new,1,0.49,0,17,36,0
TXN00834,3083,network_error,net_banking,new,1,0.88,0,21,39,0
TXN00835,14955,card_expired,upi,loyal,3,0.9,3,54,18,1
TXN00836,9554,technical_error,credit_card,loyal,3,0.86,6,60,68,1
TXN00837,14692,network_error,debit_card,loyal,1,0.83,2,22,50,1
TXN00838,12389,insufficient_funds,net_banking,new,1,0.37,1,18,57,0
TXN00839,14337,technical_error,credit_card,regular,3,0.55,0,21,70,1
TXN00840,11385,insufficient_funds,upi,new,2,0.62,2,53,40,1
TXN00841,10125,network_error,credit_card,loyal,3,0.46,4,25,40,0
TXN00842,11678,bank_decline,credit_card,loyal,1,0.88,3,1,51,0
TXN00843,4386,bank_decline,credit_card,new,2,0.44,1,59,57,0
TXN00844,14609,card_expired,credit_card,regular,1,0.86,3,31,53,0
TXN00845,5651,card_expired,credit_card,new,3,0.48,0,23,54,0
TXN00846,13527,technical_error,upi,regular,3,0.32,0,42,24,0
TXN00847,13160,insufficient_funds,credit_card,regular,1,0.73,2,37,11,1
TXN00848,4289,technical_error,debit_card,loyal,3,0.58,2,29,62,0
TXN00849,2387,bank_decline,debit_card,loyal,3,0.86,6,19,26,1
TXN00850,6222,insufficient_funds,net_banking,regular,3,0.45,0,60,72,0
TXN00851,10466,insufficient_funds,credit_card,regular,1,0.48,6,11,7,0
TXN00852,7227,technical_error,upi,new,1,0.95,1,37,16,1
TXN00853,8815,card_expired,net_banking,loyal,2,0.38,5,14,25,0
TXN00854,13526,bank_decline,upi,loyal,2,0.56,3,55,27,0
TXN00855,13701,bank_decline,debit_card,regular,1,0.58,1,2,38,0
TXN00856,4058,technical_error,net_banking,new,2,0.7,5,30,11,1
TXN00857,2382,bank_decline,net_banking,loyal,1,0.79,5,28,33,1
TXN00858,9325,network_error,credit_card,regular,1,0.62,2,39,6,1
TXN00859,8466,technical_error,net_banking,regular,2,0.76,1,58,72,1
TXN00860,3138,bank_decline,debit_card,loyal,2,0.93,3,9,12,1
TXN00861,8890,card_expired,debit_card,regular,1,0.51,1,32,36,0
TXN00862,7246,bank_decline,upi,loyal,2,0.65,3,58,22,1
TXN00863,8249,insufficient_funds,net_banking,new,1,0.4,1,12,5,0
TXN00864,2879,card_expired,net_banking,new,2,0.33,2,46,72,0
TXN00865,8277,network_error,debit_card,new,2,0.36,6,19,24,0
TXN00866,12486,technical_error,upi,loyal,3,0.7,4,1,68,0
TXN00867,3158,card_expired,credit_card,new,2,0.76,2,2,37,0
TXN00868,11351,network_error,net_banking,regular,3,0.93,0,54,42,1
TXN00869,1528,card_expired,net_banking,regular,3,0.95,4,43,1,0
TXN00870,918,technical_error,net_banking,regular,3,0.98,6,37,17,1
TXN00871,997,bank_decline,upi,new,3,0.35,4,25,12,0
TXN00872,3116,insufficient_funds,net_banking,new,1,0.88,1,25,52,1
TXN00873,12529,insufficient_funds,credit_card,regular,2,0.84,5,52,40,0
TXN00874,10087,insufficient_funds,upi,loyal,1,0.87,4,13,63,1
TXN00875,6558,card_expired,upi,loyal,3,0.59,6,28,48,0
TXN00876,7312,card_expired,credit_card,new,3,0.53,3,44,29,0
TXN00877,11892,insufficient_funds,net_banking,loyal,3,0.74,0,19,60,1
TXN00878,13332,card_expired,upi,new,1,0.77,2,54,32,0
TXN00879,5041,technical_error,credit_card,loyal,1,0.92,4,7,66,1
TXN00880,1748,card_expired,upi,regular,2,0.7,6,33,3,0
TXN00881,11039,card_expired,debit_card,new,2,0.33,3,57,39,0
TXN00882,12063,card_expired,net_banking,loyal,2,0.53,6,52,24,0
TXN00883,1481,technical_error,upi,loyal,1,0.59,0,1,51,1
TXN00884,3013,card_expired,net_banking,loyal,2,0.89,5,39,63,1
TXN00885,13522,technical_error,upi,loyal,3,0.95,5,26,39,1
TXN00886,2413,network_error,debit_card,new,1,0.77,1,55,4,1
TXN00887,10827,insufficient_funds,debit_card,regular,3,0.88,4,13,12,0
TXN00888,7792,insufficient_funds,net_banking,regular,1,0.38,1,48,57,0
TXN00889,7924,network_error,net_banking,loyal,1,0.44,4,54,51,1
TXN00890,329,network_error,net_banking,regular,2,0.8,4,47,71,0
TXN00891,806,card_expired,net_banking,regular,3,0.7,4,60,63,0
TXN00892,1194,technical_error,credit_card,regular,3,0.51,0,18,54,0
TXN00893,2115,card_expired,upi,regular,3,0.6,1,19,25,0
TXN00894,7378,insufficient_funds,debit_card,loyal,3,0.53,4,55,60,1
TXN00895,5006,card_expired,net_banking,loyal,3,0.8,6,31,21,0
TXN00896,4827,network_error,net_banking,new,1,0.44,4,32,13,0
TXN00897,8289,bank_decline,debit_card,new,3,0.33,0,23,34,0
TXN00898,2798,insufficient_funds,credit_card,new,2,0.59,4,15,16,0
TXN00899,8168,bank_decline,upi,regular,1,0.82,4,18,20,0
TXN00900,14514,technical_error,credit_card,loyal,1,0.93,3,52,59,0
TXN00901,12582,network_error,credit_card,loyal,3,0.83,0,53,72,1
TXN00902,1927,insufficient_funds,credit_card,new,2,0.41,2,46,57,0
TXN00903,8365,network_error,debit_card,loyal,2,0.53,1,8,26,1
TXN00904,7011,network_error,debit_card,regular,2,0.49,1,6,35,1
TXN00905,12567,card_expired,upi,loyal,3,0.47,6,49,68,0
TXN00906,3938,insufficient_funds,net_banking,regular,2,0.91,6,34,47,0
TXN00907,7451,insufficient_funds,credit_card,loyal,3,0.94,0,22,41,1
TXN00908,12854,insufficient_funds,net_banking,new,2,0.82,5,60,20,0
TXN00909,1147,technical_error,upi,regular,2,0.9,5,36,39,0
TXN00910,5339,bank_decline,credit_card,regular,3,0.72,1,45,52,0
TXN00911,3560,technical_error,net_banking,loyal,2,0.9,6,42,52,0
TXN00912,14633,bank_decline,credit_card,new,3,0.53,5,47,17,0
TXN00913,9060,bank_decline,debit_card,new,3,0.68,4,22,21,1
TXN00914,14786,technical_error,upi,new,2,0.79,4,8,8,0
TXN00915,4455,technical_error,upi,new,1,0.81,0,29,39,1
TXN00916,285,card_expired,upi,new,3,0.97,4,46,69,0
TXN00917,4031,bank_decline,upi,regular,3,0.83,5,37,18,0
TXN00918,8714,insufficient_funds,credit_card,regular,3,0.7,6,50,47,0
TXN00919,2601,card_expired,net_banking,new,1,0.34,1,31,28,0
TXN00920,6250,technical_error,net_banking,loyal,3,0.65,3,56,34,0
TXN00921,10627,card_expired,net_banking,loyal,2,0.8,3,53,21,1
TXN00922,2282,card_expired,net_banking,new,3,0.65,4,8,28,0
TXN00923,734,insufficient_funds,upi,new,3,0.88,0,8,48,0
TXN00924,859,technical_error,debit_card,new,2,0.51,2,20,38,0
TXN00925,13163,insufficient_funds,debit_card,loyal,2,0.33,2,57,37,1
TXN00926,13620,card_expired,credit_card,new,3,0.54,6,3,54,0
TXN00927,5274,technical_error,net_banking,regular,2,0.62,5,54,17,0
TXN00928,8470,card_expired,net_banking,loyal,2,0.4,5,21,12,0
TXN00929,11087,technical_error,net_banking,regular,1,0.91,2,35,6,0
TXN00930,14782,card_expired,upi,loyal,1,0.89,5,2,40,0
TXN00931,2228,technical_error,credit_card,new,3,0.67,6,4,67,1
TXN00932,7996,technical_error,credit_card,new,3,0.94,1,2,36,0
TXN00933,4218,technical_error,net_banking,new,3,0.71,3,38,6,0
TXN00934,581,bank_decline,net_banking,new,2,0.32,4,21,49,0
TXN00935,2078,network_error,debit_card,regular,1,0.42,6,6,20,1
TXN00936,6872,insufficient_funds,credit_card,loyal,2,0.42,5,4,39,0
TXN00937,5443,insufficient_funds,net_banking,regular,2,0.56,6,58,16,1
TXN00938,4125,technical_error,debit_card,regular,3,0.81,3,8,35,1
TXN00939,7815,technical_error,net_banking,new,2,0.32,5,15,3,0
TXN00940,9803,network_error,debit_card,loyal,3,0.83,2,37,53,1
TXN00941,14065,technical_error,debit_card,new,2,0.67,1,51,32,1
TXN00942,7142,technical_error,net_banking,new,1,0.85,6,40,38,0
TXN00943,2942,network_error,credit_card,regular,2,0.71,6,44,49,0
TXN00944,14002,insufficient_funds,upi,new,1,0.8,4,5,39,1
TXN00945,11643,network_error,debit_card,loyal,3,0.98,3,14,65,0
TXN00946,5415,bank_decline,upi,loyal,2,0.49,5,21,44,0
TXN00947,10022,bank_decline,credit_card,loyal,1,0.74,0,39,61,1
TXN00948,356,insufficient_funds,net_banking,loyal,3,0.78,6,26,69,1
TXN00949,14564,network_error,credit_card,loyal,2,0.76,2,53,49,0
TXN00950,6064,card_expired,debit_card,loyal,1,0.38,2,60,25,0
TXN00951,3829,network_error,upi,loyal,3,0.54,0,53,39,0
TXN00952,3823,insufficient_funds,net_banking,regular,1,0.49,5,46,27,1
TXN00953,13653,card_expired,credit_card,regular,3,0.64,1,36,25,0
TXN00954,9468,technical_error,debit_card,new,3,0.39,0,9,34,0
TXN00955,14216,insufficient_funds,upi,new,3,0.32,5,44,69,0
TXN00956,11352,technical_error,net_banking,new,2,0.74,5,4,42,1
TXN00957,6866,bank_decline,credit_card,loyal,3,0.62,2,34,6,0
TXN00958,3878,network_error,upi,regular,3,0.61,0,26,25,1
TXN00959,14619,technical_error,credit_card,loyal,1,0.97,3,5,32,1
TXN00960,5594,bank_decline,credit_card,loyal,3,0.37,3,28,4,0
TXN00961,10461,bank_decline,upi,new,1,0.62,2,54,7,0
TXN00962,8714,insufficient_funds,credit_card,loyal,3,0.6,0,41,58,0
TXN00963,1601,network_error,credit_card,regular,2,0.91,5,5,17,1
TXN00964,13346,card_expired,credit_card,regular,3,0.73,0,7,8,0
TXN00965,5031,card_expired,net_banking,new,3,0.81,1,56,2,0
TXN00966,7805,card_expired,credit_card,regular,3,0.94,6,2,59,0
TXN00967,9830,insufficient_funds,credit_card,new,1,0.7,0,38,25,0
TXN00968,2264,technical_error,upi,regular,2,0.63,4,29,24,1
TXN00969,13258,network_error,credit_card,new,2,0.7,4,42,46,1
TXN00970,14703,technical_error,debit_card,new,2,0.51,2,19,48,0
TXN00971,8681,technical_error,debit_card,new,1,0.64,6,36,7,1
TXN00972,3401,insufficient_funds,debit_card,new,2,0.43,3,45,60,0
TXN00973,5625,technical_error,upi,loyal,2,0.58,1,7,59,0
TXN00974,891,card_expired,debit_card,new,3,0.45,1,30,28,0
TXN00975,12235,bank_decline,net_banking,new,2,0.43,0,24,2,1
TXN00976,691,technical_error,credit_card,new,2,0.6,5,38,47,1
TXN00977,686,insufficient_funds,debit_card,regular,1,0.45,2,47,23,0
TXN00978,9285,insufficient_funds,debit_card,new,1,0.42,2,59,13,1
TXN00979,11299,insufficient_funds,net_banking,loyal,1,0.53,1,20,59,1
TXN00980,13462,bank_decline,debit_card,loyal,3,0.9,5,5,16,1
TXN00981,2342,insufficient_funds,debit_card,loyal,2,0.77,2,39,55,0
TXN00982,4206,network_error,debit_card,loyal,2,0.84,2,16,7,1
TXN00983,4788,insufficient_funds,net_banking,new,3,0.36,3,51,9,0
TXN00984,6558,technical_error,upi,regular,3,0.62,2,46,48,0
TXN00985,8118,card_expired,net_banking,regular,3,0.57,6,38,5,0
TXN00986,14861,insufficient_funds,net_banking,new,2,0.45,3,57,49,0
TXN00987,14002,bank_decline,upi,loyal,1,0.39,0,19,57,0
TXN00988,3971,technical_error,credit_card,regular,3,0.72,3,29,60,1
TXN00989,6221,card_expired,upi,regular,2,0.32,3,15,34,0
TXN00990,6083,network_error,upi,loyal,3,0.67,0,51,36,0
TXN00991,1812,network_error,credit_card,regular,1,0.67,2,13,43,1
TXN00992,12409,bank_decline,debit_card,loyal,3,0.98,6,49,70,0
TXN00993,339,bank_decline,upi,regular,2,0.94,6,38,2,0
TXN00994,8599,insufficient_funds,net_banking,new,1,0.79,1,31,30,0
TXN00995,13077,technical_error,net_banking,loyal,2,0.53,0,21,25,1
TXN00996,11635,card_expired,debit_card,regular,2,0.88,0,24,18,0
TXN00997,2302,bank_decline,credit_card,regular,3,0.87,2,15,54,0
TXN00998,12531,card_expired,upi,regular,3,0.32,6,3,18,0
TXN00999,5610,technical_error,net_banking,regular,1,0.95,0,35,50,1
TXN01000,1979,bank_decline,net_banking,loyal,2,0.36,0,44,71,1
TXN01001,13740,technical_error,net_banking,new,1,0.44,3,19,27,1
TXN01002,11006,technical_error,credit_card,regular,1,0.55,0,11,42,0
TXN01003,6931,card_expired,debit_card,new,1,0.66,3,48,9,0
TXN01004,14383,insufficient_funds,debit_card,new,2,0.59,5,43,61,0
TXN01005,9622,bank_decline,debit_card,loyal,3,0.77,2,13,1,0
TXN01006,7502,network_error,net_banking,loyal,1,0.66,4,57,63,1
TXN01007,9639,network_error,credit_card,regular,3,0.9,3,23,39,1
TXN01008,13691,insufficient_funds,net_banking,new,1,0.91,5,28,59,0
TXN01009,10998,insufficient_funds,credit_card,regular,3,0.94,1,57,21,1
TXN01010,10490,technical_error,upi,loyal,1,0.77,5,58,28,0
TXN01011,6938,technical_error,credit_card,regular,1,0.81,4,50,42,1
TXN01012,2900,bank_decline,debit_card,loyal,1,0.61,0,41,60,1
TXN01013,12421,card_expired,debit_card,regular,1,0.31,0,46,18,0
TXN01014,12466,card_expired,net_banking,regular,1,0.36,5,16,57,0
TXN01015,13641,bank_decline,debit_card,new,1,0.71,1,19,16,0
TXN01016,6603,insufficient_funds,credit_card,loyal,1,0.76,1,29,46,1
TXN01017,11904,network_error,debit_card,regular,3,0.33,5,52,67,0
TXN01018,11937,network_error,net_banking,loyal,2,0.6,4,1,7,0
TXN01019,12768,insufficient_funds,debit_card,regular,1,0.44,0,27,4,0
TXN01020,5723,insufficient_funds,credit_card,new,1,0.84,6,43,22,0
TXN01021,921,card_expired,credit_card,regular,2,0.68,1,40,27,0
TXN01022,6672,card_expired,credit_card,new,1,0.37,2,12,2,0
TXN01023,5381,network_error,net_banking,new,2,0.45,5,53,36,0
TXN01024,6245,network_error,credit_card,new,2,0.51,4,32,14,0
TXN01025,13164,technical_error,debit_card,regular,1,0.71,5,45,50,0
TXN01026,12838,insufficient_funds,upi,new,3,0.82,5,21,62,1
TXN01027,489,technical_error,net_banking,regular,3,0.74,1,33,2,1
TXN01028,10298,network_error,upi,new,3,0.59,1,40,11,1
TXN01029,6336,card_expired,upi,new,1,0.56,5,3,31,0
TXN01030,9998,card_expired,upi,new,2,0.52,6,49,6,0
TXN01031,6997,bank_decline,credit_card,new,3,0.53,1,14,70,1
TXN01032,11095,insufficient_funds,debit_card,loyal,2,0.65,1,29,1,1
TXN01033,8255,network_error,debit_card,new,3,0.97,1,9,12,1
TXN01034,9192,insufficient_funds,debit_card,loyal,1,0.59,3,20,22,0
TXN01035,4212,card_expired,debit_card,loyal,1,0.51,4,29,26,0
TXN01036,13000,card_expired,credit_card,regular,2,0.56,3,29,55,0
TXN01037,12241,card_expired,debit_card,regular,1,0.82,3,55,11,0
TXN01038,5118,technical_error,debit_card,loyal,3,0.42,3,30,40,0
TXN01039,6346,technical_error,net_banking,new,2,0.39,3,13,20,0
TXN01040,268,network_error,upi,regular,2,0.93,3,48,48,1
TXN01041,5243,technical_error,credit_card,regular,1,0.97,0,25,21,1
TXN01042,7348,bank_decline,upi,loyal,3,0.63,5,24,8,0
TXN01043,7147,insufficient_funds,debit_card,regular,1,0.93,2,41,4,0
TXN01044,10773,insufficient_funds,upi,loyal,2,0.94,1,17,32,0
TXN01045,11056,insufficient_funds,credit_card,new,1,0.74,3,26,11,0
TXN01046,3293,card_expired,debit_card,regular,2,0.77,4,35,49,0
TXN01047,12224,card_expired,credit_card,new,3,0.69,6,23,19,0
TXN01048,3632,card_expired,upi,new,1,0.86,0,7,9,0
TXN01049,7045,technical_error,net_banking,loyal,2,0.8,1,12,48,1
TXN01050,2400,insufficient_funds,net_banking,new,3,0.94,3,37,28,1
TXN01051,1166,insufficient_funds,debit_card,regular,2,0.6,4,7,22,1
TXN01052,1604,card_expired,credit_card,regular,1,0.53,4,16,62,0
TXN01053,12660,network_error,credit_card,new,2,0.81,0,43,6,1
TXN01054,8757,network_error,net_banking,loyal,3,0.97,6,18,63,1
TXN01055,5721,technical_error,net_banking,regular,2,0.76,2,21,31,0
TXN01056,11096,card_expired,net_banking,loyal,1,0.96,6,22,13,1
TXN01057,14462,card_expired,debit_card,new,3,0.38,4,18,32,0
TXN01058,10331,card_expired,net_banking,loyal,1,0.3,5,53,42,1
TXN01059,6101,network_error,upi,loyal,2,0.46,3,26,11,1
TXN01060,8000,network_error,net_banking,regular,3,0.43,1,56,67,0
TXN01061,13059,technical_error,credit_card,new,2,0.84,2,54,71,0
TXN01062,7848,insufficient_funds,net_banking,new,2,0.75,1,16,28,1
TXN01063,11009,network_error,credit_card,regular,3,0.32,2,58,50,0
TXN01064,3810,bank_decline,net_banking,loyal,1,0.75,4,41,63,1
TXN01065,11534,bank_decline,debit_card,loyal,3,0.34,2,25,49,0
TXN01066,13062,technical_error,net_banking,new,1,0.48,2,6,15,1
TXN01067,12333,technical_error,debit_card,loyal,1,0.69,1,55,41,0
TXN01068,9652,network_error,upi,new,3,0.66,6,25,55,1
TXN01069,6180,insufficient_funds,debit_card,new,2,0.31,6,30,41,0
TXN01070,5063,insufficient_funds,net_banking,loyal,2,0.4,2,10,5,0
TXN01071,5260,technical_error,credit_card,regular,3,0.69,5,54,28,0
TXN01072,11736,card_expired,credit_card,regular,1,0.86,1,55,29,0
TXN01073,1061,insufficient_funds,net_banking,loyal,2,0.5,6,43,21,0
TXN01074,9177,card_expired,upi,regular,3,0.62,2,49,51,0
TXN01075,8848,bank_decline,upi,loyal,1,0.78,4,26,13,1
TXN01076,12525,technical_error,credit_card,loyal,2,0.61,1,37,18,1
TXN01077,8104,bank_decline,debit_card,new,1,0.85,1,48,2,1
TXN01078,14227,technical_error,credit_card,loyal,1,0.56,3,44,22,0
TXN01079,1773,bank_decline,net_banking,new,1,0.38,4,42,44,0
TXN01080,2634,card_expired,debit_card,new,1,0.46,3,20,23,0
TXN01081,6350,network_error,net_banking,loyal,2,0.49,5,29,48,1
TXN01082,2110,network_error,credit_card,regular,3,0.75,4,15,3,0
TXN01083,9581,card_expired,upi,loyal,3,0.36,4,12,50,0
TXN01084,10761,card_expired,upi,loyal,1,0.37,0,46,69,1
TXN01085,13518,network_error,net_banking,loyal,3,0.83,4,32,9,1
TXN01086,9780,technical_error,credit_card,new,3,0.91,1,56,24,1
TXN01087,7527,bank_decline,credit_card,new,1,0.69,5,11,12,0
TXN01088,14150,network_error,credit_card,new,3,0.5,4,11,55,0
TXN01089,10983,network_error,debit_card,regular,1,0.94,4,58,38,1
TXN01090,7489,insufficient_funds,net_banking,loyal,2,0.66,2,39,69,0
TXN01091,11471,network_error,credit_card,new,1,0.43,2,55,28,0
TXN01092,10065,technical_error,debit_card,loyal,2,0.49,5,40,55,1
TXN01093,4377,bank_decline,net_banking,loyal,1,0.57,0,17,55,0
TXN01094,2546,technical_error,debit_card,new,3,0.8,5,45,25,0
TXN01095,9434,technical_error,debit_card,regular,1,0.52,6,28,49,1
TXN01096,10089,insufficient_funds,credit_card,regular,1,0.66,5,36,53,1
TXN01097,10688,network_error,upi,regular,2,0.4,6,15,36,1
TXN01098,6379,insufficient_funds,net_banking,new,1,0.42,5,57,40,0
TXN01099,13418,card_expired,credit_card,loyal,2,0.78,6,19,71,0
TXN01100,1823,network_error,debit_card,regular,2,0.42,6,48,69,0
TXN01101,14651,card_expired,net_banking,loyal,1,0.48,5,33,20,0
TXN01102,2537,card_expired,upi,new,3,0.73,2,46,32,0
TXN01103,7052,card_expired,debit_card,regular,2,0.84,4,19,36,0
TXN01104,8729,insufficient_funds,upi,loyal,1,0.94,3,50,41,0
TXN01105,10598,network_error,credit_card,loyal,1,0.94,1,37,8,1
TXN01106,4883,technical_error,net_banking,new,2,0.76,5,9,62,0
TXN01107,11425,technical_error,credit_card,regular,1,0.72,6,48,1,0
TXN01108,11711,technical_error,upi,new,3,0.75,6,57,68,0
TXN01109,893,technical_error,net_banking,new,3,0.93,6,34,29,1
TXN01110,6213,insufficient_funds,upi,new,2,0.64,1,24,15,0
TXN01111,11325,insufficient_funds,credit_card,regular,2,0.63,2,14,1,0
TXN01112,9519,card_expired,debit_card,regular,3,0.65,0,60,60,0
TXN01113,14099,card_expired,credit_card,regular,1,0.72,2,20,46,1
TXN01114,5929,insufficient_funds,net_banking,regular,1,0.37,3,13,11,0
TXN01115,14921,insufficient_funds,net_banking,new,2,0.3,6,43,33,0
TXN01116,6677,bank_decline,upi,regular,2,0.91,4,52,35,1
TXN01117,7385,card_expired,debit_card,new,2,0.81,0,23,26,1
TXN01118,4867,network_error,debit_card,regular,2,0.81,0,11,26,0
TXN01119,11099,bank_decline,credit_card,regular,2,0.67,6,44,17,0
TXN01120,12723,card_expired,net_banking,new,1,0.95,6,2,17,1
TXN01121,8392,network_error,debit_card,new,3,0.86,3,39,2,1
TXN01122,4942,bank_decline,net_banking,new,2,0.47,1,47,66,0
TXN01123,4806,network_error,upi,loyal,1,0.75,3,13,61,1
TXN01124,13470,network_error,debit_card,new,3,0.73,1,15,16,1
TXN01125,828,bank_decline,debit_card,new,2,0.31,1,6,7,0
TXN01126,8801,bank_decline,debit_card,new,2,0.59,0,33,55,0
TXN01127,5185,network_error,upi,regular,2,0.94,5,27,32,1
TXN01128,979,insufficient_funds,credit_card,new,1,0.75,2,14,37,0
TXN01129,10137,network_error,net_banking,new,2,0.94,2,22,39,1
TXN01130,11160,network_error,debit_card,regular,2,0.8,2,48,68,1
TXN01131,4103,bank_decline,debit_card,loyal,2,0.36,0,9,16,1
TXN01132,14684,insufficient_funds,debit_card,loyal,2,0.93,0,35,44,1
TXN01133,7969,insufficient_funds,debit_card,new,1,0.43,4,46,33,0
TXN01134,12641,technical_error,upi,regular,2,0.73,0,59,56,1
TXN01135,7064,technical_error,credit_card,new,3,0.49,1,19,6,0
TXN01136,1196,insufficient_funds,net_banking,regular,3,0.66,4,5,22,0
TXN01137,8544,card_expired,net_banking,regular,3,0.48,1,1,21,0
TXN01138,9901,network_error,net_banking,loyal,3,0.79,2,20,29,1
TXN01139,4599,technical_error,credit_card,new,1,0.33,1,19,6,0
TXN01140,14676,bank_decline,debit_card,regular,1,0.74,1,53,27,0
TXN01141,222,bank_decline,upi,regular,1,0.94,4,17,18,1
TXN01142,10218,bank_decline,upi,new,3,0.85,6,23,29,0
TXN01143,4782,insufficient_funds,upi,new,3,0.75,6,50,14,0
TXN01144,11474,card_expired,upi,loyal,3,0.71,1,53,57,1
TXN01145,4603,insufficient_funds,net_banking,new,2,0.46,5,28,48,0
TXN01146,8048,network_error,net_banking,new,2,0.43,6,12,25,0
TXN01147,12151,insufficient_funds,upi,new,2,0.41,1,53,51,0
TXN01148,3277,network_error,debit_card,new,2,0.47,5,26,13,0
TXN01149,2449,network_error,credit_card,regular,2,0.31,6,1,6,1
TXN01150,12817,network_error,upi,new,3,0.71,6,1,14,0
TXN01151,13606,bank_decline,credit_card,new,1,0.63,4,58,57,0
TXN01152,5236,bank_decline,net_banking,new,1,0.34,5,18,70,0
TXN01153,13715,network_error,credit_card,loyal,2,0.37,6,27,19,1
TXN01154,3875,network_error,debit_card,regular,2,0.4,5,19,29,0
TXN01155,11413,card_expired,credit_card,regular,1,0.97,1,7,37,1
TXN01156,10287,bank_decline,credit_card,regular,1,0.91,4,10,23,0
TXN01157,5686,technical_error,debit_card,loyal,2,0.4,5,44,39,0
TXN01158,4902,bank_decline,credit_card,regular,2,0.75,2,52,10,0
TXN01159,14318,insufficient_funds,debit_card,regular,1,0.57,5,51,62,0
TXN01160,2054,technical_error,net_banking,loyal,2,0.4,2,9,24,0
TXN01161,5977,bank_decline,net_banking,regular,2,0.77,3,39,43,1
TXN01162,10914,insufficient_funds,net_banking,regular,3,0.64,4,32,69,0
TXN01163,3970,card_expired,credit_card,loyal,3,0.59,4,50,29,0
TXN01164,4053,bank_decline,credit_card,new,1,0.55,3,9,15,1
TXN01165,5923,bank_decline,debit_card,regular,2,0.4,6,36,54,0
TXN01166,13763,insufficient_funds,credit_card,loyal,1,0.38,5,46,19,0
TXN01167,631,card_expired,upi,new,3,0.37,4,5,62,0
TXN01168,14461,insufficient_funds,credit_card,new,2,0.4,1,5,2,0
TXN01169,13531,card_expired,debit_card,new,2,0.81,5,34,39,0
TXN01170,12038,bank_decline,net_banking,loyal,3,0.31,0,10,8,0
TXN01171,726,technical_error,debit_card,loyal,1,0.31,6,28,59,0
TXN01172,13790,bank_decline,upi,loyal,1,0.59,1,18,12,0
TXN01173,2250,insufficient_funds,net_banking,loyal,1,0.45,1,53,72,0
TXN01174,1464,card_expired,net_banking,regular,3,0.74,6,25,22,0
TXN01175,6286,card_expired,debit_card,regular,1,0.37,2,39,43,1
TXN01176,4823,insufficient_funds,credit_card,new,1,0.71,6,59,40,1
TXN01177,3505,network_error,debit_card,regular,1,0.96,4,3,62,1
TXN01178,5354,network_error,upi,new,2,0.81,3,33,25,1
TXN01179,6600,bank_decline,debit_card,loyal,3,0.37,3,58,65,1
TXN01180,13429,insufficient_funds,credit_card,loyal,2,0.62,6,55,5,0
TXN01181,2682,card_expired,credit_card,loyal,1,0.95,1,57,28,0
TXN01182,10918,insufficient_funds,debit_card,loyal,3,0.97,4,42,67,0
TXN01183,5793,card_expired,debit_card,regular,2,0.55,6,28,6,0
TXN01184,12884,card_expired,debit_card,new,3,0.71,1,37,64,1
TXN01185,444,insufficient_funds,upi,loyal,1,0.64,3,21,22,0
TXN01186,2845,network_error,upi,loyal,2,0.54,0,12,59,1
TXN01187,7953,bank_decline,net_banking,loyal,1,0.94,4,32,6,1
TXN01188,4896,card_expired,net_banking,loyal,3,0.39,2,33,41,0
TXN01189,11377,card_expired,net_banking,regular,3,0.33,5,4,32,0
TXN01190,9388,network_error,debit_card,new,2,0.56,4,26,10,1
TXN01191,14522,card_expired,credit_card,regular,2,0.62,4,58,60,1
TXN01192,3153,network_error,net_banking,regular,1,0.57,0,21,44,0
TXN01193,8167,insufficient_funds,net_banking,new,2,0.61,4,10,61,1
TXN01194,3697,bank_decline,credit_card,loyal,2,0.34,6,24,56,0
TXN01195,3696,network_error,debit_card,new,3,0.59,2,41,23,1
TXN01196,1334,bank_decline,net_banking,new,2,0.89,3,56,54,0
TXN01197,11171,bank_decline,debit_card,new,1,0.91,3,22,39,1
TXN01198,5922,card_expired,net_banking,regular,3,0.77,1,45,56,0
TXN01199,11552,technical_error,net_banking,new,3,0.83,4,13,10,0
TXN01200,9677,technical_error,debit_card,regular,3,0.97,5,48,41,1
TXN01201,14888,card_expired,debit_card,regular,2,0.38,5,27,34,0
TXN01202,260,card_expired,debit_card,loyal,2,0.73,4,7,5,1
TXN01203,3274,card_expired,debit_card,loyal,2,0.45,1,13,2,0
TXN01204,6160,network_error,upi,regular,3,0.86,0,45,64,1
TXN01205,7671,card_expired,net_banking,regular,2,0.86,3,34,43,1
TXN01206,3080,card_expired,net_banking,regular,1,0.68,1,35,56,0
TXN01207,14045,card_expired,upi,loyal,3,0.94,6,7,12,0
TXN01208,1900,network_error,credit_card,loyal,2,0.37,5,49,70,1
TXN01209,7476,technical_error,credit_card,loyal,2,0.88,1,15,59,1
TXN01210,2075,insufficient_funds,net_banking,new,2,0.96,3,27,51,1
TXN01211,6338,insufficient_funds,upi,regular,3,0.48,6,58,54,0
TXN01212,268,card_expired,credit_card,new,1,0.4,2,54,67,0
TXN01213,10029,bank_decline,upi,new,3,0.98,1,36,51,1
TXN01214,10758,card_expired,credit_card,loyal,2,0.39,5,25,23,0
TXN01215,5412,technical_error,debit_card,regular,1,0.37,6,9,65,1
TXN01216,9652,card_expired,upi,loyal,1,0.95,1,6,12,1
TXN01217,389,technical_error,debit_card,new,3,0.78,0,37,49,1
TXN01218,12228,insufficient_funds,net_banking,loyal,3,0.83,1,16,29,1
TXN01219,8972,insufficient_funds,net_banking,regular,3,0.34,0,60,19,0
TXN01220,10659,technical_error,credit_card,new,2,0.93,0,7,19,1
TXN01221,14857,insufficient_funds,credit_card,new,2,0.87,6,14,51,1
TXN01222,13232,network_error,net_banking,new,2,0.95,0,14,54,1
TXN01223,5337,card_expired,debit_card,new,2,0.31,1,43,5,0
TXN01224,5816,bank_decline,net_banking,loyal,3,0.67,1,34,33,0
TXN01225,3359,technical_error,credit_card,loyal,1,0.65,6,10,28,0
TXN01226,2080,insufficient_funds,credit_card,regular,1,0.45,5,45,17,0
TXN01227,8090,insufficient_funds,credit_card,regular,3,0.68,2,30,64,0
TXN01228,6752,insufficient_funds,upi,new,1,0.77,5,18,51,1
TXN01229,13195,technical_error,upi,new,1,0.95,3,28,58,1
TXN01230,12440,bank_decline,upi,loyal,1,0.71,3,13,46,1
TXN01231,10566,network_error,net_banking,new,1,0.95,2,38,53,1
TXN01232,13744,technical_error,upi,regular,1,0.38,6,21,55,0
TXN01233,6061,insufficient_funds,credit_card,new,3,0.55,1,50,41,1
TXN01234,5419,network_error,upi,new,2,0.69,2,58,30,1
TXN01235,6517,bank_decline,debit_card,loyal,1,0.37,2,46,10,0
TXN01236,10788,card_expired,net_banking,regular,2,0.43,0,52,64,0
TXN01237,4696,card_expired,credit_card,new,2,0.42,2,38,50,0
TXN01238,548,bank_decline,credit_card,loyal,3,0.97,3,19,17,0
TXN01239,6799,network_error,credit_card,regular,3,0.31,3,7,54,0
TXN01240,4700,bank_decline,upi,regular,1,0.68,2,32,7,0
TXN01241,11610,card_expired,net_banking,loyal,1,0.87,4,7,4,1
TXN01242,13724,network_error,debit_card,new,2,0.89,5,28,29,1
TXN01243,3331,bank_decline,credit_card,loyal,1,0.48,6,3,15,1
TXN01244,5185,network_error,upi,regular,3,0.72,6,25,35,0
TXN01245,2457,technical_error,net_banking,new,1,0.52,1,49,53,0
TXN01246,11148,network_error,debit_card,loyal,2,0.75,2,21,62,1
TXN01247,4522,bank_decline,credit_card,regular,3,0.87,1,43,27,0
TXN01248,1431,card_expired,credit_card,new,1,0.76,3,53,50,1
TXN01249,1912,bank_decline,debit_card,loyal,3,0.65,2,49,40,0
TXN01250,10936,insufficient_funds,credit_card,new,1,0.92,3,29,66,1
TXN01251,6756,insufficient_funds,credit_card,regular,2,0.41,2,56,14,1
TXN01252,14555,network_error,credit_card,new,1,0.91,1,18,4,1
TXN01253,8898,card_expired,upi,regular,1,0.93,0,23,56,1
TXN01254,6703,technical_error,net_banking,loyal,2,0.34,2,24,13,1
TXN01255,6467,card_expired,debit_card,regular,1,0.57,4,18,68,0
TXN01256,8697,card_expired,credit_card,loyal,1,0.74,0,15,15,1
TXN01257,784,technical_error,upi,new,1,0.66,2,15,52,1
TXN01258,1859,insufficient_funds,upi,regular,1,0.42,1,23,37,0
TXN01259,4918,network_error,credit_card,new,3,0.92,4,31,40,0
TXN01260,11471,insufficient_funds,debit_card,regular,3,0.35,1,22,59,0
TXN01261,408,card_expired,net_banking,regular,1,0.42,2,57,10,1
TXN01262,12656,network_error,upi,regular,3,0.3,6,16,61,1
TXN01263,13617,network_error,upi,new,3,0.64,6,10,13,1
TXN01264,13370,bank_decline,net_banking,regular,3,0.54,4,17,63,0
TXN01265,7716,network_error,upi,regular,3,0.53,4,50,62,1
TXN01266,11435,technical_error,credit_card,new,2,0.88,5,10,46,1
TXN01267,4203,technical_error,net_banking,regular,1,0.81,1,59,49,1
TXN01268,4687,technical_error,net_banking,loyal,1,0.48,5,23,43,1
TXN01269,7036,bank_decline,upi,new,1,0.69,5,22,16,0
TXN01270,7655,technical_error,upi,regular,1,0.96,3,60,19,1
TXN01271,2661,technical_error,upi,loyal,3,0.75,2,32,37,1
TXN01272,5028,network_error,net_banking,new,1,0.49,4,8,7,0
TXN01273,283,card_expired,upi,loyal,1,0.33,1,23,37,0
TXN01274,8424,technical_error,debit_card,new,3,0.48,5,13,56,0
TXN01275,1522,bank_decline,debit_card,new,2,0.93,1,52,50,0
TXN01276,1807,bank_decline,upi,loyal,2,0.42,3,44,42,0
TXN01277,2480,insufficient_funds,upi,new,2,0.68,2,20,11,0
TXN01278,10494,card_expired,debit_card,regular,2,0.37,4,29,41,0
TXN01279,11425,bank_decline,net_banking,regular,2,0.62,3,30,4,0
TXN01280,632,card_expired,credit_card,new,3,0.92,6,16,66,0
TXN01281,10372,technical_error,upi,new,2,0.39,5,1,60,0
TXN01282,14534,technical_error,net_banking,new,1,0.34,6,42,14,0
TXN01283,1795,bank_decline,net_banking,loyal,2,0.89,0,48,66,0
TXN01284,1068,insufficient_funds,debit_card,loyal,3,0.96,1,15,20,1
TXN01285,5293,network_error,net_banking,loyal,3,0.44,0,1,20,1
TXN01286,2183,technical_error,credit_card,new,1,0.37,0,54,65,1
TXN01287,1111,network_error,upi,regular,2,0.97,6,16,70,1
TXN01288,10239,card_expired,credit_card,regular,1,0.73,1,10,31,1
TXN01289,12351,technical_error,debit_card,regular,2,0.5,5,7,64,1
TXN01290,4708,card_expired,net_banking,loyal,1,0.62,6,28,19,1
TXN01291,7688,network_error,net_banking,new,3,0.51,5,42,57,1
TXN01292,6011,insufficient_funds,net_banking,loyal,2,0.49,1,23,65,0
TXN01293,8444,insufficient_funds,upi,loyal,3,0.57,0,12,20,1
TXN01294,11983,technical_error,upi,regular,3,0.88,1,18,39,0
TXN01295,1317,card_expired,net_banking,regular,3,0.75,4,46,65,0
TXN01296,8808,bank_decline,debit_card,loyal,2,0.7,4,23,52,1
TXN01297,683,insufficient_funds,debit_card,new,3,0.37,5,31,42,0
TXN01298,12844,insufficient_funds,credit_card,new,3,0.91,6,27,9,1
TXN01299,4303,network_error,credit_card,loyal,1,0.6,2,39,4,0
TXN01300,5461,network_error,net_banking,regular,1,0.97,4,36,26,1
TXN01301,8246,card_expired,upi,new,1,0.8,3,53,68,0
TXN01302,3350,network_error,credit_card,loyal,3,0.37,0,52,18,0
TXN01303,6091,card_expired,credit_card,regular,1,0.76,5,42,68,0
TXN01304,13838,insufficient_funds,net_banking,loyal,2,0.54,4,55,18,0
TXN01305,7390,card_expired,net_banking,new,3,0.35,6,34,39,0
TXN01306,8370,insufficient_funds,credit_card,loyal,3,0.53,1,53,38,0
TXN01307,4318,card_expired,upi,new,1,0.96,0,35,31,0
TXN01308,10214,technical_error,upi,regular,3,0.34,5,58,15,0
TXN01309,4509,network_error,credit_card,regular,2,0.48,2,57,8,1
TXN01310,9163,bank_decline,credit_card,new,2,0.35,4,58,5,0
TXN01311,1359,card_expired,credit_card,loyal,2,0.94,2,47,6,1
TXN01312,8336,technical_error,debit_card,loyal,2,0.59,2,51,30,1
TXN01313,1106,network_error,debit_card,loyal,3,0.89,5,44,3,1
TXN01314,1054,card_expired,net_banking,loyal,1,0.59,3,36,18,1
TXN01315,2133,technical_error,upi,regular,1,0.53,0,16,30,1
TXN01316,364,insufficient_funds,net_banking,loyal,3,0.69,6,1,32,0
TXN01317,1455,network_error,debit_card,regular,1,0.49,2,23,32,0
TXN01318,2325,technical_error,net_banking,regular,3,0.38,0,5,33,0
TXN01319,3572,card_expired,upi,new,2,0.78,2,50,71,0
TXN01320,10909,insufficient_funds,upi,regular,3,0.67,0,4,45,0
TXN01321,11758,technical_error,net_banking,regular,1,0.44,1,54,67,1
TXN01322,12355,technical_error,debit_card,new,2,0.79,6,10,5,0
TXN01323,11641,card_expired,net_banking,new,1,0.64,0,18,36,0
TXN01324,5121,network_error,credit_card,regular,3,0.56,0,56,49,1
TXN01325,927,insufficient_funds,debit_card,regular,1,0.75,4,4,40,1
TXN01326,12700,bank_decline,credit_card,loyal,2,0.93,2,52,28,0
TXN01327,5786,technical_error,net_banking,regular,3,0.93,6,4,14,0
TXN01328,12017,bank_decline,net_banking,regular,3,0.79,6,34,34,0
TXN01329,6447,card_expired,debit_card,new,1,0.49,5,18,11,0
TXN01330,12837,technical_error,upi,regular,3,0.57,4,18,47,1
TXN01331,4304,technical_error,credit_card,new,2,0.69,2,54,34,0
TXN01332,7471,card_expired,credit_card,regular,1,0.62,2,31,72,1
TXN01333,1159,technical_error,credit_card,regular,3,0.67,0,29,24,1
TXN01334,13089,bank_decline,upi,regular,1,0.45,1,10,7,1
TXN01335,10924,network_error,debit_card,loyal,3,0.89,4,21,6,1
TXN01336,3934,network_error,upi,regular,1,0.76,6,55,46,1
TXN01337,932,technical_error,debit_card,regular,1,0.35,3,8,66,1
TXN01338,3543,bank_decline,upi,loyal,2,0.35,3,57,37,1
TXN01339,5550,technical_error,upi,regular,2,0.91,2,31,38,1
TXN01340,2826,bank_decline,credit_card,regular,1,0.92,0,7,28,0
TXN01341,8568,technical_error,upi,new,2,0.86,0,43,20,1
TXN01342,10836,network_error,credit_card,new,3,0.64,4,41,71,0
TXN01343,9030,network_error,credit_card,loyal,2,0.75,4,29,41,1
TXN01344,13897,technical_error,upi,new,2,0.47,6,24,30,0
TXN01345,12458,network_error,debit_card,regular,3,0.95,3,24,11,1
TXN01346,8484,network_error,upi,loyal,2,0.71,3,51,54,1
TXN01347,13763,insufficient_funds,debit_card,regular,3,0.7,1,39,34,0
TXN01348,5796,bank_decline,credit_card,new,2,0.59,1,37,64,0
TXN01349,12859,insufficient_funds,debit_card,regular,1,0.41,3,17,71,0
TXN01350,7898,network_error,debit_card,new,2,0.32,1,5,17,0
TXN01351,8872,card_expired,net_banking,regular,1,0.57,4,16,38,1
TXN01352,14903,bank_decline,credit_card,loyal,1,0.35,2,29,53,0
TXN01353,12335,card_expired,upi,regular,3,0.39,1,47,66,0
TXN01354,14873,network_error,upi,loyal,3,0.61,2,29,23,1
TXN01355,9835,bank_decline,credit_card,new,2,0.64,0,37,67,0
TXN01356,9699,technical_error,net_banking,regular,2,0.56,6,12,19,1
TXN01357,12236,insufficient_funds,net_banking,loyal,2,0.69,4,21,13,1
TXN01358,2913,network_error,upi,regular,2,0.6,1,19,34,0
TXN01359,12544,network_error,debit_card,loyal,2,0.4,1,36,66,0
TXN01360,648,technical_error,credit_card,loyal,3,0.84,0,32,4,1
TXN01361,4817,technical_error,net_banking,loyal,2,0.65,6,30,38,0
TXN01362,11935,network_error,net_banking,regular,2,0.48,6,9,36,0
TXN01363,2108,bank_decline,credit_card,loyal,1,0.79,2,11,65,1
TXN01364,7629,technical_error,credit_card,loyal,3,0.51,0,28,13,0
TXN01365,13212,technical_error,upi,new,3,0.75,5,3,2,1
TXN01366,9806,card_expired,debit_card,loyal,1,0.48,1,32,24,0
TXN01367,4830,insufficient_funds,debit_card,loyal,1,0.95,6,47,28,1
TXN01368,1302,card_expired,debit_card,loyal,1,0.33,5,17,49,0
TXN01369,4045,bank_decline,net_banking,loyal,3,0.95,2,54,30,0
TXN01370,11144,card_expired,net_banking,loyal,2,0.71,4,31,38,1
TXN01371,2041,bank_decline,net_banking,regular,2,0.47,3,8,23,0
TXN01372,5424,network_error,upi,loyal,2,0.78,6,57,62,0
TXN01373,14355,card_expired,net_banking,loyal,1,0.32,2,33,28,0
TXN01374,13025,card_expired,credit_card,loyal,2,0.48,2,27,51,0
TXN01375,7166,card_expired,upi,new,2,0.63,1,22,6,0
TXN01376,6914,insufficient_funds,debit_card,loyal,1,0.83,0,40,43,1
TXN01377,9043,network_error,credit_card,regular,1,0.83,2,59,46,1
TXN01378,9258,network_error,credit_card,loyal,1,0.55,1,11,69,1
TXN01379,11960,insufficient_funds,upi,new,2,0.53,1,36,32,0
TXN01380,791,network_error,credit_card,loyal,2,0.84,0,11,37,1
TXN01381,3968,insufficient_funds,credit_card,regular,3,0.38,6,25,52,0
TXN01382,12332,bank_decline,credit_card,new,1,0.64,5,49,54,1
TXN01383,12367,technical_error,debit_card,new,3,0.7,3,13,40,0
TXN01384,7165,technical_error,credit_card,regular,2,0.61,0,17,61,1
TXN01385,7237,network_error,debit_card,regular,3,0.49,2,59,69,0
TXN01386,6465,network_error,net_banking,loyal,2,0.95,6,35,14,1
TXN01387,9667,network_error,net_banking,new,2,0.55,4,7,40,1
TXN01388,13465,network_error,credit_card,loyal,1,0.44,3,38,32,1
TXN01389,6805,technical_error,net_banking,loyal,3,0.87,6,15,8,0
TXN01390,4329,card_expired,upi,loyal,2,0.87,0,21,53,0
TXN01391,4593,insufficient_funds,net_banking,loyal,2,0.51,5,16,42,0
TXN01392,8113,technical_error,credit_card,new,2,0.78,3,9,2,1
TXN01393,12457,network_error,debit_card,new,2,0.89,0,3,55,1
TXN01394,10459,technical_error,net_banking,new,3,0.89,3,26,2,1
TXN01395,7334,bank_decline,upi,loyal,2,0.72,2,37,22,1
TXN01396,8772,insufficient_funds,upi,loyal,3,0.47,3,14,43,0
TXN01397,11998,insufficient_funds,debit_card,loyal,3,0.86,0,21,54,1
TXN01398,7908,network_error,credit_card,regular,3,0.43,5,7,69,0
TXN01399,1751,network_error,net_banking,loyal,1,0.35,5,36,29,1
TXN01400,431,insufficient_funds,upi,regular,2,0.7,2,24,52,0
TXN01401,9393,technical_error,debit_card,new,3,0.4,5,14,36,1
TXN01402,9435,network_error,debit_card,loyal,3,0.74,3,22,36,0
TXN01403,12279,technical_error,net_banking,new,1,0.3,1,14,12,0
TXN01404,10274,insufficient_funds,debit_card,new,2,0.89,2,5,7,1
TXN01405,13425,card_expired,net_banking,loyal,2,0.52,4,49,16,0
TXN01406,6642,card_expired,net_banking,loyal,2,0.54,6,34,41,0
TXN01407,14671,technical_error,debit_card,new,3,0.87,5,10,56,0
TXN01408,8229,bank_decline,credit_card,loyal,2,0.74,1,2,47,0
TXN01409,12827,bank_decline,net_banking,new,3,0.68,1,25,48,1
TXN01410,12449,network_error,debit_card,regular,2,0.66,0,38,40,1
TXN01411,6243,bank_decline,credit_card,loyal,2,0.32,2,42,62,0
TXN01412,11595,bank_decline,upi,loyal,1,0.96,6,2,61,0
TXN01413,10558,card_expired,net_banking,new,2,0.81,5,49,70,0
TXN01414,825,bank_decline,credit_card,loyal,3,0.4,5,12,17,0
TXN01415,13865,network_error,credit_card,regular,3,0.78,2,7,70,1
TXN01416,14168,insufficient_funds,credit_card,regular,3,0.88,2,58,22,0
TXN01417,9814,bank_decline,credit_card,loyal,2,0.58,5,43,8,1
TXN01418,13717,technical_error,debit_card,loyal,2,0.36,3,3,36,0
TXN01419,11483,technical_error,net_banking,new,3,0.81,6,1,40,1
TXN01420,5945,network_error,upi,regular,3,0.87,0,37,60,1
TXN01421,1683,insufficient_funds,credit_card,new,2,0.7,0,50,22,0
TXN01422,3763,bank_decline,net_banking,new,3,0.94,2,54,25,0
TXN01423,12293,insufficient_funds,upi,new,2,0.78,1,18,18,0
TXN01424,6982,insufficient_funds,debit_card,regular,1,0.42,2,17,57,1
TXN01425,8226,bank_decline,upi,regular,3,0.66,6,41,22,1
TXN01426,13876,technical_error,net_banking,new,3,0.69,5,28,45,0
TXN01427,11374,bank_decline,debit_card,regular,3,0.96,4,54,35,1
TXN01428,12871,insufficient_funds,upi,new,2,0.48,0,34,24,0
TXN01429,7855,technical_error,upi,regular,3,0.56,4,58,5,1
TXN01430,1913,bank_decline,credit_card,new,2,0.62,2,42,13,1
TXN01431,6065,bank_decline,debit_card,regular,3,0.43,0,29,59,0
TXN01432,11578,card_expired,net_banking,regular,1,0.47,2,39,44,0
TXN01433,6772,bank_decline,credit_card,new,3,0.37,3,50,35,0
TXN01434,6765,technical_error,credit_card,new,3,0.41,2,57,68,1
TXN01435,9505,insufficient_funds,debit_card,loyal,2,0.84,0,6,40,0
TXN01436,2517,bank_decline,net_banking,regular,1,0.61,5,10,26,0
TXN01437,5136,bank_decline,credit_card,new,1,0.88,3,6,32,1
TXN01438,9298,bank_decline,credit_card,regular,1,0.53,3,36,51,0
TXN01439,7938,card_expired,net_banking,loyal,1,0.82,0,25,17,1
TXN01440,2387,card_expired,upi,regular,3,0.8,3,39,51,0
TXN01441,5883,card_expired,credit_card,new,3,0.42,1,24,47,0
TXN01442,13687,network_error,net_banking,new,3,0.46,3,13,6,1
TXN01443,7333,network_error,upi,regular,3,0.42,1,19,40,1
TXN01444,13655,card_expired,credit_card,regular,2,0.42,3,44,67,0
TXN01445,7817,network_error,upi,loyal,3,0.37,6,26,2,1
TXN01446,2309,technical_error,net_banking,loyal,2,0.31,5,43,52,0
TXN01447,1093,bank_decline,net_banking,regular,3,0.73,4,52,58,0
TXN01448,12995,card_expired,upi,loyal,2,0.38,1,28,69,0
TXN01449,14459,network_error,debit_card,new,2,0.94,5,38,34,1
TXN01450,13517,technical_error,net_banking,regular,1,0.62,0,8,63,1
TXN01451,1020,technical_error,upi,regular,2,0.53,2,50,4,0
TXN01452,3128,bank_decline,upi,regular,1,0.6,2,41,5,0
TXN01453,6053,network_error,net_banking,new,1,0.36,0,9,19,0
TXN01454,7263,bank_decline,upi,regular,3,0.72,6,58,68,0
TXN01455,865,network_error,upi,regular,1,0.4,5,41,13,1
TXN01456,12084,network_error,upi,loyal,3,0.51,3,2,24,0
TXN01457,4408,network_error,net_banking,new,1,0.69,2,40,66,1
TXN01458,13204,insufficient_funds,credit_card,regular,3,0.62,6,60,56,0
TXN01459,11486,insufficient_funds,upi,loyal,3,0.33,3,59,24,0
TXN01460,4667,network_error,net_banking,new,1,0.83,5,9,36,1
TXN01461,10015,bank_decline,credit_card,new,1,0.31,2,15,9,0
TXN01462,12130,technical_error,net_banking,loyal,2,0.73,2,35,50,1
TXN01463,9336,network_error,upi,regular,2,0.54,3,10,60,0
TXN01464,8375,insufficient_funds,debit_card,loyal,2,0.47,0,43,11,0
TXN01465,9396,bank_decline,credit_card,new,3,0.97,2,20,38,0
TXN01466,7597,card_expired,credit_card,new,3,0.7,4,23,56,0
TXN01467,12732,network_error,upi,loyal,3,0.63,1,25,69,1
TXN01468,10147,network_error,credit_card,regular,1,0.44,0,37,38,1
TXN01469,2806,card_expired,net_banking,regular,1,0.58,4,18,41,0
TXN01470,10526,network_error,upi,loyal,3,0.66,1,55,52,1
TXN01471,7800,bank_decline,net_banking,new,1,0.57,0,35,43,0
TXN01472,10951,insufficient_funds,credit_card,regular,3,0.74,3,27,25,0
TXN01473,10339,insufficient_funds,debit_card,loyal,3,0.64,0,39,53,0
TXN01474,5525,technical_error,debit_card,new,3,0.73,5,6,48,1
TXN01475,10052,card_expired,debit_card,new,2,0.55,6,16,23,0
TXN01476,11878,insufficient_funds,upi,new,2,0.34,0,14,60,0
TXN01477,11401,technical_error,net_banking,new,1,0.96,4,42,15,0
TXN01478,13927,bank_decline,debit_card,new,2,0.79,0,1,5,0
TXN01479,6857,technical_error,net_banking,regular,1,0.83,2,57,69,1
TXN01480,12923,technical_error,credit_card,regular,2,0.86,0,19,51,0
TXN01481,12080,network_error,upi,regular,3,0.93,5,42,57,1
TXN01482,2232,network_error,debit_card,regular,3,0.81,0,47,22,1
TXN01483,10956,bank_decline,debit_card,new,2,0.44,0,22,10,0
TXN01484,11817,card_expired,debit_card,regular,2,0.5,3,22,58,0
TXN01485,9509,bank_decline,credit_card,new,1,0.65,0,15,48,0
TXN01486,11894,bank_decline,upi,loyal,1,0.69,2,31,57,0
TXN01487,2730,insufficient_funds,debit_card,loyal,2,0.88,2,41,30,1
TXN01488,3667,technical_error,upi,new,3,0.31,2,47,66,0
TXN01489,8667,card_expired,net_banking,loyal,1,0.96,5,10,65,1
TXN01490,6333,card_expired,net_banking,loyal,1,0.89,3,12,62,0
TXN01491,433,network_error,upi,new,2,0.44,1,18,16,0
TXN01492,6040,card_expired,net_banking,loyal,3,0.92,6,48,68,0
TXN01493,12346,insufficient_funds,upi,loyal,1,0.57,0,22,65,1
TXN01494,9265,technical_error,credit_card,new,2,0.69,1,16,33,0
TXN01495,3193,insufficient_funds,debit_card,loyal,3,0.61,0,39,35,0
TXN01496,1696,insufficient_funds,credit_card,new,3,0.51,1,15,32,0
TXN01497,9723,card_expired,net_banking,new,3,0.9,0,21,10,1
TXN01498,2107,card_expired,credit_card,regular,1,0.37,4,14,63,0
TXN01499,357,technical_error,net_banking,new,3,0.9,6,42,25,0
TXN01500,10602,technical_error,net_banking,new,2,0.81,4,18,64,0
TXN01501,5584,technical_error,net_banking,loyal,2,0.95,2,17,69,1
TXN01502,4710,technical_error,upi,loyal,2,0.38,6,12,63,1
TXN01503,14836,technical_error,net_banking,regular,1,0.42,6,28,39,1
TXN01504,14323,card_expired,upi,loyal,3,0.67,1,13,14,0
TXN01505,3693,bank_decline,upi,regular,3,0.62,5,20,27,0
TXN01506,2732,bank_decline,debit_card,new,2,0.83,6,11,21,0
TXN01507,8661,card_expired,net_banking,loyal,2,0.46,2,31,39,0
TXN01508,5217,bank_decline,upi,loyal,2,0.61,3,37,51,0
TXN01509,292,card_expired,credit_card,regular,2,0.74,1,30,36,1
TXN01510,11739,insufficient_funds,debit_card,loyal,3,0.47,6,24,4,0
TXN01511,13158,card_expired,upi,loyal,3,0.8,6,14,65,0
TXN01512,4688,network_error,credit_card,new,1,0.52,3,47,61,0
TXN01513,953,card_expired,net_banking,new,2,0.97,4,25,8,1
TXN01514,10679,bank_decline,upi,loyal,2,0.6,2,8,61,1
TXN01515,12485,network_error,upi,loyal,2,0.86,6,10,39,1
TXN01516,9405,network_error,net_banking,new,2,0.69,6,43,34,0
TXN01517,13590,bank_decline,credit_card,new,1,0.89,5,46,41,0
TXN01518,6118,card_expired,debit_card,new,2,0.62,3,24,43,0
TXN01519,11735,bank_decline,upi,loyal,3,0.93,1,8,53,1
TXN01520,13406,card_expired,credit_card,loyal,1,0.92,4,24,3,0
TXN01521,725,technical_error,upi,loyal,2,0.49,2,41,9,0
TXN01522,9461,network_error,credit_card,loyal,1,0.84,6,55,12,1
TXN01523,7875,technical_error,debit_card,new,3,0.59,2,30,58,0
TXN01524,12306,insufficient_funds,upi,new,1,0.74,2,30,68,0
TXN01525,12315,card_expired,credit_card,regular,3,0.5,4,54,50,1
TXN01526,3890,bank_decline,net_banking,new,2,0.88,4,44,42,0
TXN01527,10908,insufficient_funds,upi,loyal,3,0.4,6,10,27,0
TXN01528,1853,network_error,credit_card,new,3,0.54,0,21,41,0
TXN01529,10983,insufficient_funds,debit_card,regular,1,0.59,2,15,28,0
TXN01530,647,insufficient_funds,net_banking,new,2,0.32,6,48,27,0
TXN01531,7520,card_expired,net_banking,new,1,0.82,4,53,16,1
TXN01532,3068,technical_error,credit_card,new,1,0.38,3,48,46,0
TXN01533,5391,card_expired,debit_card,new,1,0.84,2,31,33,0
TXN01534,7686,network_error,credit_card,regular,2,0.57,6,7,46,1
TXN01535,5278,network_error,net_banking,loyal,2,0.46,5,6,50,0
TXN01536,459,bank_decline,upi,new,1,0.88,1,37,2,1
TXN01537,2751,insufficient_funds,net_banking,new,1,0.71,1,56,38,1
TXN01538,6997,insufficient_funds,net_banking,new,1,0.94,1,48,24,1
TXN01539,1992,insufficient_funds,credit_card,regular,1,0.51,5,24,34,0
TXN01540,666,network_error,upi,new,2,0.32,6,10,53,1
TXN01541,6377,technical_error,debit_card,new,1,0.31,1,6,54,0
TXN01542,2041,card_expired,net_banking,regular,3,0.6,6,39,1,0
TXN01543,7892,bank_decline,debit_card,regular,3,0.67,4,43,13,0
TXN01544,12467,technical_error,debit_card,new,1,0.65,6,10,29,0
TXN01545,12376,network_error,net_banking,regular,3,0.37,1,17,24,0
TXN01546,5133,bank_decline,net_banking,loyal,3,0.65,4,57,35,0
TXN01547,2357,bank_decline,net_banking,regular,3,0.4,5,60,5,0
TXN01548,13303,card_expired,credit_card,new,1,0.31,5,3,31,0
TXN01549,5484,network_error,net_banking,regular,2,0.43,6,53,52,0
TXN01550,3719,card_expired,upi,loyal,2,0.38,2,42,66,0
TXN01551,5725,insufficient_funds,upi,regular,2,0.82,3,43,13,0
TXN01552,5809,technical_error,upi,new,2,0.59,0,35,17,1
TXN01553,7694,network_error,credit_card,loyal,3,0.5,6,23,40,0
TXN01554,9265,network_error,debit_card,regular,3,0.43,6,44,29,0
TXN01555,3455,bank_decline,debit_card,loyal,3,0.66,6,35,47,0
TXN01556,11565,technical_error,debit_card,regular,1,0.37,1,41,29,0
TXN01557,12506,insufficient_funds,net_banking,new,2,0.33,3,19,50,0
TXN01558,7101,card_expired,net_banking,regular,1,0.79,2,1,10,1
TXN01559,9305,bank_decline,debit_card,loyal,3,0.7,0,4,53,1
TXN01560,8079,insufficient_funds,debit_card,regular,1,0.74,3,38,25,1
TXN01561,5941,network_error,debit_card,regular,1,0.91,0,47,20,1
TXN01562,2533,bank_decline,upi,new,3,0.38,2,34,14,0
TXN01563,10004,card_expired,debit_card,loyal,2,0.5,0,35,59,1
TXN01564,14621,bank_decline,upi,new,2,0.87,2,8,60,0
TXN01565,2959,card_expired,upi,new,3,0.37,5,39,47,0
TXN01566,14125,card_expired,net_banking,regular,1,0.73,6,50,36,0
TXN01567,12200,bank_decline,upi,loyal,3,0.52,5,54,33,0
TXN01568,1561,network_error,credit_card,loyal,2,0.47,3,15,56,0
TXN01569,1903,card_expired,net_banking,loyal,3,0.89,5,25,6,0
TXN01570,9872,network_error,credit_card,new,1,0.55,5,46,54,0
TXN01571,11968,network_error,upi,loyal,2,0.88,4,56,67,1
TXN01572,6732,card_expired,credit_card,new,3,0.42,5,22,13,0
TXN01573,6952,network_error,net_banking,regular,2,0.86,2,23,32,1
TXN01574,13040,network_error,upi,regular,3,0.97,2,50,21,1
TXN01575,12828,technical_error,upi,loyal,2,0.81,6,53,23,0
TXN01576,14235,network_error,upi,regular,3,0.67,6,54,30,1
TXN01577,5210,network_error,credit_card,loyal,2,0.51,3,41,24,0
TXN01578,3512,bank_decline,net_banking,regular,2,0.85,2,49,21,0
TXN01579,5488,network_error,credit_card,new,3,0.51,4,45,72,1
TXN01580,9373,technical_error,debit_card,regular,3,0.77,1,6,12,0
TXN01581,14567,card_expired,upi,new,3,0.53,2,26,18,0
TXN01582,1897,bank_decline,credit_card,regular,1,0.6,0,16,71,1
TXN01583,4685,network_error,net_banking,new,3,0.97,1,57,29,1
TXN01584,13496,insufficient_funds,debit_card,new,2,0.47,0,55,62,0
TXN01585,6991,technical_error,debit_card,regular,1,0.88,4,26,50,0
TXN01586,11779,bank_decline,upi,regular,2,0.55,1,21,70,0
TXN01587,11557,insufficient_funds,upi,loyal,1,0.84,4,9,13,0
TXN01588,13048,technical_error,net_banking,loyal,2,0.37,6,39,30,0
TXN01589,11956,technical_error,debit_card,regular,2,0.69,0,30,57,1
TXN01590,7346,network_error,debit_card,new,3,0.6,5,4,45,0
TXN01591,11772,insufficient_funds,credit_card,loyal,2,0.34,5,18,33,0
TXN01592,12123,network_error,net_banking,regular,3,0.82,1,26,28,0
TXN01593,5276,technical_error,upi,regular,1,0.69,4,27,19,0
TXN01594,11362,technical_error,upi,new,3,0.34,6,23,16,0
TXN01595,1363,technical_error,credit_card,loyal,2,0.8,5,13,32,0
TXN01596,12876,insufficient_funds,debit_card,new,3,0.93,5,8,43,1
TXN01597,6811,technical_error,net_banking,regular,2,0.77,1,55,44,1
TXN01598,5298,bank_decline,debit_card,loyal,2,0.9,3,6,24,1
TXN01599,3486,insufficient_funds,upi,loyal,3,0.36,3,49,13,0
TXN01600,534,technical_error,credit_card,loyal,1,0.76,0,11,1,0
TXN01601,8869,network_error,credit_card,regular,2,0.51,6,58,48,0
TXN01602,3024,insufficient_funds,net_banking,new,3,0.45,2,7,20,0
TXN01603,9604,insufficient_funds,net_banking,loyal,1,0.64,6,53,57,1
TXN01604,835,technical_error,credit_card,regular,2,0.37,5,12,67,1
TXN01605,1833,card_expired,debit_card,loyal,1,0.98,2,30,71,0
TXN01606,13046,card_expired,credit_card,loyal,3,0.34,1,24,19,0
TXN01607,13595,card_expired,debit_card,regular,1,0.54,3,52,13,0
TXN01608,1690,bank_decline,net_banking,loyal,3,0.44,2,9,58,0
TXN01609,4999,card_expired,net_banking,regular,2,0.36,0,32,14,0
TXN01610,8131,technical_error,net_banking,regular,2,0.97,6,19,8,1
TXN01611,882,insufficient_funds,credit_card,regular,3,0.81,4,35,23,0
TXN01612,12311,network_error,credit_card,new,2,0.56,2,35,7,0
TXN01613,11409,card_expired,debit_card,loyal,2,0.76,0,59,28,1
TXN01614,3242,insufficient_funds,upi,new,3,0.44,1,37,2,1
TXN01615,6450,insufficient_funds,credit_card,regular,1,0.91,5,53,43,0
TXN01616,6588,insufficient_funds,upi,regular,1,0.41,4,16,34,0
TXN01617,7127,technical_error,upi,new,3,0.8,2,27,2,1
TXN01618,6977,card_expired,upi,new,2,0.47,0,41,51,1
TXN01619,12768,card_expired,debit_card,loyal,3,0.45,5,8,15,0
TXN01620,13162,card_expired,credit_card,new,3,0.52,5,17,51,0
TXN01621,4893,bank_decline,upi,new,1,0.57,1,6,72,0
TXN01622,3489,insufficient_funds,credit_card,regular,2,0.37,1,3,50,1
TXN01623,12693,network_error,debit_card,regular,3,0.55,5,10,57,0
TXN01624,872,technical_error,debit_card,new,3,0.52,4,1,20,0
TXN01625,4309,insufficient_funds,upi,regular,1,0.91,0,26,49,1
TXN01626,4980,technical_error,credit_card,new,1,0.73,2,43,57,1
TXN01627,7417,network_error,debit_card,loyal,3,0.5,1,10,71,0
TXN01628,1129,network_error,credit_card,regular,3,0.66,4,47,22,0
TXN01629,5470,bank_decline,credit_card,new,1,0.77,0,25,1,0
TXN01630,13531,card_expired,credit_card,new,3,0.32,4,5,3,0
TXN01631,8005,technical_error,net_banking,regular,3,0.72,3,59,31,0
TXN01632,10236,bank_decline,upi,loyal,2,0.63,1,30,69,0
TXN01633,3867,insufficient_funds,upi,loyal,3,0.42,3,17,21,0
TXN01634,543,card_expired,upi,new,1,0.61,5,57,70,0
TXN01635,6790,insufficient_funds,upi,new,2,0.59,3,30,58,0
TXN01636,6564,card_expired,upi,regular,2,0.75,1,47,68,1
TXN01637,3754,insufficient_funds,debit_card,loyal,3,0.83,2,58,60,0
TXN01638,12716,card_expired,upi,loyal,2,0.45,1,31,14,0
TXN01639,7610,bank_decline,net_banking,new,1,0.45,4,57,21,0
TXN01640,8678,card_expired,debit_card,regular,1,0.77,3,37,23,1
TXN01641,12422,technical_error,debit_card,loyal,2,0.69,6,13,20,1
TXN01642,7877,insufficient_funds,debit_card,regular,2,0.72,6,40,68,0
TXN01643,14551,network_error,credit_card,new,1,0.31,6,56,7,0
TXN01644,1673,bank_decline,upi,new,3,0.4,1,20,9,0
TXN01645,5369,technical_error,net_banking,regular,2,0.78,2,20,13,0
TXN01646,2818,insufficient_funds,debit_card,regular,1,0.66,4,27,21,0
TXN01647,10500,card_expired,upi,loyal,1,0.96,5,10,57,1
TXN01648,845,insufficient_funds,net_banking,regular,2,0.62,6,2,47,0
TXN01649,9782,technical_error,debit_card,regular,1,0.96,5,37,45,0
TXN01650,1592,bank_decline,credit_card,new,1,0.72,5,26,20,1
TXN01651,13159,insufficient_funds,upi,regular,3,0.84,6,6,46,0
TXN01652,13296,card_expired,credit_card,loyal,3,0.58,1,24,33,1
TXN01653,4791,technical_error,credit_card,regular,2,0.92,0,42,31,1
TXN01654,4510,card_expired,net_banking,regular,1,0.49,6,43,59,0
TXN01655,5654,technical_error,credit_card,new,3,0.31,4,2,39,0
TXN01656,7902,card_expired,net_banking,new,3,0.76,5,25,43,0
TXN01657,8598,card_expired,net_banking,loyal,2,0.39,2,47,34,0
TXN01658,8208,bank_decline,upi,new,2,0.92,0,52,41,0
TXN01659,14877,network_error,credit_card,new,1,0.47,1,24,9,1
TXN01660,13331,insufficient_funds,credit_card,new,1,0.79,5,52,44,0
TXN01661,10316,network_error,debit_card,loyal,3,0.96,3,41,43,0
TXN01662,1933,technical_error,credit_card,new,3,0.39,5,60,11,0
TXN01663,11967,network_error,credit_card,regular,3,0.46,0,46,11,1
TXN01664,10447,technical_error,debit_card,regular,1,0.78,3,39,24,1
TXN01665,12185,technical_error,credit_card,regular,1,0.65,0,12,26,1
TXN01666,14588,technical_error,debit_card,loyal,1,0.78,0,13,24,1
TXN01667,12590,insufficient_funds,debit_card,regular,3,0.87,2,39,53,0
TXN01668,4876,insufficient_funds,net_banking,regular,2,0.8,4,1,33,1
TXN01669,2842,network_error,credit_card,new,2,0.53,5,4,56,1
TXN01670,12724,card_expired,credit_card,loyal,3,0.36,4,50,47,0
TXN01671,10120,network_error,upi,loyal,2,0.61,5,52,62,1
TXN01672,5119,card_expired,upi,loyal,3,0.43,4,11,6,0
TXN01673,6913,card_expired,net_banking,regular,2,0.62,3,29,20,1
TXN01674,12497,card_expired,net_banking,new,1,0.84,3,56,20,0
TXN01675,428,card_expired,debit_card,new,3,0.94,1,7,3,0
TXN01676,2655,bank_decline,upi,new,1,0.64,1,20,71,1
TXN01677,3312,card_expired,net_banking,regular,2,0.94,1,32,8,1
TXN01678,1936,network_error,upi,loyal,2,0.71,1,16,67,0
TXN01679,13366,insufficient_funds,net_banking,regular,1,0.95,5,11,44,0
TXN01680,11407,technical_error,net_banking,loyal,1,0.71,4,19,44,0
TXN01681,13423,insufficient_funds,upi,loyal,2,0.34,3,24,54,0
TXN01682,5544,insufficient_funds,upi,loyal,2,0.84,4,22,43,0
TXN01683,14976,insufficient_funds,upi,loyal,3,0.96,1,46,31,0
TXN01684,4281,card_expired,net_banking,new,2,0.65,0,25,19,0
TXN01685,1532,technical_error,net_banking,regular,3,0.91,5,18,9,1
TXN01686,12937,insufficient_funds,upi,loyal,1,0.55,6,4,61,1
TXN01687,10572,network_error,upi,regular,3,0.63,1,51,35,0
TXN01688,8141,bank_decline,debit_card,loyal,1,0.95,4,39,16,1
TXN01689,1192,insufficient_funds,upi,new,2,0.59,6,55,2,0
TXN01690,3546,insufficient_funds,upi,new,1,0.74,6,27,11,0
TXN01691,12910,insufficient_funds,net_banking,loyal,2,0.68,4,29,41,1
TXN01692,4681,card_expired,upi,new,3,0.71,2,11,17,0
TXN01693,477,network_error,credit_card,regular,3,0.62,1,21,49,1
TXN01694,10503,card_expired,upi,regular,1,0.52,6,49,5,0
TXN01695,5508,technical_error,credit_card,loyal,1,0.79,5,9,64,1
TXN01696,1312,insufficient_funds,debit_card,new,3,0.41,5,16,12,0
TXN01697,6050,bank_decline,credit_card,regular,2,0.81,3,26,70,1
TXN01698,7021,card_expired,debit_card,loyal,1,0.85,3,11,15,0
TXN01699,14432,bank_decline,debit_card,new,1,0.74,4,2,7,0
TXN01700,11624,insufficient_funds,net_banking,new,1,0.45,1,10,18,0
TXN01701,5491,card_expired,net_banking,new,3,0.82,3,2,54,0
TXN01702,857,insufficient_funds,credit_card,new,1,0.7,0,23,11,0
TXN01703,6231,technical_error,debit_card,regular,1,0.4,0,59,37,1
TXN01704,6332,technical_error,net_banking,new,1,0.81,2,22,26,1
TXN01705,4465,card_expired,credit_card,loyal,2,0.61,3,39,66,0
TXN01706,3552,insufficient_funds,credit_card,new,2,0.85,5,60,27,1
TXN01707,9542,bank_decline,debit_card,loyal,2,0.55,0,42,30,0
TXN01708,14689,bank_decline,debit_card,loyal,1,0.51,1,54,24,0
TXN01709,3580,card_expired,net_banking,loyal,2,0.61,3,39,22,0
TXN01710,8067,technical_error,upi,loyal,1,0.35,0,57,1,0
TXN01711,10346,network_error,credit_card,regular,1,0.51,3,47,21,1
TXN01712,6230,insufficient_funds,debit_card,regular,3,0.9,0,18,54,0
TXN01713,5073,network_error,credit_card,regular,1,0.48,6,59,27,1
TXN01714,10631,network_error,net_banking,new,1,0.38,5,16,59,0
TXN01715,9699,technical_error,upi,regular,1,0.78,3,5,20,1
TXN01716,6713,card_expired,credit_card,new,2,0.59,3,27,23,0
TXN01717,9649,network_error,credit_card,regular,3,0.49,3,13,35,1
TXN01718,4655,insufficient_funds,debit_card,loyal,2,0.85,5,3,56,0
TXN01719,11717,card_expired,debit_card,loyal,3,0.33,2,6,48,0
TXN01720,7941,technical_error,debit_card,regular,3,0.91,5,36,70,1
TXN01721,12245,bank_decline,net_banking,new,3,0.57,3,23,38,0
TXN01722,11220,card_expired,net_banking,regular,2,0.36,2,57,18,0
TXN01723,6076,card_expired,net_banking,loyal,3,0.41,0,22,65,0
TXN01724,10441,insufficient_funds,upi,loyal,3,0.87,1,55,18,0
TXN01725,13180,insufficient_funds,net_banking,new,2,0.9,4,35,6,0
TXN01726,9628,network_error,upi,loyal,3,0.94,5,15,43,1
TXN01727,5532,bank_decline,net_banking,loyal,3,0.86,1,37,45,0
TXN01728,11468,network_error,debit_card,loyal,3,0.61,6,45,25,0
TXN01729,14833,technical_error,credit_card,regular,1,0.92,5,20,31,0
TXN01730,5162,insufficient_funds,credit_card,new,1,0.31,2,8,27,0
TXN01731,12915,network_error,credit_card,regular,2,0.95,3,23,52,1
TXN01732,9990,bank_decline,upi,regular,2,0.44,3,40,62,0
TXN01733,9921,network_error,net_banking,new,2,0.52,0,17,61,0
TXN01734,6487,technical_error,credit_card,regular,3,0.7,2,44,63,0
TXN01735,6425,network_error,net_banking,new,2,0.47,0,6,32,0
TXN01736,11924,network_error,net_banking,regular,3,0.53,4,31,5,1
TXN01737,9254,card_expired,debit_card,loyal,2,0.36,5,9,4,0
TXN01738,7481,network_error,debit_card,regular,2,0.77,3,52,69,0
TXN01739,998,bank_decline,credit_card,loyal,3,0.63,3,19,21,1
TXN01740,10048,bank_decline,net_banking,new,3,0.41,6,5,26,0
TXN01741,4280,network_error,net_banking,loyal,3,0.92,6,25,6,1
TXN01742,3860,bank_decline,net_banking,new,3,0.6,5,59,15,0
TXN01743,2480,insufficient_funds,credit_card,regular,2,0.55,5,28,3,0
TXN01744,14907,bank_decline,credit_card,regular,2,0.32,3,36,55,0
TXN01745,1629,bank_decline,upi,regular,2,0.64,1,59,18,1
TXN01746,2854,network_error,debit_card,loyal,1,0.6,4,24,72,1
TXN01747,1294,insufficient_funds,net_banking,new,3,0.33,1,10,39,0
TXN01748,11692,card_expired,credit_card,regular,1,0.65,0,8,68,0
TXN01749,9794,technical_error,credit_card,regular,1,0.52,1,56,62,0
TXN01750,3291,card_expired,net_banking,regular,1,0.37,3,36,70,0
TXN01751,1361,insufficient_funds,debit_card,loyal,1,0.89,0,31,66,0
TXN01752,1389,technical_error,debit_card,new,3,0.81,6,41,47,0
TXN01753,13765,bank_decline,net_banking,new,2,0.33,2,50,51,1
TXN01754,11204,bank_decline,net_banking,regular,3,0.87,1,48,17,0
TXN01755,13151,technical_error,net_banking,loyal,3,0.41,4,34,37,0
TXN01756,1429,card_expired,credit_card,regular,1,0.68,5,58,19,0
TXN01757,854,bank_decline,upi,regular,2,0.62,6,59,44,0
TXN01758,8970,technical_error,upi,regular,2,0.65,3,49,72,0
TXN01759,10115,technical_error,debit_card,regular,2,0.36,3,22,69,0
TXN01760,10544,network_error,upi,loyal,2,0.94,6,19,66,1
TXN01761,5511,insufficient_funds,debit_card,regular,2,0.43,2,34,53,0
TXN01762,9993,card_expired,debit_card,loyal,1,0.85,5,19,25,0
TXN01763,6122,technical_error,upi,new,2,0.7,1,8,38,0
TXN01764,3570,technical_error,upi,new,3,0.85,2,16,51,1
TXN01765,4635,technical_error,net_banking,loyal,2,0.4,4,5,33,1
TXN01766,6369,technical_error,net_banking,new,1,0.43,2,60,64,1
TXN01767,9221,technical_error,upi,loyal,3,0.59,2,4,55,0
TXN01768,8220,technical_error,credit_card,regular,2,0.56,0,9,24,1
TXN01769,12653,network_error,credit_card,new,2,0.37,4,18,17,0
TXN01770,12373,card_expired,debit_card,new,3,0.69,0,8,44,0
TXN01771,11989,bank_decline,upi,regular,1,0.46,4,39,35,0
TXN01772,5992,insufficient_funds,debit_card,new,3,0.7,6,15,22,0
TXN01773,13718,card_expired,debit_card,loyal,3,0.31,1,6,35,0
TXN01774,2240,network_error,debit_card,regular,1,0.46,4,11,23,0
TXN01775,4778,network_error,credit_card,new,3,0.51,4,56,50,0
TXN01776,4004,network_error,credit_card,regular,3,0.6,1,48,50,0
TXN01777,12499,card_expired,credit_card,loyal,2,0.44,5,32,56,0
TXN01778,8784,bank_decline,upi,new,2,0.65,3,54,57,0
TXN01779,6310,insufficient_funds,credit_card,loyal,3,0.76,1,51,52,1
TXN01780,5348,bank_decline,net_banking,regular,1,0.79,1,25,61,0
TXN01781,11447,technical_error,debit_card,loyal,3,0.34,5,52,3,0
TXN01782,5855,bank_decline,net_banking,new,2,0.6,3,59,55,1
TXN01783,4376,bank_decline,debit_card,regular,2,0.92,2,31,21,1
TXN01784,14186,technical_error,debit_card,new,2,0.55,6,15,12,0
TXN01785,2801,network_error,credit_card,regular,1,0.66,2,29,20,1
TXN01786,14265,card_expired,upi,new,1,0.58,1,34,9,1
TXN01787,1711,technical_error,credit_card,loyal,3,0.83,6,56,23,1
TXN01788,7904,card_expired,debit_card,new,1,0.85,1,39,10,1
TXN01789,1863,bank_decline,debit_card,loyal,1,0.83,4,49,48,0
TXN01790,2702,technical_error,debit_card,new,1,0.52,1,50,35,1
TXN01791,539,technical_error,credit_card,regular,1,0.41,3,10,17,1
TXN01792,10177,bank_decline,upi,regular,1,0.61,5,8,32,1
TXN01793,10128,network_error,credit_card,regular,1,0.3,3,34,63,0
TXN01794,6671,technical_error,net_banking,loyal,2,0.95,4,23,52,0
TXN01795,8776,card_expired,debit_card,loyal,2,0.39,0,14,10,0
TXN01796,6221,bank_decline,credit_card,loyal,2,0.56,2,24,4,1
TXN01797,3455,network_error,debit_card,regular,3,0.81,3,56,18,0
TXN01798,5147,card_expired,debit_card,new,1,0.91,3,17,63,0
TXN01799,11879,card_expired,upi,new,2,0.39,0,16,19,0
TXN01800,1859,bank_decline,upi,new,2,0.62,3,57,56,1
TXN01801,5016,bank_decline,net_banking,new,2,0.35,2,13,40,0
TXN01802,2918,network_error,credit_card,new,3,0.78,2,4,4,1
TXN01803,10532,technical_error,upi,new,2,0.57,6,40,59,0
TXN01804,5550,bank_decline,upi,new,3,0.7,3,49,63,0
TXN01805,8620,network_error,credit_card,new,2,0.52,5,29,35,1
TXN01806,12686,insufficient_funds,credit_card,loyal,2,0.49,1,3,6,1
TXN01807,2378,insufficient_funds,net_banking,loyal,1,0.58,6,57,20,0
TXN01808,9509,bank_decline,debit_card,new,1,0.41,0,17,62,0
TXN01809,3789,card_expired,debit_card,loyal,2,0.38,5,30,44,0
TXN01810,6296,card_expired,upi,loyal,3,0.67,6,48,43,0
TXN01811,5549,technical_error,debit_card,loyal,3,0.87,4,34,36,0
TXN01812,12951,insufficient_funds,debit_card,new,2,0.63,2,33,39,0
TXN01813,12066,card_expired,credit_card,loyal,2,0.85,2,7,19,0
TXN01814,14036,insufficient_funds,debit_card,regular,1,0.93,5,35,65,1
TXN01815,12365,card_expired,net_banking,loyal,2,0.5,1,11,62,0
TXN01816,11060,network_error,upi,new,2,0.58,3,10,54,1
TXN01817,701,bank_decline,upi,new,2,0.46,3,60,51,0
TXN01818,6840,card_expired,debit_card,regular,1,0.72,1,22,21,0
TXN01819,9923,card_expired,credit_card,new,1,0.36,5,1,20,0
TXN01820,8271,network_error,debit_card,new,1,0.62,0,9,38,0
TXN01821,6209,bank_decline,credit_card,new,1,0.91,2,7,5,0
TXN01822,1549,network_error,credit_card,new,1,0.91,6,32,14,1
TXN01823,4974,technical_error,credit_card,loyal,2,0.39,3,39,34,1
TXN01824,12915,technical_error,credit_card,regular,3,0.45,2,3,51,0
TXN01825,11095,insufficient_funds,net_banking,regular,2,0.95,2,19,52,1
TXN01826,4052,bank_decline,upi,new,1,0.61,5,10,5,1
TXN01827,9828,network_error,debit_card,new,2,0.39,5,5,37,0
TXN01828,11467,bank_decline,debit_card,loyal,2,0.6,0,60,71,0
TXN01829,5156,insufficient_funds,net_banking,loyal,1,0.55,3,13,45,1
TXN01830,714,bank_decline,net_banking,new,2,0.62,3,51,42,0
TXN01831,13565,bank_decline,net_banking,loyal,2,0.95,6,37,24,1
TXN01832,13032,insufficient_funds,upi,regular,1,0.63,2,10,6,0
TXN01833,4132,technical_error,net_banking,regular,1,0.79,3,3,2,1
TXN01834,11855,bank_decline,upi,regular,1,0.37,6,53,65,0
TXN01835,2621,bank_decline,upi,loyal,2,0.9,4,40,26,0
TXN01836,12181,network_error,net_banking,loyal,3,0.67,4,49,59,1
TXN01837,5649,network_error,net_banking,loyal,3,0.96,0,31,54,0
TXN01838,14689,technical_error,debit_card,regular,3,0.45,2,20,5,0
TXN01839,11151,technical_error,upi,regular,2,0.3,1,3,29,0
TXN01840,7560,insufficient_funds,net_banking,new,2,0.33,0,52,36,0
TXN01841,14937,technical_error,net_banking,new,3,0.89,5,51,40,0
TXN01842,11067,network_error,net_banking,loyal,1,0.66,4,19,15,0
TXN01843,6573,technical_error,upi,new,3,0.75,0,44,55,1
TXN01844,10797,insufficient_funds,net_banking,new,1,0.39,5,47,34,0
TXN01845,4989,bank_decline,net_banking,new,2,0.44,1,24,13,0
TXN01846,4931,bank_decline,credit_card,new,1,0.89,6,60,1,0
TXN01847,1281,bank_decline,debit_card,new,2,0.53,4,50,69,0
TXN01848,2200,card_expired,upi,new,2,0.84,2,12,50,0
TXN01849,9134,bank_decline,credit_card,loyal,1,0.97,1,10,44,1
TXN01850,13556,technical_error,debit_card,regular,3,0.54,2,55,50,0
TXN01851,7284,network_error,net_banking,new,1,0.43,5,31,9,0
TXN01852,12400,insufficient_funds,net_banking,loyal,2,0.56,5,24,26,0
TXN01853,796,card_expired,debit_card,new,3,0.54,5,60,48,0
TXN01854,7008,network_error,upi,regular,1,0.39,0,39,67,1
TXN01855,2108,technical_error,debit_card,regular,2,0.68,4,47,44,1
TXN01856,13484,network_error,upi,new,2,0.67,3,19,5,0
TXN01857,1099,bank_decline,debit_card,loyal,2,0.85,1,18,44,0
TXN01858,1418,technical_error,upi,new,2,0.51,2,27,3,1
TXN01859,4871,bank_decline,debit_card,loyal,1,0.89,4,39,13,1
TXN01860,1759,bank_decline,upi,regular,1,0.42,1,38,11,1
TXN01861,4730,bank_decline,credit_card,loyal,3,0.94,6,45,70,0
TXN01862,9249,bank_decline,credit_card,regular,1,0.51,3,6,43,0
TXN01863,1052,insufficient_funds,credit_card,new,3,0.3,3,3,61,0
TXN01864,6851,technical_error,credit_card,regular,1,0.7,4,58,32,1
TXN01865,2958,insufficient_funds,credit_card,loyal,1,0.62,5,46,17,1
TXN01866,13670,technical_error,debit_card,regular,1,0.76,2,37,25,1
TXN01867,4097,network_error,net_banking,new,3,0.75,1,53,68,1
TXN01868,2431,card_expired,net_banking,loyal,2,0.48,4,55,16,0
TXN01869,4377,technical_error,net_banking,new,1,0.58,1,48,33,0
TXN01870,9647,insufficient_funds,credit_card,loyal,1,0.39,0,15,32,0
TXN01871,12180,network_error,net_banking,new,1,0.49,0,37,1,0
TXN01872,11951,network_error,credit_card,regular,1,0.53,3,10,19,0
TXN01873,13071,network_error,upi,regular,2,0.56,4,44,36,1
TXN01874,3502,insufficient_funds,debit_card,regular,2,0.43,5,55,32,0
TXN01875,4687,card_expired,credit_card,regular,1,0.59,1,4,8,0
TXN01876,8789,bank_decline,debit_card,regular,1,0.9,1,19,36,1
TXN01877,12800,network_error,net_banking,loyal,1,0.7,2,20,29,1
TXN01878,11479,bank_decline,net_banking,regular,2,0.41,1,29,18,1
TXN01879,4040,card_expired,net_banking,new,3,0.65,1,8,35,0
TXN01880,8752,bank_decline,credit_card,regular,3,0.65,2,48,52,1
TXN01881,9492,network_error,debit_card,regular,2,0.85,6,43,72,0
TXN01882,9611,technical_error,debit_card,loyal,2,0.96,0,10,3,1
TXN01883,11499,technical_error,net_banking,loyal,2,0.3,1,12,14,0
TXN01884,12010,card_expired,upi,loyal,2,0.7,5,26,46,1
TXN01885,7930,technical_error,debit_card,new,2,0.33,2,23,61,0
TXN01886,8924,bank_decline,net_banking,new,2,0.95,0,45,10,1
TXN01887,14878,insufficient_funds,debit_card,regular,1,0.44,3,35,10,1
TXN01888,9187,card_expired,debit_card,new,3,0.45,2,7,5,0
TXN01889,9825,card_expired,credit_card,regular,3,0.7,3,58,27,1
TXN01890,4078,technical_error,credit_card,new,2,0.84,4,48,31,1
TXN01891,11488,bank_decline,debit_card,loyal,3,0.8,6,32,28,0
TXN01892,14740,bank_decline,credit_card,new,3,0.7,4,18,1,0
TXN01893,5917,bank_decline,net_banking,loyal,3,0.41,5,7,3,0
TXN01894,3354,insufficient_funds,debit_card,new,3,0.33,1,13,27,0
TXN01895,5033,card_expired,credit_card,loyal,2,0.45,1,3,16,0
TXN01896,12063,insufficient_funds,upi,loyal,2,0.87,3,10,9,0
TXN01897,2806,card_expired,net_banking,new,1,0.55,4,12,54,1
TXN01898,12724,insufficient_funds,debit_card,new,1,0.58,3,15,22,1
TXN01899,8723,technical_error,upi,regular,1,0.86,4,35,28,0
TXN01900,7161,insufficient_funds,net_banking,regular,2,0.48,1,60,3,1
TXN01901,5042,card_expired,net_banking,new,3,0.38,5,9,7,0
TXN01902,11673,technical_error,credit_card,loyal,2,0.57,5,38,18,1
TXN01903,3145,technical_error,debit_card,new,1,0.92,4,55,70,0
TXN01904,4156,technical_error,credit_card,regular,3,0.67,2,17,43,0
TXN01905,13767,insufficient_funds,credit_card,regular,2,0.88,1,9,29,0
TXN01906,1664,technical_error,debit_card,loyal,2,0.35,5,41,70,1
TXN01907,12654,bank_decline,net_banking,new,3,0.49,6,22,4,1
TXN01908,388,network_error,credit_card,loyal,1,0.36,1,49,11,1
TXN01909,3319,card_expired,credit_card,regular,3,0.74,0,51,4,0
TXN01910,5989,bank_decline,net_banking,loyal,1,0.84,4,42,38,0
TXN01911,4473,insufficient_funds,credit_card,loyal,1,0.71,4,35,62,1
TXN01912,8756,network_error,debit_card,new,2,0.64,6,3,41,1
TXN01913,861,technical_error,net_banking,regular,1,0.33,0,1,34,0
TXN01914,6391,bank_decline,upi,new,2,0.79,2,34,20,0
TXN01915,9424,network_error,debit_card,regular,1,0.84,4,15,42,1
TXN01916,1002,bank_decline,upi,new,3,0.56,0,36,6,0
TXN01917,1068,card_expired,debit_card,new,2,0.71,4,36,59,0
TXN01918,13086,network_error,debit_card,new,1,0.34,6,4,16,0
TXN01919,4342,technical_error,credit_card,loyal,3,0.8,2,41,34,0
TXN01920,10747,insufficient_funds,net_banking,regular,1,0.65,3,46,25,0
TXN01921,1251,card_expired,upi,new,1,0.76,1,45,52,0
TXN01922,5035,insufficient_funds,upi,regular,2,0.41,1,57,54,0
TXN01923,2338,bank_decline,net_banking,new,1,0.51,6,17,11,0
TXN01924,868,card_expired,upi,loyal,2,0.41,6,24,38,0
TXN01925,893,insufficient_funds,net_banking,new,3,0.76,2,35,24,0
TXN01926,14379,network_error,credit_card,regular,2,0.51,6,18,38,0
TXN01927,13548,technical_error,credit_card,new,3,0.37,1,36,65,0
TXN01928,13805,bank_decline,upi,loyal,1,0.62,6,45,8,0
TXN01929,5769,network_error,upi,loyal,3,0.34,6,19,31,1
TXN01930,3741,insufficient_funds,upi,new,3,0.48,2,57,16,0
TXN01931,3835,insufficient_funds,credit_card,new,1,0.78,3,34,60,0
TXN01932,13100,network_error,credit_card,loyal,1,0.46,0,41,26,1
TXN01933,2407,card_expired,upi,new,1,0.9,6,3,10,0
TXN01934,12488,technical_error,net_banking,regular,2,0.36,4,55,53,0
TXN01935,12001,technical_error,credit_card,new,1,0.44,0,52,4,0
TXN01936,5681,card_expired,credit_card,loyal,1,0.87,4,60,2,1
TXN01937,6381,bank_decline,net_banking,loyal,3,0.64,5,19,16,0
TXN01938,7007,network_error,debit_card,regular,2,0.71,2,9,8,1
TXN01939,10090,network_error,credit_card,loyal,3,0.82,2,7,70,1
TXN01940,3990,card_expired,net_banking,regular,1,0.7,6,27,25,0
TXN01941,12044,insufficient_funds,debit_card,loyal,3,0.64,0,16,58,1
TXN01942,5732,card_expired,credit_card,new,2,0.93,5,48,38,1
TXN01943,8983,card_expired,credit_card,regular,3,0.31,6,22,31,0
TXN01944,6679,card_expired,net_banking,loyal,1,0.65,0,8,17,1
TXN01945,14069,network_error,credit_card,new,1,0.65,1,24,50,1
TXN01946,10152,network_error,credit_card,regular,1,0.77,0,21,28,1
TXN01947,3075,insufficient_funds,upi,regular,2,0.34,3,33,71,0
TXN01948,9572,network_error,net_banking,loyal,2,0.59,4,42,19,0
TXN01949,8793,bank_decline,upi,loyal,1,0.38,2,58,71,1
TXN01950,8847,card_expired,debit_card,regular,2,0.46,6,43,71,0
TXN01951,8860,insufficient_funds,net_banking,new,1,0.46,2,40,16,1
TXN01952,11128,bank_decline,net_banking,loyal,3,0.31,6,4,65,0
TXN01953,9448,technical_error,credit_card,regular,2,0.69,0,46,58,0
TXN01954,9750,insufficient_funds,net_banking,loyal,3,0.69,5,27,49,0
TXN01955,10960,bank_decline,net_banking,new,3,0.5,4,51,47,0
TXN01956,10632,technical_error,debit_card,new,2,0.68,2,2,65,0
TXN01957,9530,technical_error,debit_card,new,1,0.37,6,50,29,1
TXN01958,2514,card_expired,net_banking,loyal,3,0.95,0,27,3,0
TXN01959,7949,insufficient_funds,net_banking,loyal,1,0.61,3,58,4,0
TXN01960,3049,insufficient_funds,upi,loyal,3,0.46,4,15,42,0
TXN01961,10069,bank_decline,debit_card,loyal,1,0.75,4,49,3,0
TXN01962,4864,network_error,upi,regular,3,0.38,1,58,56,1
TXN01963,9198,insufficient_funds,net_banking,loyal,2,0.67,1,28,35,1
TXN01964,9221,card_expired,net_banking,regular,2,0.73,6,14,2,0
TXN01965,13450,card_expired,credit_card,loyal,3,0.9,6,13,68,0
TXN01966,5718,network_error,upi,new,2,0.57,1,16,40,0
TXN01967,4654,network_error,credit_card,new,2,0.81,0,1,66,1
TXN01968,6600,card_expired,credit_card,new,1,0.87,6,25,65,0
TXN01969,1530,insufficient_funds,upi,new,1,0.94,3,34,8,0
TXN01970,4775,network_error,upi,loyal,3,0.35,5,21,7,0
TXN01971,12875,insufficient_funds,debit_card,loyal,2,0.74,5,10,7,0
TXN01972,3812,bank_decline,upi,new,2,0.6,4,19,51,0
TXN01973,11903,card_expired,debit_card,loyal,2,0.82,3,43,17,0
TXN01974,5845,network_error,credit_card,loyal,2,0.79,6,31,50,0
TXN01975,2837,technical_error,credit_card,regular,1,0.57,4,44,69,1
TXN01976,3399,insufficient_funds,debit_card,regular,1,0.36,1,60,41,0
TXN01977,3005,insufficient_funds,upi,regular,1,0.62,0,30,2,1
TXN01978,14931,insufficient_funds,credit_card,new,3,0.41,3,8,29,0
TXN01979,4098,technical_error,upi,new,2,0.64,4,23,49,1
TXN01980,3775,card_expired,credit_card,loyal,3,0.5,2,38,7,0
TXN01981,2963,technical_error,upi,new,1,0.89,2,33,6,0
TXN01982,1748,card_expired,upi,regular,1,0.46,1,44,33,0
TXN01983,6726,card_expired,credit_card,new,2,0.8,3,43,66,1
TXN01984,3258,network_error,credit_card,new,3,0.36,3,58,69,0
TXN01985,1876,insufficient_funds,upi,loyal,2,0.42,4,22,63,0
TXN01986,11452,technical_error,net_banking,new,2,0.89,1,56,70,1
TXN01987,2083,technical_error,debit_card,loyal,3,0.98,3,2,44,1
TXN01988,12492,card_expired,credit_card,regular,3,0.7,5,41,55,0
TXN01989,2149,card_expired,net_banking,loyal,1,0.57,3,16,52,0
TXN01990,13431,insufficient_funds,credit_card,regular,1,0.56,1,6,22,1
TXN01991,10508,bank_decline,upi,loyal,1,0.36,3,44,47,1
TXN01992,5689,technical_error,net_banking,new,3,0.48,4,10,10,0
TXN01993,12817,insufficient_funds,credit_card,loyal,1,0.52,3,30,6,0
TXN01994,8953,bank_decline,debit_card,regular,3,0.71,2,51,70,0
TXN01995,2794,insufficient_funds,credit_card,regular,1,0.95,5,47,30,0
TXN01996,9084,card_expired,upi,loyal,2,0.74,2,57,44,0
TXN01997,10189,technical_error,credit_card,loyal,1,0.49,3,41,70,1
TXN01998,13475,network_error,net_banking,new,2,0.93,1,58,70,1
TXN01999,6597,card_expired,debit_card,loyal,3,0.43,4,29,36,0
TXN02000,1477,technical_error,credit_card,loyal,3,0.75,3,32,69,1
TXN02001,9079,insufficient_funds,net_banking,loyal,2,0.79,1,54,17,1
TXN02002,9650,insufficient_funds,net_banking,loyal,1,0.84,4,21,68,1
TXN02003,10743,insufficient_funds,debit_card,regular,1,0.77,0,43,47,0
TXN02004,6592,card_expired,upi,loyal,2,0.69,0,44,16,1
TXN02005,14941,technical_error,debit_card,loyal,2,0.88,2,17,24,0
TXN02006,6641,card_expired,net_banking,new,1,0.54,6,40,38,0
TXN02007,4240,insufficient_funds,upi,regular,1,0.89,1,35,14,1
TXN02008,2893,bank_decline,credit_card,loyal,3,0.92,1,35,44,0
TXN02009,8118,insufficient_funds,upi,regular,1,0.96,1,26,29,0
TXN02010,3841,bank_decline,upi,new,1,0.89,4,7,72,0
TXN02011,6249,bank_decline,credit_card,loyal,2,0.65,3,55,72,1
TXN02012,10192,bank_decline,net_banking,loyal,2,0.86,1,1,25,1
TXN02013,10410,network_error,credit_card,new,2,0.71,1,4,26,1
TXN02014,11745,bank_decline,debit_card,regular,1,0.36,2,14,51,0
TXN02015,5528,bank_decline,net_banking,new,2,0.86,1,7,28,0
TXN02016,6198,technical_error,debit_card,regular,2,0.79,4,7,31,0
TXN02017,7529,bank_decline,credit_card,new,3,0.48,6,10,14,0
TXN02018,12811,network_error,credit_card,regular,1,0.61,4,34,16,0
TXN02019,8780,card_expired,credit_card,loyal,3,0.87,6,31,1,0
TXN02020,2326,insufficient_funds,upi,regular,1,0.91,2,36,55,1
TXN02021,5515,technical_error,net_banking,regular,3,0.6,2,56,22,1
TXN02022,11768,bank_decline,upi,loyal,3,0.49,5,22,55,0
TXN02023,13251,bank_decline,upi,new,3,0.39,4,59,16,0
TXN02024,13510,card_expired,upi,new,1,0.93,0,57,6,1
TXN02025,13333,bank_decline,upi,loyal,1,0.7,1,5,31,1
TXN02026,14574,network_error,upi,regular,1,0.44,2,22,62,1
TXN02027,3543,card_expired,debit_card,loyal,1,0.49,2,55,67,0
TXN02028,6476,card_expired,net_banking,new,2,0.95,5,60,29,0
TXN02029,14927,card_expired,upi,loyal,2,0.4,0,9,47,0
TXN02030,12303,insufficient_funds,upi,regular,1,0.95,0,34,28,0
TXN02031,3032,technical_error,credit_card,loyal,1,0.43,0,9,26,1
TXN02032,14596,network_error,upi,loyal,1,0.34,5,1,12,1
TXN02033,7005,bank_decline,net_banking,new,1,0.79,3,23,4,0
TXN02034,12765,card_expired,net_banking,loyal,3,0.36,3,12,24,0
TXN02035,8065,card_expired,upi,regular,3,0.96,4,41,35,0
TXN02036,6408,insufficient_funds,credit_card,regular,1,0.72,4,53,59,0
TXN02037,10975,technical_error,debit_card,loyal,1,0.57,4,56,24,0
TXN02038,2181,card_expired,debit_card,new,2,0.77,1,29,28,0
TXN02039,10938,technical_error,debit_card,new,2,0.42,1,37,28,0
TXN02040,14643,insufficient_funds,credit_card,loyal,2,0.84,5,55,10,0
TXN02041,4071,technical_error,debit_card,new,1,0.52,2,45,32,0
TXN02042,14219,technical_error,debit_card,regular,3,0.94,2,27,16,1
TXN02043,10761,card_expired,net_banking,new,1,0.85,2,16,3,0
TXN02044,4476,bank_decline,net_banking,loyal,3,0.79,1,58,58,0
TXN02045,14092,technical_error,net_banking,new,1,0.69,3,5,21,1
TXN02046,4238,technical_error,net_banking,loyal,2,0.79,1,32,42,1
TXN02047,9347,technical_error,debit_card,new,1,0.32,5,49,13,1
TXN02048,6168,card_expired,credit_card,loyal,1,0.42,0,17,71,0
TXN02049,13484,card_expired,net_banking,regular,3,0.44,5,47,48,0
TXN02050,6055,insufficient_funds,debit_card,loyal,3,0.57,0,52,6,1
TXN02051,4756,bank_decline,debit_card,regular,3,0.36,4,55,42,0
TXN02052,1288,bank_decline,debit_card,new,3,0.69,6,6,3,0
TXN02053,10733,technical_error,debit_card,loyal,3,0.81,5,2,12,1
TXN02054,8031,bank_decline,debit_card,new,3,0.86,0,37,54,0
TXN02055,1554,insufficient_funds,net_banking,new,3,0.96,1,26,7,0
TXN02056,12189,insufficient_funds,credit_card,new,1,0.38,5,60,59,0
TXN02057,12531,insufficient_funds,credit_card,new,3,0.82,5,6,15,1
TXN02058,6797,network_error,debit_card,new,1,0.38,5,3,58,1
TXN02059,5818,technical_error,net_banking,new,1,0.93,5,47,28,1
TXN02060,9569,insufficient_funds,net_banking,regular,2,0.44,0,43,23,0
TXN02061,14566,bank_decline,credit_card,new,2,0.42,0,19,3,0
TXN02062,11390,card_expired,debit_card,regular,1,0.69,2,9,20,0
TXN02063,6353,insufficient_funds,credit_card,loyal,1,0.78,2,23,49,0
TXN02064,1281,network_error,debit_card,loyal,3,0.69,2,9,64,0
TXN02065,12919,network_error,debit_card,regular,1,0.4,1,28,46,1
TXN02066,9041,bank_decline,net_banking,regular,1,0.44,0,17,10,0
TXN02067,12955,insufficient_funds,credit_card,new,2,0.93,3,8,47,0
TXN02068,8053,insufficient_funds,net_banking,regular,1,0.41,4,4,57,0
TXN02069,1598,card_expired,net_banking,loyal,1,0.58,1,9,37,0
TXN02070,14963,network_error,upi,regular,2,0.95,1,53,1,1
TXN02071,11838,bank_decline,credit_card,new,1,0.38,4,24,52,0
TXN02072,9447,card_expired,upi,regular,2,0.72,2,29,45,0
TXN02073,7165,insufficient_funds,debit_card,regular,2,0.87,1,54,33,1
TXN02074,244,network_error,credit_card,loyal,1,0.82,6,51,66,1
TXN02075,3595,network_error,net_banking,loyal,1,0.37,3,18,12,1
TXN02076,7143,technical_error,credit_card,loyal,1,0.65,6,47,47,1
TXN02077,2626,technical_error,credit_card,loyal,1,0.96,5,4,60,1
TXN02078,8529,network_error,net_banking,regular,1,0.47,3,46,30,1
TXN02079,983,bank_decline,upi,loyal,2,0.63,1,52,52,1
TXN02080,11735,insufficient_funds,credit_card,new,3,0.6,2,35,68,0
TXN02081,7520,card_expired,net_banking,loyal,2,0.64,1,8,72,1
TXN02082,3459,insufficient_funds,net_banking,new,2,0.93,6,28,51,0
TXN02083,2639,network_error,upi,loyal,1,0.66,6,9,61,1
TXN02084,1143,bank_decline,net_banking,regular,2,0.37,2,41,4,0
TXN02085,13226,network_error,credit_card,regular,3,0.63,3,8,33,1
TXN02086,12471,bank_decline,debit_card,loyal,3,0.35,5,37,35,0
TXN02087,5361,insufficient_funds,credit_card,regular,1,0.33,4,39,65,1
TXN02088,9860,bank_decline,net_banking,regular,3,0.66,3,41,29,0
TXN02089,3454,card_expired,net_banking,loyal,1,0.85,3,39,72,0
TXN02090,1872,card_expired,net_banking,new,1,0.45,2,4,63,0
TXN02091,4560,insufficient_funds,debit_card,new,2,0.6,1,48,66,0
TXN02092,9950,bank_decline,credit_card,loyal,2,0.85,0,46,34,1
TXN02093,7258,insufficient_funds,credit_card,new,2,0.33,3,53,70,0
TXN02094,1931,network_error,net_banking,new,1,0.75,5,2,34,1
TXN02095,14977,technical_error,credit_card,new,2,0.77,6,40,66,0
TXN02096,14699,technical_error,net_banking,new,1,0.36,3,2,69,0
TXN02097,9828,bank_decline,credit_card,new,3,0.93,2,20,69,1
TXN02098,12616,network_error,net_banking,regular,3,0.65,1,37,57,0
TXN02099,6324,card_expired,credit_card,loyal,1,0.34,0,17,70,1
TXN02100,7971,bank_decline,net_banking,loyal,1,0.86,1,54,25,1
TXN02101,1594,bank_decline,net_banking,new,3,0.75,1,33,64,0
TXN02102,9873,bank_decline,debit_card,loyal,3,0.59,4,10,60,0
TXN02103,6624,technical_error,net_banking,loyal,3,0.33,0,38,46,1
TXN02104,2131,bank_decline,credit_card,loyal,2,0.38,3,3,64,0
TXN02105,10723,insufficient_funds,debit_card,regular,2,0.76,6,45,71,0
TXN02106,5660,card_expired,upi,new,2,0.7,6,52,51,0
TXN02107,10685,network_error,net_banking,loyal,3,0.49,4,25,50,0
TXN02108,12002,bank_decline,net_banking,new,2,0.61,2,10,9,0
TXN02109,2705,technical_error,upi,new,2,0.4,2,38,32,0
TXN02110,6862,bank_decline,debit_card,new,3,0.96,6,50,29,0
TXN02111,6755,technical_error,debit_card,loyal,1,0.9,1,17,51,1
TXN02112,12535,technical_error,net_banking,loyal,3,0.35,0,40,9,1
TXN02113,1410,insufficient_funds,credit_card,loyal,3,0.47,5,49,21,0
TXN02114,14505,insufficient_funds,net_banking,new,1,0.45,5,27,1,0
TXN02115,4273,network_error,upi,regular,3,0.65,3,22,3,0
TXN02116,6103,bank_decline,upi,regular,1,0.48,4,7,55,0
TXN02117,717,insufficient_funds,upi,regular,1,0.84,3,26,9,0
TXN02118,12329,card_expired,credit_card,loyal,1,0.78,4,35,70,0
TXN02119,9157,technical_error,credit_card,regular,2,0.87,1,7,35,1
TXN02120,4637,card_expired,credit_card,new,2,0.72,3,41,49,0
TXN02121,9144,card_expired,debit_card,loyal,3,0.57,4,36,57,0
TXN02122,8502,card_expired,upi,loyal,1,0.52,4,17,41,0
TXN02123,1007,network_error,credit_card,loyal,1,0.79,5,12,8,0
TXN02124,12996,card_expired,upi,new,3,0.93,5,3,45,0
TXN02125,7973,network_error,net_banking,loyal,3,0.34,6,39,69,0
TXN02126,9297,card_expired,debit_card,regular,2,0.47,5,42,17,0
TXN02127,9690,bank_decline,upi,regular,3,0.34,3,1,7,1
TXN02128,10948,technical_error,upi,new,2,0.66,4,17,23,1
TXN02129,6365,card_expired,upi,loyal,3,0.72,3,32,53,1
TXN02130,13129,card_expired,upi,new,1,0.86,2,21,55,0
TXN02131,8228,card_expired,upi,loyal,1,0.69,6,20,41,0
TXN02132,3350,technical_error,credit_card,regular,1,0.46,6,24,34,0
TXN02133,14550,card_expired,debit_card,loyal,1,0.82,2,45,38,1
TXN02134,6696,bank_decline,upi,new,1,0.31,5,28,21,0
TXN02135,2140,insufficient_funds,debit_card,regular,1,0.96,6,29,55,0
TXN02136,8037,card_expired,upi,regular,1,0.82,4,5,50,1
TXN02137,1495,insufficient_funds,upi,loyal,1,0.36,6,33,33,0
TXN02138,8671,card_expired,credit_card,new,3,0.31,3,38,67,0
TXN02139,8083,card_expired,debit_card,new,1,0.42,4,57,46,0
TXN02140,13071,network_error,upi,regular,1,0.98,3,51,34,0
TXN02141,10662,card_expired,credit_card,new,3,0.38,1,4,27,0
TXN02142,3948,card_expired,upi,new,2,0.54,4,47,50,0
TXN02143,8921,network_error,net_banking,loyal,2,0.96,5,11,48,0
TXN02144,8622,insufficient_funds,upi,new,1,0.76,5,49,30,0
TXN02145,14595,bank_decline,upi,regular,1,0.32,3,17,40,0
TXN02146,4872,card_expired,upi,loyal,1,0.89,6,57,10,1
TXN02147,3371,insufficient_funds,net_banking,regular,3,0.72,5,47,63,0
TXN02148,10371,network_error,net_banking,regular,2,0.82,1,43,38,1
TXN02149,11316,insufficient_funds,net_banking,new,1,0.43,6,36,69,0
TXN02150,2980,network_error,net_banking,regular,3,0.31,4,4,9,0
TXN02151,6541,insufficient_funds,credit_card,regular,2,0.79,1,3,50,0
TXN02152,13189,insufficient_funds,upi,loyal,3,0.64,1,18,30,1
TXN02153,3960,bank_decline,credit_card,new,3,0.84,5,7,66,1
TXN02154,14496,card_expired,net_banking,regular,3,0.49,0,54,55,0
TXN02155,3022,bank_decline,upi,regular,3,0.95,2,17,55,1
TXN02156,8911,insufficient_funds,upi,loyal,1,0.62,4,14,58,0
TXN02157,9251,network_error,credit_card,loyal,3,0.74,6,47,42,1
TXN02158,9960,network_error,debit_card,loyal,2,0.95,4,43,33,0
TXN02159,12247,card_expired,net_banking,loyal,3,0.65,1,57,8,0
TXN02160,5352,card_expired,debit_card,regular,1,0.49,3,44,18,0
TXN02161,4010,network_error,credit_card,loyal,3,0.67,3,46,33,1
TXN02162,2365,insufficient_funds,debit_card,loyal,2,0.41,1,16,14,1
TXN02163,2046,technical_error,net_banking,new,2,0.93,1,57,27,0
TXN02164,8671,technical_error,credit_card,loyal,3,0.68,1,11,19,1
TXN02165,13572,network_error,credit_card,new,1,0.42,0,2,9,0
TXN02166,6523,card_expired,net_banking,regular,1,0.33,0,33,72,0
TXN02167,11287,card_expired,net_banking,new,1,0.67,6,19,25,0
TXN02168,13255,network_error,upi,new,3,0.46,4,19,41,0
TXN02169,10704,network_error,credit_card,regular,2,0.59,6,50,71,0
TXN02170,3394,bank_decline,upi,regular,3,0.52,5,51,13,1
TXN02171,3453,network_error,net_banking,regular,1,0.3,6,53,36,0
TXN02172,12360,technical_error,net_banking,regular,1,0.53,5,3,56,1
TXN02173,14894,card_expired,net_banking,regular,1,0.35,5,26,48,0
TXN02174,1617,network_error,debit_card,regular,1,0.85,4,21,13,1
TXN02175,13601,technical_error,upi,loyal,2,0.33,4,1,48,0
TXN02176,12655,insufficient_funds,net_banking,regular,3,0.44,4,10,49,0
TXN02177,9497,technical_error,net_banking,new,2,0.71,6,1,68,1
TXN02178,7301,technical_error,credit_card,regular,3,0.98,5,42,63,0
TXN02179,1390,bank_decline,credit_card,regular,3,0.59,2,30,10,0
TXN02180,14893,card_expired,credit_card,loyal,3,0.46,0,6,17,0
TXN02181,11694,bank_decline,net_banking,loyal,3,0.69,6,56,24,0
TXN02182,5159,network_error,credit_card,loyal,2,0.94,0,51,60,1
TXN02183,8563,bank_decline,credit_card,regular,2,0.61,5,6,18,0
TXN02184,6509,technical_error,debit_card,new,1,0.67,6,54,71,1
TXN02185,1705,technical_error,net_banking,new,2,0.48,1,10,62,1
TXN02186,9827,network_error,net_banking,new,3,0.9,2,47,47,1
TXN02187,2360,network_error,upi,loyal,2,0.55,6,54,6,1
TXN02188,12971,technical_error,debit_card,new,3,0.4,6,56,47,0
TXN02189,200,technical_error,credit_card,loyal,1,0.34,3,15,44,1
TXN02190,1065,card_expired,debit_card,new,1,0.49,6,31,23,0
TXN02191,9374,technical_error,upi,loyal,2,0.3,0,32,67,0
TXN02192,13582,technical_error,debit_card,new,3,0.48,3,16,12,1
TXN02193,7076,network_error,net_banking,loyal,2,0.3,0,4,45,0
TXN02194,10710,network_error,credit_card,new,3,0.55,0,40,23,0
TXN02195,14714,network_error,credit_card,regular,1,0.59,5,57,6,0
TXN02196,3925,card_expired,credit_card,loyal,1,0.44,0,30,10,0
TXN02197,9926,bank_decline,credit_card,new,2,0.47,5,54,12,0
TXN02198,9604,bank_decline,upi,loyal,2,0.45,5,10,67,0
TXN02199,9917,technical_error,debit_card,regular,2,0.39,2,18,61,0
TXN02200,6973,network_error,debit_card,regular,1,0.85,6,35,11,1
TXN02201,12824,network_error,credit_card,regular,2,0.33,2,50,72,0
TXN02202,6807,insufficient_funds,debit_card,new,2,0.91,1,57,47,0
TXN02203,8785,insufficient_funds,upi,new,2,0.66,3,56,35,0
TXN02204,7333,network_error,net_banking,regular,1,0.7,1,46,33,0
TXN02205,9079,technical_error,debit_card,loyal,2,0.96,2,52,30,1
TXN02206,13271,bank_decline,net_banking,new,3,0.33,2,4,58,0
TXN02207,4733,network_error,net_banking,regular,2,0.72,2,6,47,0
TXN02208,2812,insufficient_funds,debit_card,loyal,1,0.7,4,60,43,0
TXN02209,5517,network_error,credit_card,regular,3,0.78,5,2,14,0
TXN02210,1833,network_error,credit_card,regular,3,0.94,0,39,3,1
TXN02211,13396,bank_decline,net_banking,loyal,2,0.34,5,12,22,0
TXN02212,6853,technical_error,upi,new,2,0.86,2,45,11,0
TXN02213,210,network_error,debit_card,new,2,0.91,6,51,46,0
TXN02214,1175,network_error,debit_card,regular,3,0.92,0,21,15,1
TXN02215,14336,insufficient_funds,upi,loyal,3,0.77,2,29,44,1
TXN02216,4828,network_error,net_banking,new,2,0.78,6,9,60,0
TXN02217,1011,bank_decline,upi,loyal,1,0.92,5,49,9,1
TXN02218,6633,bank_decline,debit_card,regular,3,0.31,5,58,16,1
TXN02219,5905,insufficient_funds,credit_card,new,2,0.33,4,45,37,0
TXN02220,9092,bank_decline,credit_card,new,3,0.53,4,40,23,0
TXN02221,6084,bank_decline,debit_card,regular,3,0.69,1,3,47,0
TXN02222,744,network_error,net_banking,regular,3,0.94,0,42,3,1
TXN02223,7220,technical_error,credit_card,new,3,0.56,3,31,34,1
TXN02224,11594,insufficient_funds,net_banking,loyal,2,0.77,1,46,28,0
TXN02225,9543,bank_decline,upi,loyal,3,0.95,2,56,29,1
TXN02226,6632,card_expired,net_banking,regular,1,0.53,0,14,21,0
TXN02227,13773,network_error,credit_card,regular,1,0.97,2,17,17,0
TXN02228,3208,bank_decline,credit_card,regular,3,0.47,4,4,24,0
TXN02229,9582,insufficient_funds,debit_card,new,2,0.53,0,5,2,0
TXN02230,723,technical_error,credit_card,loyal,2,0.87,0,23,32,1
TXN02231,12722,technical_error,net_banking,loyal,2,0.47,1,57,15,1
TXN02232,6632,card_expired,debit_card,new,3,0.93,2,58,43,0
TXN02233,7679,bank_decline,net_banking,regular,3,0.89,0,11,55,1
TXN02234,6675,network_error,debit_card,new,2,0.76,1,52,2,0
TXN02235,2517,card_expired,upi,regular,3,0.43,2,30,60,0
TXN02236,11585,technical_error,debit_card,new,2,0.38,6,23,21,0
TXN02237,12519,technical_error,credit_card,new,1,0.59,1,7,22,1
TXN02238,8792,network_error,net_banking,loyal,1,0.77,4,7,56,1
TXN02239,2036,technical_error,net_banking,new,3,0.55,4,36,11,0
TXN02240,14629,bank_decline,net_banking,loyal,2,0.41,5,7,49,0
TXN02241,928,network_error,upi,new,2,0.66,6,45,28,1
TXN02242,6351,technical_error,debit_card,loyal,3,0.63,1,52,66,1
TXN02243,14651,bank_decline,credit_card,loyal,1,0.98,1,11,62,1
TXN02244,1084,insufficient_funds,debit_card,loyal,2,0.66,5,60,30,1
TXN02245,2747,network_error,upi,new,2,0.49,2,42,28,0
TXN02246,12476,technical_error,credit_card,new,2,0.96,2,37,26,0
TXN02247,11228,insufficient_funds,credit_card,new,1,0.73,0,18,20,1
TXN02248,2349,insufficient_funds,net_banking,regular,2,0.88,1,45,14,1
TXN02249,11961,insufficient_funds,credit_card,new,3,0.36,2,57,7,0
TXN02250,6685,insufficient_funds,credit_card,loyal,1,0.53,6,39,30,0
TXN02251,7408,card_expired,net_banking,regular,2,0.91,0,40,69,1
TXN02252,12781,network_error,credit_card,loyal,1,0.97,0,27,10,1
TXN02253,6395,technical_error,credit_card,new,3,0.81,4,14,16,0
TXN02254,677,bank_decline,debit_card,loyal,3,0.86,0,40,50,1
TXN02255,2671,technical_error,credit_card,new,1,0.59,0,33,8,1
TXN02256,9328,bank_decline,net_banking,regular,2,0.95,0,25,30,0
TXN02257,2706,network_error,net_banking,regular,2,0.34,4,19,33,1
TXN02258,792,card_expired,net_banking,regular,1,0.77,4,50,25,0
TXN02259,9498,card_expired,upi,new,2,0.74,3,11,59,0
TXN02260,14069,insufficient_funds,net_banking,new,2,0.9,0,6,38,0
TXN02261,4389,insufficient_funds,net_banking,loyal,1,0.93,5,22,72,0
TXN02262,4567,insufficient_funds,credit_card,loyal,3,0.88,5,57,6,0
TXN02263,8277,technical_error,credit_card,loyal,3,0.93,1,41,31,1
TXN02264,13645,network_error,net_banking,regular,1,0.44,2,52,31,0
TXN02265,11999,bank_decline,net_banking,new,2,0.75,2,35,31,1
TXN02266,4471,insufficient_funds,credit_card,loyal,1,0.35,5,54,47,0
TXN02267,8867,card_expired,net_banking,new,2,0.97,2,24,60,0
TXN02268,6596,technical_error,upi,regular,2,0.84,3,38,35,0
TXN02269,14969,bank_decline,debit_card,regular,1,0.6,4,31,35,0
TXN02270,12129,technical_error,net_banking,new,2,0.44,2,9,11,1
TXN02271,4878,bank_decline,credit_card,loyal,3,0.92,4,22,40,0
TXN02272,13549,bank_decline,debit_card,regular,3,0.4,6,24,49,0
TXN02273,14032,card_expired,debit_card,new,1,0.31,6,18,18,0
TXN02274,12929,technical_error,credit_card,regular,1,0.56,6,19,7,0
TXN02275,4538,technical_error,debit_card,new,1,0.94,6,8,39,0
TXN02276,14718,bank_decline,debit_card,loyal,1,0.61,3,15,59,1
TXN02277,11352,network_error,credit_card,loyal,3,0.77,0,32,68,0
TXN02278,2936,insufficient_funds,credit_card,new,2,0.8,3,6,72,1
TXN02279,2762,insufficient_funds,upi,loyal,2,0.8,1,28,65,0
TXN02280,4455,bank_decline,net_banking,new,1,0.64,5,11,4,0
TXN02281,6932,bank_decline,debit_card,new,2,0.61,1,37,56,0
TXN02282,5507,card_expired,debit_card,new,2,0.3,2,59,8,0
TXN02283,964,bank_decline,debit_card,regular,3,0.34,2,21,67,0
TXN02284,947,network_error,credit_card,new,2,0.88,1,47,17,1
TXN02285,3252,bank_decline,net_banking,loyal,1,0.38,0,39,39,1
TXN02286,9598,network_error,debit_card,regular,3,0.85,5,6,64,0
TXN02287,774,insufficient_funds,credit_card,new,2,0.72,2,46,20,0
TXN02288,6602,insufficient_funds,credit_card,loyal,3,0.43,5,41,63,0
TXN02289,5835,insufficient_funds,upi,loyal,2,0.86,6,43,28,0
TXN02290,2630,insufficient_funds,debit_card,loyal,3,0.82,3,15,25,0
TXN02291,10085,technical_error,debit_card,new,2,0.55,3,45,29,0
TXN02292,3894,insufficient_funds,debit_card,regular,2,0.36,2,3,61,0
TXN02293,1002,technical_error,net_banking,new,3,0.43,4,32,16,0
TXN02294,13420,insufficient_funds,debit_card,regular,1,0.37,3,8,20,0
TXN02295,6003,technical_error,debit_card,loyal,3,0.68,1,46,12,0
TXN02296,8277,card_expired,upi,loyal,2,0.83,3,13,42,0
TXN02297,4503,insufficient_funds,debit_card,new,1,0.97,1,10,21,0
TXN02298,8528,network_error,credit_card,loyal,2,0.47,1,23,72,0
TXN02299,14258,technical_error,debit_card,loyal,3,0.97,5,56,24,1
TXN02300,5995,card_expired,credit_card,regular,1,0.86,4,22,28,0
TXN02301,1007,card_expired,debit_card,loyal,3,0.63,6,16,9,0
TXN02302,2079,technical_error,credit_card,regular,2,0.76,3,18,14,0
TXN02303,303,card_expired,upi,new,3,0.95,6,8,72,0
TXN02304,422,network_error,debit_card,regular,1,0.57,0,33,37,1
TXN02305,3955,technical_error,net_banking,loyal,2,0.56,2,47,36,0
TXN02306,937,bank_decline,upi,regular,3,0.35,1,60,9,0
TXN02307,7214,bank_decline,credit_card,new,3,0.82,5,22,43,0
TXN02308,477,technical_error,credit_card,loyal,3,0.56,1,38,42,1
TXN02309,8337,bank_decline,debit_card,new,2,0.85,6,9,3,0
TXN02310,7320,insufficient_funds,credit_card,new,3,0.89,3,7,18,0
TXN02311,1671,insufficient_funds,upi,new,1,0.69,6,46,56,0
TXN02312,10363,card_expired,net_banking,loyal,3,0.74,3,3,67,0
TXN02313,1415,insufficient_funds,net_banking,regular,2,0.46,6,39,24,0
TXN02314,10882,card_expired,credit_card,regular,2,0.77,4,35,61,0
TXN02315,7087,bank_decline,debit_card,loyal,1,0.94,5,37,40,1
TXN02316,10073,network_error,net_banking,regular,2,0.43,4,44,43,1
TXN02317,2242,insufficient_funds,credit_card,new,1,0.7,2,54,4,0
TXN02318,8167,card_expired,upi,regular,3,0.74,6,59,37,0
TXN02319,11848,network_error,credit_card,new,2,0.96,3,26,40,1
TXN02320,11101,card_expired,net_banking,regular,2,0.69,4,29,40,0
TXN02321,1658,card_expired,debit_card,regular,2,0.59,0,17,43,1
TXN02322,6863,insufficient_funds,upi,regular,3,0.45,1,3,50,0
TXN02323,9457,card_expired,debit_card,regular,2,0.35,5,37,46,0
TXN02324,11602,card_expired,debit_card,regular,1,0.33,2,38,60,0
TXN02325,3136,bank_decline,upi,new,1,0.66,3,27,27,0
TXN02326,4046,network_error,upi,loyal,2,0.92,4,55,72,0
TXN02327,12708,bank_decline,net_banking,regular,2,0.58,3,16,39,0
TXN02328,12548,bank_decline,upi,loyal,1,0.51,2,51,10,0
TXN02329,5202,technical_error,credit_card,regular,3,0.93,4,16,32,0
TXN02330,14252,bank_decline,upi,loyal,2,0.49,4,57,35,0
TXN02331,4522,network_error,debit_card,new,1,0.33,2,33,54,1
TXN02332,12044,card_expired,debit_card,loyal,3,0.86,5,50,67,0
TXN02333,4617,network_error,debit_card,new,1,0.96,6,37,58,1
TXN02334,11525,insufficient_funds,credit_card,regular,1,0.63,2,58,67,1
TXN02335,4903,card_expired,upi,regular,2,0.84,1,55,17,1
TXN02336,366,network_error,upi,regular,3,0.59,2,25,9,1
TXN02337,10209,insufficient_funds,credit_card,new,1,0.91,6,23,14,1
TXN02338,2080,insufficient_funds,net_banking,regular,2,0.89,4,46,51,1
TXN02339,9741,bank_decline,net_banking,new,3,0.94,6,6,28,0
TXN02340,4477,bank_decline,upi,new,2,0.77,3,25,29,1
TXN02341,3850,technical_error,upi,new,1,0.5,1,13,53,1
TXN02342,11189,insufficient_funds,credit_card,new,1,0.51,2,12,34,0
TXN02343,10948,network_error,credit_card,regular,1,0.75,5,38,54,1
TXN02344,11556,card_expired,credit_card,new,3,0.84,5,21,19,0
TXN02345,4797,card_expired,credit_card,new,3,0.36,5,32,57,0
TXN02346,1255,card_expired,upi,new,1,0.51,6,21,8,0
TXN02347,8991,bank_decline,credit_card,new,1,0.85,4,18,55,0
TXN02348,3168,card_expired,upi,loyal,1,0.44,1,34,20,0
TXN02349,4030,network_error,debit_card,new,1,0.52,4,7,28,1
TXN02350,363,insufficient_funds,credit_card,new,1,0.47,3,29,9,0
TXN02351,2212,card_expired,net_banking,regular,1,0.6,3,10,62,0
TXN02352,5891,bank_decline,debit_card,loyal,1,0.42,5,24,27,1
TXN02353,3035,insufficient_funds,upi,regular,1,0.46,1,18,17,1
TXN02354,9050,bank_decline,net_banking,new,3,0.85,6,59,3,0
TXN02355,11958,insufficient_funds,debit_card,loyal,1,0.5,2,4,57,0
TXN02356,12032,card_expired,upi,loyal,3,0.61,6,7,61,0
TXN02357,11521,card_expired,upi,regular,2,0.37,6,54,24,0
TXN02358,1019,card_expired,upi,loyal,3,0.45,6,59,57,0
TXN02359,11302,card_expired,debit_card,regular,3,0.89,0,12,20,1
TXN02360,857,technical_error,upi,regular,2,0.82,2,46,33,0
TXN02361,12073,insufficient_funds,debit_card,regular,1,0.73,3,37,10,0
TXN02362,1833,insufficient_funds,credit_card,new,1,0.38,3,33,6,0
TXN02363,5879,technical_error,net_banking,loyal,3,0.33,0,30,7,0
TXN02364,8141,bank_decline,credit_card,loyal,1,0.71,2,7,33,0
TXN02365,3119,technical_error,upi,loyal,1,0.64,1,12,19,0
TXN02366,6553,bank_decline,debit_card,new,3,0.61,1,2,47,0
TXN02367,2651,insufficient_funds,credit_card,regular,1,0.56,2,44,34,0
TXN02368,10784,card_expired,debit_card,new,3,0.8,5,35,26,0
TXN02369,4949,bank_decline,upi,regular,1,0.51,6,34,64,0
TXN02370,9704,bank_decline,credit_card,regular,2,0.31,1,1,48,0
TXN02371,6385,technical_error,upi,new,3,0.82,2,13,58,1
TXN02372,10422,insufficient_funds,net_banking,regular,3,0.75,1,57,41,0
TXN02373,4591,insufficient_funds,net_banking,regular,2,0.52,1,11,46,0
TXN02374,487,card_expired,credit_card,regular,2,0.67,1,52,18,1
TXN02375,6243,technical_error,debit_card,new,3,0.49,0,21,53,1
TXN02376,2684,technical_error,upi,regular,3,0.78,3,15,56,1
TXN02377,11150,insufficient_funds,net_banking,new,3,0.79,5,49,24,1
TXN02378,6376,network_error,upi,loyal,2,0.72,0,42,71,1
TXN02379,3387,insufficient_funds,credit_card,new,3,0.67,6,3,6,0
TXN02380,8956,insufficient_funds,debit_card,new,3,0.36,6,10,13,0
TXN02381,3032,network_error,upi,loyal,2,0.65,0,46,48,1
TXN02382,14449,card_expired,net_banking,loyal,2,0.97,2,58,2,1
TXN02383,9749,network_error,upi,regular,3,0.67,3,20,40,0
TXN02384,13916,network_error,credit_card,regular,1,0.69,4,59,64,1
TXN02385,8792,card_expired,debit_card,regular,3,0.52,5,25,52,0
TXN02386,14457,card_expired,upi,loyal,1,0.71,5,9,28,1
TXN02387,3153,network_error,debit_card,loyal,2,0.85,1,5,25,1
TXN02388,5207,network_error,credit_card,regular,1,0.72,4,14,15,1
TXN02389,8156,technical_error,credit_card,new,2,0.89,3,10,53,1
TXN02390,9933,technical_error,upi,loyal,3,0.66,5,11,66,0
TXN02391,2016,technical_error,credit_card,new,1,0.9,3,27,3,0
TXN02392,12408,insufficient_funds,credit_card,new,1,0.54,1,48,21,0
TXN02393,3368,technical_error,net_banking,new,1,0.3,5,3,42,0
TXN02394,4626,insufficient_funds,debit_card,loyal,3,0.3,2,36,21,0
TXN02395,14002,technical_error,debit_card,loyal,3,0.82,0,4,58,1
TXN02396,11627,card_expired,debit_card,regular,2,0.93,6,15,23,0
TXN02397,14774,insufficient_funds,net_banking,loyal,1,0.45,3,27,11,0
TXN02398,10603,network_error,net_banking,new,2,0.61,1,28,71,1
TXN02399,12929,network_error,credit_card,new,1,0.41,4,51,21,1
TXN02400,3896,technical_error,debit_card,new,3,0.67,4,47,29,1
TXN02401,3261,card_expired,credit_card,loyal,2,0.52,6,48,3,0
TXN02402,14874,card_expired,net_banking,regular,1,0.74,3,49,48,0
TXN02403,2936,network_error,credit_card,loyal,2,0.47,0,40,17,1
TXN02404,7484,card_expired,credit_card,regular,3,0.77,2,38,54,0
TXN02405,8936,insufficient_funds,upi,regular,3,0.64,5,44,3,0
TXN02406,13666,insufficient_funds,net_banking,regular,2,0.77,6,26,69,0
TXN02407,2998,technical_error,upi,loyal,1,0.39,3,14,40,0
TXN02408,9918,technical_error,debit_card,regular,2,0.45,2,43,56,0
TXN02409,347,card_expired,upi,new,3,0.89,0,29,35,0
TXN02410,2538,technical_error,net_banking,regular,3,0.97,2,5,57,1
TXN02411,6693,card_expired,credit_card,loyal,1,0.68,4,30,40,0
TXN02412,8359,bank_decline,upi,loyal,3,0.88,2,26,36,1
TXN02413,8540,insufficient_funds,upi,new,2,0.61,2,54,59,0
TXN02414,10520,bank_decline,debit_card,regular,3,0.7,6,35,14,0
TXN02415,4999,technical_error,credit_card,regular,2,0.51,6,39,22,0
TXN02416,8633,card_expired,credit_card,regular,1,0.38,0,11,52,1
TXN02417,7715,network_error,net_banking,regular,2,0.68,0,2,70,1
TXN02418,8959,bank_decline,upi,loyal,1,0.82,0,36,70,1
TXN02419,3312,network_error,upi,regular,2,0.75,4,36,31,0
TXN02420,12273,card_expired,upi,loyal,1,0.68,3,56,31,1
TXN02421,7524,bank_decline,credit_card,new,1,0.44,5,23,50,0
TXN02422,6807,network_error,upi,loyal,1,0.31,2,25,38,1
TXN02423,4477,technical_error,debit_card,regular,3,0.75,2,28,58,0
TXN02424,8435,card_expired,credit_card,loyal,1,0.66,1,27,5,1
TXN02425,10538,insufficient_funds,net_banking,regular,3,0.38,1,18,38,0
TXN02426,4329,insufficient_funds,credit_card,regular,2,0.49,2,28,72,0
TXN02427,6767,bank_decline,debit_card,regular,1,0.56,6,50,17,1
TXN02428,5839,technical_error,net_banking,regular,1,0.51,3,50,23,1
TXN02429,14210,insufficient_funds,credit_card,loyal,1,0.53,1,60,38,1
TXN02430,681,bank_decline,net_banking,regular,2,0.91,2,35,37,0
TXN02431,5535,bank_decline,debit_card,loyal,2,0.52,0,55,30,0
TXN02432,5320,network_error,net_banking,new,1,0.5,5,23,28,1
TXN02433,11693,technical_error,credit_card,new,3,0.47,1,43,24,0
TXN02434,14436,network_error,net_banking,new,3,0.4,3,32,21,0
TXN02435,4635,technical_error,debit_card,loyal,2,0.68,5,44,42,1
TXN02436,3001,insufficient_funds,upi,new,3,0.87,1,46,41,1
TXN02437,2094,technical_error,upi,regular,2,0.72,3,5,8,1
TXN02438,1055,technical_error,credit_card,regular,2,0.71,2,29,59,1
TXN02439,7926,insufficient_funds,upi,loyal,1,0.54,1,20,57,0
TXN02440,12189,bank_decline,credit_card,regular,1,0.54,2,45,59,1
TXN02441,4941,technical_error,debit_card,new,2,0.46,4,35,4,1
TXN02442,2244,technical_error,debit_card,regular,1,0.89,0,45,26,1
TXN02443,10756,technical_error,debit_card,regular,1,0.65,4,35,23,0
TXN02444,9322,network_error,upi,new,2,0.67,1,1,37,0
TXN02445,7323,insufficient_funds,upi,loyal,1,0.51,0,29,40,1
TXN02446,13827,insufficient_funds,upi,loyal,1,0.63,6,51,66,1
TXN02447,8586,technical_error,credit_card,regular,2,0.77,1,19,36,0
TXN02448,8335,network_error,net_banking,regular,3,0.56,1,38,51,0
TXN02449,1269,bank_decline,debit_card,new,2,0.39,4,37,33,0
TXN02450,10507,card_expired,upi,regular,1,0.71,4,38,4,0
TXN02451,2037,network_error,upi,regular,1,0.69,4,58,30,0
TXN02452,11402,bank_decline,debit_card,new,3,0.36,4,27,67,0
TXN02453,4910,insufficient_funds,upi,regular,2,0.8,4,50,67,1
TXN02454,12505,technical_error,net_banking,loyal,2,0.6,4,59,48,0
TXN02455,14779,card_expired,upi,loyal,3,0.69,6,34,17,0
TXN02456,12355,network_error,credit_card,new,1,0.35,5,38,60,0
TXN02457,10181,network_error,debit_card,regular,3,0.67,5,39,58,0
TXN02458,7771,network_error,upi,loyal,3,0.5,2,60,43,0
TXN02459,13141,bank_decline,debit_card,regular,2,0.82,1,34,51,0
TXN02460,1917,network_error,debit_card,loyal,1,0.73,1,34,65,1
TXN02461,7317,technical_error,credit_card,new,3,0.47,3,54,69,1
TXN02462,5714,technical_error,credit_card,new,3,0.84,5,59,22,0
TXN02463,7495,card_expired,credit_card,regular,2,0.4,6,28,55,0
TXN02464,3821,bank_decline,credit_card,loyal,3,0.51,4,35,3,0
TXN02465,7813,network_error,upi,new,1,0.76,0,48,16,1
TXN02466,4150,technical_error,credit_card,new,1,0.95,4,9,61,1
TXN02467,10789,bank_decline,upi,new,1,0.79,0,37,8,0
TXN02468,5575,technical_error,credit_card,loyal,3,0.38,2,21,8,0
TXN02469,5104,insufficient_funds,net_banking,new,2,0.35,2,60,68,0
TXN02470,6411,card_expired,debit_card,regular,1,0.45,2,33,52,0
TXN02471,3624,bank_decline,debit_card,loyal,1,0.78,5,22,70,1
TXN02472,14516,card_expired,credit_card,regular,3,0.95,3,43,32,1
TXN02473,5677,card_expired,net_banking,new,3,0.63,1,23,45,0
TXN02474,2095,network_error,net_banking,regular,1,0.57,5,40,6,0
TXN02475,13935,technical_error,debit_card,regular,2,0.42,0,55,21,0
TXN02476,7111,card_expired,net_banking,new,2,0.92,2,12,67,1
TXN02477,13425,bank_decline,upi,new,3,0.76,0,3,14,0
TXN02478,11612,card_expired,upi,loyal,1,0.53,6,53,39,0
TXN02479,4551,network_error,upi,new,1,0.43,4,35,1,1
TXN02480,3706,network_error,upi,new,2,0.59,3,9,66,0
TXN02481,4513,bank_decline,upi,regular,1,0.66,4,15,41,0
TXN02482,554,technical_error,net_banking,loyal,1,0.58,3,17,1,1
TXN02483,3036,technical_error,upi,loyal,3,0.61,2,56,41,0
TXN02484,5944,network_error,debit_card,regular,3,0.81,3,9,63,1
TXN02485,4556,insufficient_funds,credit_card,loyal,2,0.85,4,8,14,0
TXN02486,13948,bank_decline,credit_card,new,2,0.94,4,33,67,0
TXN02487,8510,card_expired,debit_card,loyal,2,0.6,5,23,66,0
TXN02488,4034,insufficient_funds,net_banking,regular,2,0.61,6,17,13,0
TXN02489,338,technical_error,credit_card,loyal,1,0.94,2,13,66,1
TXN02490,14508,card_expired,credit_card,new,3,0.39,1,23,34,0
TXN02491,847,bank_decline,credit_card,loyal,1,0.89,1,58,11,0
TXN02492,12064,bank_decline,net_banking,regular,1,0.3,6,18,9,1
TXN02493,11788,card_expired,upi,new,3,0.45,2,24,31,0
TXN02494,10738,network_error,credit_card,loyal,2,0.79,2,7,19,1
TXN02495,4739,technical_error,net_banking,new,3,0.8,4,31,20,0
TXN02496,4390,technical_error,net_banking,new,1,0.42,0,32,39,0
TXN02497,3239,bank_decline,credit_card,regular,3,0.74,1,12,54,1
TXN02498,8942,technical_error,credit_card,new,1,0.51,4,28,13,0
TXN02499,3724,network_error,net_banking,new,1,0.67,3,45,22,1
TXN02500,2681,network_error,credit_card,loyal,2,0.83,1,26,54,1
TXN02501,1348,technical_error,upi,new,2,0.95,4,2,2,1
TXN02502,7995,technical_error,upi,new,1,0.37,1,9,43,0
TXN02503,9425,network_error,credit_card,regular,1,0.72,0,13,5,1
TXN02504,3012,insufficient_funds,credit_card,new,1,0.67,3,37,6,0
TXN02505,7943,network_error,net_banking,regular,1,0.43,0,52,33,1
TXN02506,11831,bank_decline,net_banking,new,2,0.38,1,36,9,0
TXN02507,303,card_expired,upi,regular,1,0.58,1,53,29,0
TXN02508,5002,insufficient_funds,debit_card,regular,1,0.36,3,1,19,0
TXN02509,3717,technical_error,upi,new,1,0.95,5,47,3,1
TXN02510,5198,card_expired,net_banking,new,2,0.72,1,44,24,0
TXN02511,10448,bank_decline,upi,new,1,0.93,3,27,11,0
TXN02512,10074,bank_decline,credit_card,loyal,1,0.48,2,53,46,0
TXN02513,5946,network_error,net_banking,new,1,0.37,4,43,15,1
TXN02514,8998,technical_error,credit_card,new,2,0.67,3,49,37,0
TXN02515,13345,technical_error,net_banking,regular,2,0.68,6,57,66,0
TXN02516,2279,insufficient_funds,net_banking,regular,1,0.92,4,34,35,1
TXN02517,4440,network_error,debit_card,regular,3,0.68,0,37,15,1
TXN02518,8239,bank_decline,debit_card,new,2,0.5,0,26,68,0
TXN02519,12791,insufficient_funds,net_banking,loyal,3,0.73,6,13,42,0
TXN02520,4764,technical_error,upi,loyal,2,0.48,0,33,21,1
TXN02521,9605,technical_error,net_banking,regular,2,0.59,1,46,2,1
TXN02522,2927,insufficient_funds,net_banking,loyal,3,0.4,0,23,43,1
TXN02523,3610,insufficient_funds,credit_card,new,1,0.31,4,25,32,0
TXN02524,12386,card_expired,net_banking,new,3,0.38,0,1,67,0
TXN02525,12784,technical_error,credit_card,new,2,0.38,6,1,3,0
TXN02526,14222,network_error,net_banking,loyal,3,0.73,6,16,18,0
TXN02527,3502,card_expired,net_banking,loyal,3,0.72,3,1,70,0
TXN02528,5718,bank_decline,credit_card,loyal,2,0.63,2,25,32,1
TXN02529,577,technical_error,upi,loyal,1,0.47,0,57,13,1
TXN02530,4202,card_expired,credit_card,new,3,0.9,2,6,72,0
TXN02531,11575,bank_decline,upi,loyal,1,0.82,6,20,20,0
TXN02532,3298,bank_decline,credit_card,new,2,0.44,6,16,36,0
TXN02533,691,card_expired,upi,regular,3,0.71,2,19,35,0
TXN02534,7276,card_expired,debit_card,loyal,1,0.36,4,9,35,0
TXN02535,12013,network_error,debit_card,loyal,3,0.92,5,33,20,0
TXN02536,10892,insufficient_funds,net_banking,loyal,2,0.96,1,58,51,1
TXN02537,8897,bank_decline,credit_card,regular,2,0.77,1,30,30,0
TXN02538,6073,insufficient_funds,net_banking,regular,1,0.95,1,23,59,1
TXN02539,5027,network_error,debit_card,loyal,1,0.97,4,9,71,1
TXN02540,1956,technical_error,credit_card,loyal,2,0.94,5,12,42,1
TXN02541,493,bank_decline,net_banking,new,1,0.34,4,12,29,1
TXN02542,7187,card_expired,credit_card,new,1,0.39,1,34,19,0
TXN02543,685,network_error,debit_card,new,1,0.69,5,28,9,1
TXN02544,2249,network_error,upi,loyal,3,0.55,3,48,55,1
TXN02545,5526,insufficient_funds,upi,regular,2,0.79,2,42,23,0
TXN02546,7405,card_expired,debit_card,loyal,2,0.56,0,7,12,1
TXN02547,312,bank_decline,net_banking,loyal,3,0.84,1,47,40,0
TXN02548,2639,bank_decline,debit_card,regular,3,0.95,0,32,53,0
TXN02549,2873,bank_decline,credit_card,loyal,3,0.39,3,43,24,0
TXN02550,262,technical_error,net_banking,regular,3,0.85,2,60,52,0
TXN02551,14223,insufficient_funds,upi,new,3,0.9,3,55,70,0
TXN02552,14228,bank_decline,upi,regular,2,0.86,5,11,8,0
TXN02553,6124,network_error,credit_card,regular,1,0.85,2,33,62,0
TXN02554,2585,insufficient_funds,debit_card,regular,2,0.85,2,4,40,0
TXN02555,14596,card_expired,debit_card,new,1,0.36,6,41,56,0
TXN02556,10105,bank_decline,debit_card,regular,2,0.69,1,2,52,0
TXN02557,4728,bank_decline,credit_card,new,1,0.76,4,32,26,0
TXN02558,1515,technical_error,debit_card,regular,1,0.3,5,28,30,1
TXN02559,5727,technical_error,upi,loyal,3,0.85,5,5,68,1
TXN02560,9812,card_expired,credit_card,regular,2,0.48,6,2,45,0
TXN02561,13578,network_error,credit_card,new,1,0.41,2,20,26,0
TXN02562,4770,network_error,debit_card,new,1,0.38,3,4,40,0
TXN02563,8848,card_expired,credit_card,new,2,0.4,5,47,65,0
TXN02564,1157,insufficient_funds,debit_card,new,3,0.44,4,29,71,0
TXN02565,10405,technical_error,credit_card,new,1,0.85,0,1,27,1
TXN02566,7979,network_error,debit_card,new,3,0.64,0,38,60,0
TXN02567,9289,card_expired,credit_card,loyal,1,0.9,6,25,20,0
TXN02568,6012,technical_error,credit_card,loyal,3,0.48,4,42,37,0
TXN02569,10622,card_expired,upi,regular,1,0.73,0,14,57,1
TXN02570,5732,technical_error,debit_card,loyal,1,0.32,1,36,68,0
TXN02571,13915,card_expired,credit_card,regular,1,0.83,4,49,8,0
TXN02572,7866,network_error,net_banking,new,2,0.32,5,33,15,0
TXN02573,7900,insufficient_funds,debit_card,new,3,0.71,6,38,50,0
TXN02574,8234,network_error,debit_card,regular,2,0.87,0,29,54,1
TXN02575,1937,network_error,debit_card,regular,3,0.31,5,46,71,0
TXN02576,5965,card_expired,credit_card,new,1,0.74,5,56,38,0
TXN02577,12783,insufficient_funds,debit_card,regular,1,0.41,6,8,51,0
TXN02578,13132,card_expired,net_banking,loyal,2,0.88,2,26,61,1
TXN02579,13321,card_expired,upi,new,2,0.72,0,16,47,0
TXN02580,14576,insufficient_funds,credit_card,regular,1,0.8,6,27,39,0
TXN02581,6563,network_error,credit_card,regular,1,0.45,2,3,67,0
TXN02582,14827,insufficient_funds,upi,new,3,0.81,0,40,69,0
TXN02583,9668,insufficient_funds,upi,loyal,2,0.64,1,2,2,1
TXN02584,1955,card_expired,credit_card,new,2,0.88,0,10,13,0
TXN02585,1367,card_expired,net_banking,loyal,2,0.82,5,36,50,0
TXN02586,6823,insufficient_funds,debit_card,loyal,3,0.89,1,20,71,1
TXN02587,251,bank_decline,credit_card,new,2,0.92,3,17,20,0
TXN02588,13639,technical_error,net_banking,new,2,0.62,4,22,42,0
TXN02589,14359,network_error,debit_card,loyal,1,0.92,3,22,13,1
TXN02590,9903,bank_decline,net_banking,loyal,1,0.53,2,10,49,0
TXN02591,10677,network_error,net_banking,new,1,0.8,0,10,38,1
TXN02592,7329,bank_decline,upi,regular,2,0.62,0,23,9,0
TXN02593,647,card_expired,debit_card,new,3,0.62,2,25,34,0
TXN02594,8075,technical_error,debit_card,regular,3,0.79,1,7,63,1
TXN02595,3939,technical_error,credit_card,new,2,0.5,0,54,39,1
TXN02596,5513,card_expired,debit_card,regular,1,0.41,1,22,34,0
TXN02597,6662,technical_error,net_banking,new,2,0.43,4,54,39,0
TXN02598,7551,card_expired,net_banking,regular,1,0.31,5,58,49,0
TXN02599,2556,card_expired,credit_card,loyal,1,0.94,1,47,71,0
TXN02600,6768,card_expired,net_banking,loyal,1,0.54,1,14,68,0
TXN02601,8456,card_expired,credit_card,regular,3,0.77,6,17,67,0
TXN02602,8774,card_expired,debit_card,new,1,0.77,6,24,31,0
TXN02603,5882,network_error,debit_card,regular,1,0.69,5,6,42,0
TXN02604,7562,card_expired,upi,new,2,0.43,5,48,42,0
TXN02605,1146,card_expired,net_banking,regular,3,0.53,2,11,56,0
TXN02606,9812,network_error,debit_card,loyal,2,0.4,1,31,27,0
TXN02607,12481,insufficient_funds,net_banking,loyal,1,0.42,5,12,23,0
TXN02608,2612,card_expired,credit_card,new,1,0.87,6,24,63,0
TXN02609,2177,card_expired,credit_card,regular,1,0.34,2,11,70,0
TXN02610,4934,bank_decline,net_banking,loyal,3,0.46,2,12,14,0
TXN02611,9679,network_error,debit_card,loyal,1,0.43,1,48,53,0
TXN02612,9516,technical_error,credit_card,new,2,0.43,3,18,64,0
TXN02613,1192,card_expired,credit_card,new,2,0.62,6,2,28,0
TXN02614,1517,card_expired,debit_card,regular,1,0.9,5,1,5,1
TXN02615,3448,insufficient_funds,debit_card,regular,2,0.42,2,25,29,0
TXN02616,14339,card_expired,debit_card,loyal,2,0.83,3,16,72,1
TXN02617,3842,technical_error,credit_card,loyal,2,0.81,2,17,8,1
TXN02618,5931,technical_error,upi,new,3,0.71,5,39,29,1
TXN02619,11680,insufficient_funds,net_banking,new,3,0.89,1,58,16,0
TXN02620,3840,bank_decline,credit_card,regular,3,0.86,0,9,56,0
TXN02621,7614,card_expired,upi,new,2,0.89,4,42,39,0
TXN02622,3565,technical_error,net_banking,regular,3,0.81,4,24,3,1
TXN02623,209,technical_error,net_banking,regular,1,0.58,3,24,53,0
TXN02624,555,insufficient_funds,credit_card,loyal,1,0.75,0,37,22,1
TXN02625,2918,insufficient_funds,credit_card,regular,2,0.9,1,40,5,1
TXN02626,9083,technical_error,credit_card,loyal,1,0.42,1,23,25,1
TXN02627,3039,network_error,debit_card,new,2,0.35,1,52,48,0
TXN02628,13395,bank_decline,upi,new,1,0.72,5,15,44,0
TXN02629,13245,network_error,debit_card,regular,3,0.64,4,52,72,1
TXN02630,13034,insufficient_funds,debit_card,new,1,0.9,2,55,32,1
TXN02631,2874,technical_error,net_banking,new,1,0.85,0,23,69,0
TXN02632,3976,network_error,debit_card,regular,2,0.36,4,4,57,0
TXN02633,12510,technical_error,net_banking,regular,3,0.71,1,4,16,1
TXN02634,8333,card_expired,debit_card,new,2,0.61,4,24,36,0
TXN02635,443,card_expired,debit_card,loyal,2,0.74,4,14,58,0
TXN02636,13255,network_error,debit_card,new,2,0.6,5,15,13,0
TXN02637,4003,card_expired,debit_card,regular,2,0.62,1,43,66,0
TXN02638,6731,bank_decline,net_banking,new,1,0.78,4,28,16,0
TXN02639,12757,insufficient_funds,credit_card,new,3,0.7,5,48,69,0
TXN02640,5367,insufficient_funds,upi,new,1,0.41,0,5,46,0
TXN02641,14291,bank_decline,upi,new,2,0.36,1,47,18,1
TXN02642,10683,network_error,upi,new,3,0.87,4,55,57,1
TXN02643,9887,card_expired,debit_card,regular,2,0.71,1,24,33,0
TXN02644,2712,network_error,debit_card,loyal,2,0.73,5,21,70,0
TXN02645,9878,insufficient_funds,credit_card,regular,3,0.63,0,28,64,0
TXN02646,13790,technical_error,debit_card,new,1,0.82,4,38,72,1
TXN02647,1760,bank_decline,credit_card,new,2,0.62,4,43,38,0
TXN02648,4704,network_error,upi,loyal,3,0.83,2,48,68,1
TXN02649,13791,technical_error,debit_card,regular,3,0.6,6,31,18,0
TXN02650,3016,network_error,upi,regular,2,0.39,4,50,22,1
TXN02651,3750,bank_decline,upi,new,3,0.57,4,11,23,0
TXN02652,5940,network_error,credit_card,loyal,1,0.54,6,43,52,1
TXN02653,14665,bank_decline,net_banking,new,3,0.58,4,49,33,0
TXN02654,10786,network_error,credit_card,new,1,0.47,2,6,37,0
TXN02655,3067,technical_error,credit_card,new,3,0.78,3,26,22,0
TXN02656,7464,network_error,debit_card,regular,2,0.3,6,58,44,0
TXN02657,1062,technical_error,upi,regular,1,0.43,3,54,37,0
TXN02658,507,insufficient_funds,credit_card,new,3,0.82,4,15,32,0
TXN02659,3489,technical_error,debit_card,new,1,0.5,3,6,12,0
TXN02660,3840,card_expired,credit_card,loyal,1,0.59,0,60,68,1
TXN02661,8160,network_error,upi,regular,2,0.57,5,48,54,0
TXN02662,1099,card_expired,net_banking,new,2,0.49,5,34,46,1
TXN02663,9578,bank_decline,debit_card,regular,1,0.44,3,6,57,0
TXN02664,10997,insufficient_funds,debit_card,loyal,1,0.44,6,57,26,0
TXN02665,2078,network_error,upi,regular,3,0.36,3,20,18,0
TXN02666,11921,network_error,net_banking,regular,2,0.91,2,8,26,1
TXN02667,7800,card_expired,net_banking,loyal,2,0.62,3,58,5,0
TXN02668,11546,insufficient_funds,upi,loyal,2,0.42,0,53,36,0
TXN02669,13452,network_error,net_banking,regular,2,0.37,4,29,3,0
TXN02670,13895,card_expired,debit_card,new,2,0.77,0,57,22,1
TXN02671,3791,card_expired,upi,regular,2,0.35,3,11,29,0
TXN02672,7218,bank_decline,debit_card,loyal,2,0.69,3,37,2,1
TXN02673,14522,bank_decline,upi,loyal,1,0.56,6,9,54,0
TXN02674,879,bank_decline,net_banking,new,1,0.65,5,46,35,1
TXN02675,398,network_error,upi,new,3,0.89,5,57,41,1
TXN02676,4589,insufficient_funds,credit_card,regular,3,0.49,2,50,3,0
TXN02677,732,technical_error,debit_card,regular,3,0.35,5,28,7,0
TXN02678,14067,card_expired,credit_card,regular,1,0.61,4,17,36,0
TXN02679,1039,card_expired,net_banking,new,3,0.81,6,42,45,0
TXN02680,4400,card_expired,net_banking,new,3,0.9,6,15,52,0
TXN02681,13456,network_error,upi,loyal,2,0.9,0,34,48,1
TXN02682,12431,technical_error,credit_card,new,1,0.61,5,11,15,1
TXN02683,8670,bank_decline,upi,new,3,0.61,6,54,72,0
TXN02684,4952,insufficient_funds,upi,regular,2,0.32,0,15,32,0
TXN02685,7160,technical_error,debit_card,new,1,0.57,5,29,28,1
TXN02686,6828,card_expired,credit_card,loyal,1,0.42,1,27,53,0
TXN02687,7988,technical_error,upi,new,3,0.31,4,29,66,0
TXN02688,7259,bank_decline,debit_card,loyal,2,0.76,6,53,6,0
TXN02689,12511,insufficient_funds,net_banking,new,2,0.76,1,45,66,0
TXN02690,14428,technical_error,net_banking,regular,1,0.8,2,52,42,0
TXN02691,14025,bank_decline,debit_card,new,1,0.77,0,17,72,1
TXN02692,11671,network_error,net_banking,loyal,3,0.6,3,26,27,1
TXN02693,1202,network_error,net_banking,new,3,0.93,5,58,2,1
TXN02694,13464,technical_error,debit_card,loyal,3,0.35,4,53,69,0
TXN02695,8236,network_error,debit_card,regular,3,0.52,6,14,30,0
TXN02696,7696,network_error,net_banking,regular,3,0.48,3,38,38,1
TXN02697,3579,technical_error,debit_card,new,3,0.82,2,20,3,1
TXN02698,6078,technical_error,net_banking,regular,1,0.98,4,12,9,1
TXN02699,13627,technical_error,net_banking,new,1,0.55,4,34,21,0
TXN02700,4649,insufficient_funds,upi,loyal,1,0.85,5,10,10,1
TXN02701,9027,network_error,net_banking,regular,3,0.88,0,25,49,0
TXN02702,4641,insufficient_funds,credit_card,regular,3,0.66,6,49,7,0
TXN02703,10857,bank_decline,debit_card,loyal,3,0.36,0,13,58,0
TXN02704,2074,card_expired,credit_card,loyal,1,0.58,2,3,58,0
TXN02705,3535,network_error,credit_card,loyal,3,0.91,6,5,59,1
TXN02706,2661,technical_error,debit_card,loyal,2,0.67,5,56,38,0
TXN02707,14002,technical_error,upi,new,3,0.88,3,10,67,1
TXN02708,9693,bank_decline,debit_card,loyal,3,0.62,2,6,10,0
TXN02709,235,card_expired,credit_card,loyal,3,0.9,3,55,15,1
TXN02710,7937,card_expired,net_banking,new,1,0.68,4,9,3,0
TXN02711,2166,card_expired,credit_card,loyal,1,0.98,3,13,34,1
TXN02712,3777,bank_decline,net_banking,loyal,3,0.43,2,22,67,0
TXN02713,14536,card_expired,credit_card,new,1,0.31,5,19,19,0
TXN02714,10974,bank_decline,debit_card,regular,3,0.31,0,60,20,0
TXN02715,7712,bank_decline,debit_card,new,1,0.67,2,37,58,0
TXN02716,13575,network_error,debit_card,loyal,2,0.74,3,1,17,0
TXN02717,5011,insufficient_funds,net_banking,regular,1,0.87,5,20,6,1
TXN02718,3842,card_expired,upi,loyal,1,0.78,6,29,48,0
TXN02719,4761,network_error,debit_card,regular,3,0.48,4,35,19,1
TXN02720,14524,technical_error,net_banking,regular,1,0.65,2,46,52,1
TXN02721,3437,insufficient_funds,debit_card,regular,1,0.56,6,30,68,0
TXN02722,9789,network_error,debit_card,regular,3,0.51,6,32,23,1
TXN02723,1027,bank_decline,debit_card,loyal,3,0.56,1,27,17,1
TXN02724,7031,card_expired,credit_card,regular,3,0.7,1,13,45,0
TXN02725,9866,technical_error,debit_card,loyal,3,0.71,5,36,32,1
TXN02726,12512,technical_error,net_banking,regular,3,0.65,5,32,58,0
TXN02727,6297,card_expired,credit_card,regular,1,0.47,4,12,7,0
TXN02728,14403,bank_decline,debit_card,new,2,0.44,4,48,25,0
TXN02729,10022,network_error,debit_card,new,2,0.31,0,58,9,1
TXN02730,1013,card_expired,net_banking,new,3,0.79,0,51,40,0
TXN02731,11035,insufficient_funds,credit_card,regular,3,0.94,0,14,39,1
TXN02732,3544,technical_error,net_banking,regular,1,0.91,6,35,61,1
TXN02733,9890,technical_error,net_banking,loyal,2,0.87,3,20,21,0
TXN02734,11130,insufficient_funds,upi,new,2,0.72,5,42,20,1
TXN02735,3192,insufficient_funds,upi,new,1,0.69,3,28,55,0
TXN02736,13313,network_error,upi,loyal,3,0.57,4,53,70,0
TXN02737,13576,network_error,upi,regular,3,0.39,0,6,61,0
TXN02738,4230,network_error,net_banking,loyal,2,0.58,4,28,43,0
TXN02739,2705,bank_decline,credit_card,regular,1,0.84,2,32,33,1
TXN02740,2876,bank_decline,debit_card,new,3,0.43,5,40,41,0
TXN02741,1788,network_error,credit_card,regular,2,0.64,5,11,10,0
TXN02742,5928,network_error,debit_card,regular,1,0.82,6,43,23,0
TXN02743,2602,bank_decline,credit_card,loyal,1,0.65,1,14,59,1
TXN02744,5086,insufficient_funds,upi,regular,2,0.88,2,36,1,0
TXN02745,8283,card_expired,credit_card,regular,3,0.95,3,56,17,0
TXN02746,5364,network_error,credit_card,loyal,2,0.58,0,50,10,0
TXN02747,10519,network_error,upi,new,2,0.77,5,11,69,0
TXN02748,1485,bank_decline,upi,regular,1,0.96,0,39,10,1
TXN02749,6000,technical_error,credit_card,regular,2,0.67,0,47,13,1
TXN02750,13883,card_expired,upi,regular,3,0.84,3,43,47,0
TXN02751,11118,network_error,net_banking,new,3,0.63,3,1,7,1
TXN02752,9831,insufficient_funds,credit_card,loyal,2,0.52,2,8,70,1
TXN02753,501,insufficient_funds,debit_card,new,1,0.85,0,44,27,0
TXN02754,6649,insufficient_funds,credit_card,new,3,0.55,6,35,71,0
TXN02755,4766,network_error,net_banking,loyal,3,0.31,3,21,21,0
TXN02756,5736,network_error,net_banking,regular,3,0.6,4,14,27,0
TXN02757,5812,card_expired,debit_card,new,1,0.93,4,30,39,1
TXN02758,538,technical_error,credit_card,regular,2,0.33,5,39,72,0
TXN02759,897,technical_error,debit_card,new,3,0.79,4,45,12,0
TXN02760,12043,bank_decline,debit_card,new,1,0.44,6,59,19,0
TXN02761,6402,network_error,credit_card,regular,3,0.49,2,36,7,1
TXN02762,13312,card_expired,debit_card,new,3,0.38,4,42,52,1
TXN02763,7651,insufficient_funds,debit_card,new,2,0.45,3,44,1,0
TXN02764,4666,bank_decline,upi,regular,2,0.79,6,4,69,0
TXN02765,11323,insufficient_funds,debit_card,new,2,0.81,2,25,10,0
TXN02766,9576,bank_decline,debit_card,loyal,2,0.59,6,32,50,0
TXN02767,2367,card_expired,debit_card,new,2,0.78,4,25,1,0
TXN02768,422,insufficient_funds,net_banking,new,3,0.66,0,9,48,0
TXN02769,9301,card_expired,credit_card,new,2,0.65,0,22,7,0
TXN02770,880,card_expired,net_banking,new,2,0.86,2,3,17,0
TXN02771,14734,network_error,net_banking,regular,1,0.72,4,8,2,0
TXN02772,9811,network_error,credit_card,new,1,0.85,1,41,4,1
TXN02773,2416,network_error,upi,regular,1,0.77,6,30,48,1
TXN02774,11605,technical_error,upi,new,1,0.69,6,12,51,1
TXN02775,10411,technical_error,net_banking,new,1,0.89,3,23,64,0
TXN02776,11039,bank_decline,upi,regular,3,0.7,1,3,41,0
TXN02777,9323,technical_error,upi,loyal,2,0.93,1,33,12,1
TXN02778,466,technical_error,credit_card,loyal,3,0.7,2,41,45,1
TXN02779,4843,bank_decline,upi,regular,2,0.41,1,39,48,1
TXN02780,8282,technical_error,net_banking,new,2,0.78,3,1,31,0
TXN02781,6891,network_error,net_banking,new,2,0.67,0,29,2,1
TXN02782,14350,insufficient_funds,net_banking,regular,1,0.39,2,52,9,0
TXN02783,6182,network_error,credit_card,regular,1,0.76,0,29,30,1
TXN02784,10600,network_error,net_banking,regular,1,0.51,0,23,68,1
TXN02785,1213,bank_decline,debit_card,new,2,0.51,1,16,42,0
TXN02786,9492,bank_decline,credit_card,loyal,2,0.96,5,48,47,1
TXN02787,11341,bank_decline,net_banking,loyal,1,0.52,3,8,11,0
TXN02788,8796,technical_error,net_banking,regular,3,0.94,6,46,52,0
TXN02789,7239,bank_decline,net_banking,new,3,0.46,2,46,64,0
TXN02790,11186,technical_error,net_banking,regular,3,0.95,2,44,60,1
TXN02791,3243,insufficient_funds,net_banking,regular,3,0.36,2,16,1,0
TXN02792,1842,technical_error,debit_card,new,1,0.71,3,32,31,1
TXN02793,14131,insufficient_funds,net_banking,new,3,0.39,4,56,52,0
TXN02794,854,insufficient_funds,debit_card,regular,1,0.82,6,26,59,0
TXN02795,14281,technical_error,debit_card,regular,1,0.6,1,40,21,1
TXN02796,8964,bank_decline,debit_card,new,1,0.46,1,2,13,0
TXN02797,202,network_error,net_banking,loyal,1,0.46,6,12,67,1
TXN02798,2465,insufficient_funds,upi,regular,3,0.35,4,34,20,0
TXN02799,348,card_expired,upi,regular,1,0.52,2,45,44,1
TXN02800,6573,network_error,net_banking,regular,2,0.69,4,40,9,1
TXN02801,3823,network_error,credit_card,new,3,0.87,6,19,32,1
TXN02802,2735,insufficient_funds,net_banking,loyal,3,0.83,1,32,58,0
TXN02803,3777,insufficient_funds,credit_card,regular,3,0.64,0,26,52,0
TXN02804,12162,card_expired,credit_card,regular,1,0.44,2,4,31,0
TXN02805,766,bank_decline,upi,new,3,0.64,2,9,37,1
TXN02806,13701,network_error,net_banking,loyal,2,0.79,1,58,64,1
TXN02807,11265,card_expired,net_banking,regular,3,0.41,3,27,18,0
TXN02808,239,card_expired,debit_card,new,1,0.47,3,13,66,0
TXN02809,6046,card_expired,upi,regular,3,0.35,4,29,35,0
TXN02810,8157,technical_error,debit_card,new,3,0.93,4,45,63,0
TXN02811,13940,technical_error,upi,loyal,1,0.48,5,33,55,1
TXN02812,12325,technical_error,upi,regular,1,0.89,4,45,27,1
TXN02813,7031,card_expired,upi,new,1,0.39,1,38,33,0
TXN02814,1861,insufficient_funds,credit_card,new,3,0.67,5,60,69,0
TXN02815,1422,network_error,upi,loyal,2,0.68,2,15,33,1
TXN02816,11665,network_error,debit_card,loyal,2,0.6,5,59,21,1
TXN02817,3363,technical_error,upi,regular,2,0.42,5,11,44,0
TXN02818,7754,technical_error,net_banking,new,3,0.83,4,10,17,1
TXN02819,8815,technical_error,net_banking,new,2,0.75,6,19,9,1
TXN02820,1010,card_expired,credit_card,loyal,1,0.77,2,37,48,1
TXN02821,7860,technical_error,upi,regular,1,0.81,2,33,55,1
TXN02822,10415,bank_decline,net_banking,new,3,0.67,0,55,57,1
TXN02823,6671,network_error,credit_card,loyal,1,0.69,1,27,11,1
TXN02824,2369,network_error,credit_card,regular,2,0.54,2,47,58,0
TXN02825,6857,bank_decline,upi,regular,3,0.93,3,21,42,0
TXN02826,6073,card_expired,upi,new,1,0.47,3,18,1,1
TXN02827,6531,technical_error,net_banking,regular,3,0.84,3,52,68,0
TXN02828,4970,network_error,upi,new,2,0.56,2,21,14,1
TXN02829,14810,bank_decline,upi,regular,1,0.82,4,40,61,0
TXN02830,280,insufficient_funds,debit_card,new,3,0.58,4,28,3,0
TXN02831,4023,bank_decline,net_banking,new,3,0.34,0,16,53,0
TXN02832,14648,technical_error,upi,regular,1,0.92,4,42,53,1
TXN02833,940,bank_decline,credit_card,loyal,3,0.8,1,2,36,0
TXN02834,3683,bank_decline,credit_card,loyal,2,0.73,6,39,61,0
TXN02835,14421,technical_error,net_banking,new,2,0.53,1,36,35,1
TXN02836,6140,card_expired,upi,loyal,1,0.5,0,30,27,1
TXN02837,12816,card_expired,net_banking,regular,3,0.96,0,37,42,0
TXN02838,10671,insufficient_funds,upi,loyal,1,0.9,4,54,71,1
TXN02839,10978,card_expired,credit_card,new,3,0.72,2,10,6,0
TXN02840,1674,bank_decline,debit_card,regular,3,0.49,6,56,3,0
TXN02841,14034,bank_decline,debit_card,new,1,0.37,5,29,59,0
TXN02842,8925,card_expired,net_banking,regular,3,0.55,0,43,40,1
TXN02843,14935,card_expired,upi,loyal,3,0.79,1,1,65,0
TXN02844,12060,insufficient_funds,upi,loyal,3,0.89,5,33,36,1
TXN02845,7085,insufficient_funds,debit_card,loyal,1,0.41,3,2,47,0
TXN02846,6372,technical_error,upi,new,2,0.59,3,19,67,1
TXN02847,14115,card_expired,debit_card,loyal,1,0.56,1,54,28,0
TXN02848,10722,network_error,upi,new,3,0.93,6,49,12,0
TXN02849,8402,insufficient_funds,upi,new,2,0.86,6,22,40,0
TXN02850,9190,technical_error,credit_card,regular,1,0.46,3,47,19,1
TXN02851,7962,network_error,net_banking,loyal,3,0.94,0,10,22,1
TXN02852,11329,technical_error,credit_card,new,3,0.85,6,28,41,0
TXN02853,14501,technical_error,net_banking,new,3,0.9,2,52,60,0
TXN02854,9717,bank_decline,upi,new,3,0.84,3,32,41,0
TXN02855,9921,technical_error,credit_card,loyal,3,0.72,0,54,58,0
TXN02856,7782,technical_error,credit_card,regular,3,0.34,3,39,8,0
TXN02857,5156,bank_decline,net_banking,new,2,0.86,1,33,34,0
TXN02858,7462,card_expired,debit_card,loyal,1,0.89,0,44,62,1
TXN02859,2672,insufficient_funds,net_banking,loyal,1,0.42,5,51,4,0
TXN02860,5667,network_error,credit_card,new,3,0.74,4,34,50,0
TXN02861,13047,network_error,debit_card,new,3,0.86,0,59,52,1
TXN02862,12658,technical_error,credit_card,new,1,0.61,1,15,62,0
TXN02863,9858,technical_error,debit_card,regular,3,0.71,1,15,36,0
TXN02864,8578,card_expired,upi,loyal,2,0.93,1,46,41,1
TXN02865,8241,bank_decline,net_banking,loyal,3,0.58,4,51,29,0
TXN02866,3329,bank_decline,upi,loyal,2,0.31,3,29,31,0
TXN02867,12749,insufficient_funds,debit_card,new,2,0.52,5,3,41,0
TXN02868,736,bank_decline,debit_card,loyal,1,0.66,4,39,29,0
TXN02869,11847,bank_decline,upi,new,2,0.55,4,35,27,0
TXN02870,1450,bank_decline,credit_card,regular,2,0.95,5,59,14,0
TXN02871,3916,bank_decline,credit_card,new,2,0.66,3,8,42,0
TXN02872,6647,technical_error,credit_card,loyal,1,0.7,3,57,58,1
TXN02873,9010,network_error,debit_card,new,3,0.96,6,50,35,1
TXN02874,8594,bank_decline,upi,regular,2,0.69,2,2,30,0
TXN02875,7134,card_expired,upi,new,1,0.59,1,40,41,0
TXN02876,12625,card_expired,debit_card,new,2,0.7,3,24,58,0
TXN02877,2824,technical_error,debit_card,loyal,2,0.46,4,26,72,0
TXN02878,3614,network_error,debit_card,loyal,1,0.53,2,59,39,1
TXN02879,13661,insufficient_funds,debit_card,new,2,0.36,6,48,48,0
TXN02880,5884,bank_decline,debit_card,loyal,2,0.84,0,30,27,1
TXN02881,13220,card_expired,net_banking,loyal,2,0.56,5,8,45,0
TXN02882,9576,bank_decline,upi,loyal,1,0.93,3,18,15,1
TXN02883,7440,network_error,upi,new,1,0.91,0,33,13,1
TXN02884,9240,network_error,upi,new,1,0.84,2,54,36,1
TXN02885,6534,network_error,upi,loyal,1,0.77,6,29,37,1
TXN02886,2304,technical_error,debit_card,loyal,2,0.5,5,16,26,0
TXN02887,669,insufficient_funds,net_banking,loyal,2,0.96,5,2,50,0
TXN02888,3266,network_error,debit_card,regular,2,0.61,0,39,49,0
TXN02889,6980,card_expired,credit_card,new,1,0.98,5,26,31,1
TXN02890,13492,network_error,debit_card,new,1,0.76,1,18,70,1
TXN02891,14939,insufficient_funds,net_banking,regular,3,0.45,3,32,46,0
TXN02892,464,network_error,net_banking,regular,3,0.35,1,41,39,1
TXN02893,6812,network_error,upi,regular,1,0.72,1,16,45,1
TXN02894,5181,card_expired,upi,regular,2,0.4,6,25,7,0
TXN02895,6487,insufficient_funds,net_banking,new,2,0.45,4,38,46,0
TXN02896,10732,card_expired,upi,regular,3,0.82,5,12,63,0
TXN02897,6354,bank_decline,credit_card,regular,3,0.33,1,60,71,0
TXN02898,3131,bank_decline,upi,new,3,0.79,1,54,35,0
TXN02899,11395,bank_decline,net_banking,regular,1,0.42,4,15,1,0
TXN02900,12570,insufficient_funds,debit_card,new,2,0.93,2,25,11,1
TXN02901,8100,bank_decline,debit_card,new,2,0.36,2,45,59,0
TXN02902,7844,technical_error,upi,new,1,0.39,5,1,38,1
TXN02903,5479,bank_decline,debit_card,regular,2,0.74,3,7,66,1
TXN02904,11642,technical_error,upi,loyal,1,0.34,5,45,69,0
TXN02905,4184,network_error,upi,new,3,0.36,0,5,33,1
TXN02906,8086,technical_error,net_banking,new,3,0.37,6,1,63,0
TXN02907,1471,technical_error,net_banking,new,1,0.72,3,41,68,1
TXN02908,5134,insufficient_funds,upi,regular,1,0.58,4,42,1,1
TXN02909,7209,technical_error,debit_card,new,3,0.35,2,12,26,1
TXN02910,744,network_error,debit_card,new,1,0.43,4,28,43,0
TXN02911,11527,bank_decline,credit_card,loyal,2,0.92,1,11,37,0
TXN02912,1770,bank_decline,debit_card,new,2,0.58,0,7,41,1
TXN02913,5438,technical_error,debit_card,new,1,0.97,3,28,32,1
TXN02914,12327,technical_error,debit_card,new,1,0.88,2,3,5,0
TXN02915,4002,technical_error,debit_card,new,3,0.42,2,25,18,0
TXN02916,1766,technical_error,credit_card,new,1,0.82,2,35,40,1
TXN02917,9635,network_error,debit_card,new,3,0.42,1,34,49,0
TXN02918,2112,insufficient_funds,debit_card,new,3,0.71,2,54,53,0
TXN02919,5660,insufficient_funds,debit_card,regular,1,0.64,2,50,39,0
TXN02920,7215,network_error,debit_card,regular,3,0.65,3,13,35,1
TXN02921,1093,technical_error,upi,new,2,0.81,5,43,61,0
TXN02922,14404,insufficient_funds,upi,loyal,3,0.67,5,24,23,0
TXN02923,13804,insufficient_funds,upi,regular,1,0.53,1,25,52,1
TXN02924,5647,technical_error,credit_card,regular,2,0.82,3,11,48,0
TXN02925,14492,technical_error,credit_card,loyal,2,0.58,0,18,61,0
TXN02926,6253,insufficient_funds,debit_card,regular,3,0.77,1,19,57,0
TXN02927,4636,card_expired,net_banking,loyal,2,0.75,2,14,72,0
TXN02928,11495,card_expired,debit_card,loyal,3,0.67,2,48,32,1
TXN02929,3518,card_expired,net_banking,loyal,1,0.5,2,31,11,1
TXN02930,7698,card_expired,debit_card,loyal,3,0.67,1,21,35,1
TXN02931,11002,bank_decline,net_banking,loyal,2,0.64,3,16,4,0
TXN02932,1859,card_expired,debit_card,regular,3,0.62,5,16,70,0
TXN02933,1464,card_expired,credit_card,regular,1,0.76,4,6,13,0
TXN02934,13005,technical_error,debit_card,loyal,2,0.36,1,2,64,0
TXN02935,7965,insufficient_funds,net_banking,new,2,0.77,6,54,1,0
TXN02936,4687,technical_error,net_banking,regular,3,0.91,0,36,18,1
TXN02937,4707,technical_error,debit_card,new,1,0.97,2,26,26,1
TXN02938,5079,card_expired,net_banking,new,2,0.74,6,10,22,0
TXN02939,11710,bank_decline,upi,regular,1,0.92,1,39,14,1
TXN02940,12456,technical_error,upi,new,1,0.57,4,17,65,0
TXN02941,1509,network_error,debit_card,loyal,2,0.78,3,46,38,1
TXN02942,1648,technical_error,net_banking,regular,3,0.32,5,57,71,0
TXN02943,5584,insufficient_funds,credit_card,new,1,0.95,0,11,45,0
TXN02944,9558,network_error,credit_card,regular,3,0.47,4,18,5,0
TXN02945,1532,insufficient_funds,debit_card,new,2,0.96,1,31,54,0
TXN02946,10960,insufficient_funds,upi,loyal,1,0.49,6,37,70,0
TXN02947,4546,network_error,credit_card,new,2,0.64,1,3,10,0
TXN02948,9119,network_error,credit_card,regular,1,0.96,4,42,11,0
TXN02949,979,bank_decline,debit_card,new,1,0.66,6,57,54,0
TXN02950,2150,card_expired,credit_card,loyal,1,0.9,4,3,32,1
TXN02951,2198,insufficient_funds,upi,loyal,3,0.94,2,36,34,0
TXN02952,1181,insufficient_funds,upi,new,1,0.59,5,31,13,0
TXN02953,9894,network_error,debit_card,loyal,2,0.34,2,51,62,1
TXN02954,11699,network_error,net_banking,new,1,0.9,6,46,13,1
TXN02955,5269,network_error,debit_card,regular,2,0.75,0,11,67,1
TXN02956,10934,network_error,upi,new,1,0.39,4,30,39,1
TXN02957,8139,network_error,debit_card,regular,2,0.88,2,32,49,1
TXN02958,7223,insufficient_funds,credit_card,new,3,0.84,0,3,64,1
TXN02959,2021,card_expired,credit_card,loyal,2,0.42,5,10,16,0
TXN02960,14568,network_error,credit_card,loyal,1,0.36,2,14,43,1
TXN02961,9978,card_expired,debit_card,regular,1,0.58,2,53,45,0
TXN02962,5494,insufficient_funds,net_banking,loyal,2,0.91,0,9,47,1
TXN02963,12007,network_error,net_banking,loyal,3,0.71,4,18,67,1
TXN02964,6080,card_expired,net_banking,loyal,2,0.64,4,15,8,1
TXN02965,1936,technical_error,upi,regular,2,0.54,5,59,52,1
TXN02966,6164,technical_error,upi,new,1,0.6,5,6,59,1
TXN02967,6822,insufficient_funds,upi,regular,2,0.32,3,56,2,0
TXN02968,11068,network_error,credit_card,regular,3,0.93,0,54,29,1
TXN02969,13608,card_expired,net_banking,new,2,0.33,5,33,57,0
TXN02970,1881,network_error,credit_card,loyal,2,0.58,4,4,35,0
TXN02971,13376,network_error,net_banking,new,3,0.4,3,27,22,1
TXN02972,11998,network_error,credit_card,regular,3,0.41,1,10,71,1
TXN02973,3067,technical_error,debit_card,regular,1,0.66,3,21,20,1
TXN02974,6064,technical_error,upi,new,1,0.49,0,47,71,1
TXN02975,10117,network_error,debit_card,regular,1,0.78,1,23,4,0
TXN02976,12886,bank_decline,debit_card,regular,2,0.93,1,50,68,0
TXN02977,13727,network_error,net_banking,regular,1,0.73,5,24,63,1
TXN02978,870,technical_error,net_banking,loyal,1,0.32,4,2,10,1
TXN02979,5116,network_error,upi,loyal,2,0.46,0,40,43,0
TXN02980,2268,technical_error,credit_card,loyal,2,0.5,4,27,59,1
TXN02981,14679,insufficient_funds,credit_card,new,1,0.74,5,36,29,1
TXN02982,3837,bank_decline,net_banking,loyal,3,0.78,0,44,30,0
TXN02983,9787,network_error,debit_card,new,1,0.86,4,47,57,1
TXN02984,4124,card_expired,credit_card,regular,2,0.68,2,59,64,0
TXN02985,9905,technical_error,upi,loyal,1,0.67,2,12,1,0
TXN02986,10075,card_expired,credit_card,loyal,2,0.54,1,34,70,0
TXN02987,6381,network_error,credit_card,regular,2,0.59,1,15,58,0
TXN02988,6282,card_expired,credit_card,new,2,0.52,3,27,12,0
TXN02989,7052,technical_error,credit_card,regular,3,0.91,0,9,46,1
TXN02990,535,technical_error,upi,new,2,0.79,4,40,21,0
TXN02991,14108,card_expired,upi,regular,2,0.61,6,32,24,0
TXN02992,14559,network_error,upi,loyal,1,0.46,1,58,33,1
TXN02993,5139,technical_error,credit_card,new,2,0.35,5,9,40,1
TXN02994,5623,bank_decline,debit_card,regular,3,0.37,4,22,41,0
TXN02995,14058,technical_error,credit_card,regular,1,0.87,4,52,49,1
TXN02996,4747,insufficient_funds,upi,regular,1,0.46,6,14,29,0
TXN02997,10367,bank_decline,upi,regular,1,0.93,6,6,42,0
TXN02998,13478,insufficient_funds,net_banking,new,1,0.49,6,9,56,0
TXN02999,14646,technical_error,credit_card,regular,1,0.37,2,11,18,0
TXN03000,633,bank_decline,credit_card,regular,2,0.67,6,12,16,0
TXN03001,4144,technical_error,debit_card,regular,2,0.71,3,55,1,1
TXN03002,2267,bank_decline,credit_card,new,1,0.87,4,11,65,1
TXN03003,8910,bank_decline,credit_card,new,1,0.33,0,43,7,1
TXN03004,4121,insufficient_funds,debit_card,regular,3,0.45,4,32,11,0
TXN03005,233,network_error,credit_card,new,3,0.7,2,28,13,1
TXN03006,3218,bank_decline,net_banking,loyal,3,0.76,5,32,9,0
TXN03007,6236,bank_decline,upi,new,3,0.61,4,52,19,0
TXN03008,4880,bank_decline,debit_card,new,3,0.46,3,42,60,0
TXN03009,13009,technical_error,credit_card,regular,2,0.56,3,47,37,0
TXN03010,7473,network_error,credit_card,loyal,2,0.94,2,13,14,0
TXN03011,11178,card_expired,net_banking,regular,2,0.78,2,4,45,1
TXN03012,7915,card_expired,credit_card,new,1,0.83,1,36,12,0
TXN03013,10816,bank_decline,net_banking,loyal,1,0.58,0,52,8,1
TXN03014,4228,network_error,credit_card,regular,2,0.73,5,60,57,1
TXN03015,10508,card_expired,net_banking,new,2,0.47,1,13,63,0
TXN03016,6028,technical_error,debit_card,new,1,0.56,5,34,37,0
TXN03017,6223,card_expired,debit_card,regular,1,0.36,6,10,40,0
TXN03018,856,network_error,debit_card,regular,2,0.83,1,37,69,1
TXN03019,11617,insufficient_funds,debit_card,loyal,3,0.35,1,17,56,0
TXN03020,10992,technical_error,net_banking,regular,3,0.44,3,49,69,0
TXN03021,1892,card_expired,debit_card,loyal,2,0.58,4,5,44,0
TXN03022,8781,insufficient_funds,credit_card,new,1,0.83,5,56,4,0
TXN03023,13369,bank_decline,debit_card,loyal,2,0.57,1,28,57,0
TXN03024,14565,insufficient_funds,upi,new,1,0.63,2,21,45,1
TXN03025,13434,insufficient_funds,net_banking,regular,3,0.57,6,25,61,0
TXN03026,4462,technical_error,net_banking,loyal,2,0.7,1,11,36,0
TXN03027,9665,bank_decline,upi,new,1,0.51,5,9,41,1
TXN03028,6971,technical_error,debit_card,loyal,2,0.52,4,60,43,0
TXN03029,2542,network_error,net_banking,new,2,0.9,5,32,23,0
TXN03030,3991,bank_decline,credit_card,loyal,2,0.7,1,17,35,0
TXN03031,1395,insufficient_funds,credit_card,regular,2,0.89,5,24,1,1
TXN03032,13101,insufficient_funds,upi,regular,2,0.67,6,45,1,0
TXN03033,5850,card_expired,net_banking,new,2,0.38,4,19,7,0
TXN03034,3535,insufficient_funds,debit_card,new,2,0.61,5,54,19,0
TXN03035,3363,card_expired,debit_card,loyal,1,0.93,5,46,35,1
TXN03036,11959,card_expired,net_banking,regular,3,0.6,3,13,53,0
TXN03037,11192,insufficient_funds,net_banking,new,1,0.38,1,57,20,1
TXN03038,13979,network_error,upi,loyal,2,0.39,6,17,70,1
TXN03039,12532,insufficient_funds,net_banking,regular,3,0.69,0,51,66,1
TXN03040,11526,technical_error,net_banking,regular,3,0.8,0,45,27,1
TXN03041,14156,bank_decline,upi,loyal,2,0.91,4,9,4,0
TXN03042,6269,card_expired,upi,loyal,3,0.87,0,56,25,1
TXN03043,10384,bank_decline,credit_card,loyal,1,0.55,6,42,1,1
TXN03044,14927,bank_decline,upi,regular,1,0.62,6,58,68,0
TXN03045,14856,network_error,credit_card,new,3,0.8,4,41,5,1
TXN03046,10653,network_error,credit_card,regular,1,0.48,0,23,52,1
TXN03047,8538,bank_decline,credit_card,loyal,1,0.87,1,34,14,1
TXN03048,10779,insufficient_funds,net_banking,regular,2,0.52,4,4,26,1
TXN03049,10672,network_error,credit_card,regular,3,0.93,3,19,58,1
TXN03050,13975,card_expired,upi,new,1,0.95,4,3,20,0
TXN03051,13148,network_error,net_banking,loyal,3,0.77,5,46,27,1
TXN03052,1884,card_expired,credit_card,new,2,0.65,3,28,67,0
TXN03053,2048,network_error,net_banking,regular,2,0.54,5,46,67,1
TXN03054,3463,insufficient_funds,net_banking,new,2,0.89,5,21,4,0
TXN03055,8986,insufficient_funds,upi,new,2,0.54,4,5,45,0
TXN03056,7404,insufficient_funds,upi,new,2,0.95,1,38,66,1
TXN03057,2808,card_expired,net_banking,loyal,1,0.36,6,45,62,0
TXN03058,909,network_error,upi,loyal,2,0.93,3,36,63,1
TXN03059,3608,network_error,debit_card,new,1,0.84,2,14,21,0
TXN03060,7769,insufficient_funds,net_banking,regular,2,0.7,6,42,29,0
TXN03061,1340,bank_decline,credit_card,new,2,0.39,4,24,39,0
TXN03062,4108,network_error,net_banking,new,1,0.66,4,60,61,1
TXN03063,12030,network_error,net_banking,new,3,0.89,6,11,62,0
TXN03064,7886,card_expired,credit_card,new,3,0.5,2,9,62,0
TXN03065,6588,insufficient_funds,credit_card,loyal,1,0.31,0,10,10,1
TXN03066,2519,bank_decline,debit_card,new,2,0.76,3,14,7,0
TXN03067,10991,card_expired,net_banking,regular,1,0.82,6,60,55,0
TXN03068,11305,technical_error,net_banking,new,2,0.55,4,28,45,0
TXN03069,6796,card_expired,net_banking,regular,1,0.71,5,44,49,0
TXN03070,4042,insufficient_funds,upi,regular,1,0.31,5,24,20,0
TXN03071,13702,bank_decline,debit_card,loyal,2,0.76,2,13,59,0
TXN03072,11579,insufficient_funds,debit_card,new,3,0.35,2,16,2,0
TXN03073,6128,bank_decline,net_banking,loyal,1,0.59,6,8,43,0
TXN03074,10694,technical_error,credit_card,new,2,0.33,5,7,6,1
TXN03075,11813,insufficient_funds,net_banking,new,1,0.64,1,26,45,0
TXN03076,11959,insufficient_funds,upi,regular,2,0.71,6,36,27,0
TXN03077,4935,technical_error,debit_card,regular,2,0.91,4,12,14,1
TXN03078,6801,card_expired,credit_card,regular,2,0.46,5,33,53,0
TXN03079,6546,bank_decline,debit_card,new,1,0.9,0,32,18,0
TXN03080,6879,card_expired,upi,new,3,0.4,3,35,43,0
TXN03081,14764,technical_error,debit_card,loyal,2,0.76,2,1,6,0
TXN03082,11491,insufficient_funds,credit_card,loyal,2,0.75,0,20,49,0
TXN03083,5436,network_error,credit_card,loyal,2,0.49,6,10,64,0
TXN03084,6764,insufficient_funds,credit_card,loyal,3,0.79,1,21,54,0
TXN03085,3756,card_expired,debit_card,new,1,0.92,0,47,5,0
TXN03086,8823,technical_error,debit_card,new,3,0.6,0,47,1,0
TXN03087,5274,technical_error,credit_card,new,3,0.74,1,22,36,1
TXN03088,9108,technical_error,debit_card,loyal,3,0.33,5,15,7,0
TXN03089,11771,insufficient_funds,net_banking,regular,2,0.36,6,27,51,0
TXN03090,10729,network_error,credit_card,new,1,0.76,3,34,9,1
TXN03091,14375,technical_error,upi,regular,3,0.97,6,30,1,0
TXN03092,11960,insufficient_funds,credit_card,new,1,0.97,5,36,28,0
TXN03093,12351,insufficient_funds,credit_card,loyal,2,0.64,1,39,58,0
TXN03094,4954,insufficient_funds,credit_card,loyal,3,0.97,5,20,18,0
TXN03095,10135,insufficient_funds,net_banking,regular,3,0.89,5,2,14,0
TXN03096,8159,card_expired,net_banking,loyal,1,0.65,3,26,17,0
TXN03097,9091,insufficient_funds,net_banking,new,2,0.67,5,43,46,1
TXN03098,12139,card_expired,debit_card,regular,2,0.42,1,12,55,0
TXN03099,7472,technical_error,credit_card,loyal,3,0.77,3,42,51,1
TXN03100,6674,bank_decline,debit_card,new,3,0.92,4,44,69,0
TXN03101,211,card_expired,upi,loyal,3,0.46,2,37,69,1
TXN03102,5499,bank_decline,net_banking,regular,2,0.4,2,39,64,0
TXN03103,608,technical_error,debit_card,loyal,2,0.95,4,2,41,1
TXN03104,1386,bank_decline,credit_card,regular,1,0.91,6,25,43,0
TXN03105,9747,insufficient_funds,credit_card,new,3,0.95,6,23,51,0
TXN03106,1720,technical_error,net_banking,new,3,0.38,2,34,55,1
TXN03107,14503,bank_decline,credit_card,new,3,0.71,2,18,24,0
TXN03108,7527,technical_error,net_banking,regular,3,0.61,0,41,30,0
TXN03109,12880,insufficient_funds,debit_card,new,1,0.37,1,22,2,1
TXN03110,8509,card_expired,credit_card,regular,2,0.42,6,2,52,0
TXN03111,10042,bank_decline,debit_card,new,1,0.45,1,27,27,0
TXN03112,10587,technical_error,credit_card,regular,1,0.9,0,51,64,1
TXN03113,524,insufficient_funds,upi,new,2,0.74,3,9,34,0
TXN03114,9607,card_expired,upi,new,2,0.94,5,41,37,0
TXN03115,11624,bank_decline,net_banking,loyal,1,0.85,6,18,40,0
TXN03116,11068,technical_error,upi,regular,3,0.83,3,17,7,0
TXN03117,9092,card_expired,debit_card,regular,3,0.51,2,15,33,0
TXN03118,1274,bank_decline,net_banking,loyal,2,0.91,4,43,54,1
TXN03119,14519,technical_error,debit_card,loyal,3,0.89,4,13,38,1
TXN03120,14227,insufficient_funds,upi,loyal,3,0.94,5,11,54,0
TXN03121,3736,card_expired,net_banking,regular,3,0.51,1,2,59,0
TXN03122,8793,card_expired,credit_card,loyal,3,0.5,1,50,53,0
TXN03123,10195,technical_error,debit_card,loyal,3,0.47,1,56,56,0
TXN03124,11513,bank_decline,credit_card,regular,1,0.82,6,20,41,0
TXN03125,6117,network_error,debit_card,loyal,2,0.57,1,47,2,1
TXN03126,3428,bank_decline,debit_card,loyal,1,0.69,5,30,58,1
TXN03127,12296,card_expired,debit_card,loyal,2,0.48,6,60,45,0
TXN03128,11433,network_error,debit_card,loyal,1,0.34,1,22,72,0
TXN03129,2001,bank_decline,credit_card,loyal,1,0.77,5,1,39,0
TXN03130,579,insufficient_funds,credit_card,regular,1,0.53,0,9,60,0
TXN03131,12844,insufficient_funds,debit_card,regular,3,0.88,6,22,25,1
TXN03132,12021,network_error,credit_card,new,1,0.75,4,2,36,0
TXN03133,2933,card_expired,upi,new,2,0.86,1,36,56,0
TXN03134,6430,insufficient_funds,upi,new,3,0.33,2,32,29,0
TXN03135,9276,bank_decline,upi,regular,2,0.95,2,41,56,0
TXN03136,13277,technical_error,credit_card,loyal,1,0.52,0,31,39,1
TXN03137,6056,bank_decline,debit_card,loyal,2,0.78,6,27,18,0
TXN03138,9109,network_error,net_banking,regular,1,0.47,2,25,13,0
TXN03139,2500,network_error,upi,regular,2,0.96,5,47,22,0
TXN03140,4416,network_error,debit_card,regular,1,0.65,4,8,66,0
TXN03141,10931,card_expired,net_banking,new,1,0.7,0,28,30,1
TXN03142,13835,card_expired,debit_card,new,1,0.93,4,22,10,0
TXN03143,8294,network_error,upi,regular,1,0.78,5,40,70,1
TXN03144,13649,insufficient_funds,net_banking,regular,1,0.76,0,12,28,1
TXN03145,3954,technical_error,credit_card,regular,3,0.53,0,43,38,0
TXN03146,1136,insufficient_funds,upi,loyal,1,0.57,2,3,19,0
TXN03147,13068,insufficient_funds,credit_card,new,2,0.39,2,50,48,0
TXN03148,7844,insufficient_funds,credit_card,new,3,0.53,4,2,37,0
TXN03149,3379,network_error,debit_card,loyal,2,0.47,4,24,29,0
TXN03150,1585,network_error,debit_card,loyal,3,0.63,0,44,14,1
TXN03151,6884,insufficient_funds,credit_card,loyal,2,0.71,3,58,44,0
TXN03152,7604,insufficient_funds,debit_card,loyal,1,0.87,1,44,11,0
TXN03153,12179,technical_error,net_banking,new,3,0.41,0,38,71,1
TXN03154,9493,network_error,upi,regular,1,0.76,3,50,62,1
TXN03155,640,bank_decline,debit_card,loyal,3,0.76,3,1,57,0
TXN03156,5873,technical_error,credit_card,regular,1,0.34,2,21,7,1
TXN03157,3109,network_error,debit_card,loyal,2,0.8,4,16,72,1
TXN03158,10242,network_error,debit_card,loyal,2,0.73,0,11,41,1
TXN03159,7615,card_expired,credit_card,new,3,0.83,2,1,27,0
TXN03160,11420,card_expired,upi,regular,3,0.35,5,47,19,0
TXN03161,7146,technical_error,credit_card,new,1,0.9,6,36,17,1
TXN03162,1374,network_error,upi,new,1,0.47,3,4,13,0
TXN03163,2816,insufficient_funds,credit_card,new,1,0.66,4,11,47,0
TXN03164,3047,network_error,debit_card,loyal,3,0.35,6,44,50,0
TXN03165,12056,card_expired,debit_card,regular,1,0.46,4,44,12,0
TXN03166,11691,card_expired,debit_card,loyal,2,0.71,3,48,66,0
TXN03167,5217,card_expired,net_banking,regular,1,0.33,0,23,17,1
TXN03168,11648,network_error,credit_card,regular,1,0.61,3,16,35,1
TXN03169,14476,network_error,upi,new,1,0.45,0,34,48,1
TXN03170,2004,technical_error,credit_card,loyal,2,0.84,2,24,34,0
TXN03171,7086,technical_error,net_banking,new,3,0.57,2,25,15,0
TXN03172,7630,card_expired,net_banking,new,1,0.6,5,44,15,0
TXN03173,11271,technical_error,net_banking,new,2,0.46,2,26,14,1
TXN03174,6781,card_expired,net_banking,loyal,1,0.94,2,24,64,1
TXN03175,1812,insufficient_funds,net_banking,loyal,2,0.86,0,11,18,1
TXN03176,10936,bank_decline,net_banking,new,2,0.5,3,57,49,0
TXN03177,7151,insufficient_funds,debit_card,new,2,0.95,0,5,59,1
TXN03178,1785,bank_decline,debit_card,loyal,3,0.37,1,19,66,0
TXN03179,10046,card_expired,net_banking,new,2,0.48,0,54,33,0
TXN03180,6378,technical_error,net_banking,loyal,3,0.91,0,14,49,1
TXN03181,12969,insufficient_funds,credit_card,new,2,0.67,3,44,30,0
TXN03182,3919,network_error,upi,loyal,1,0.81,1,50,15,1
TXN03183,2947,card_expired,credit_card,regular,2,0.71,2,5,6,0
TXN03184,1017,card_expired,debit_card,loyal,1,0.36,3,11,17,0
TXN03185,4800,card_expired,credit_card,loyal,1,0.31,4,8,58,0
TXN03186,12859,card_expired,credit_card,regular,2,0.76,4,40,67,0
TXN03187,13841,technical_error,net_banking,regular,3,0.72,4,39,8,1
TXN03188,14425,insufficient_funds,credit_card,regular,1,0.38,4,55,53,0
TXN03189,7040,bank_decline,credit_card,loyal,3,0.66,0,58,2,0
TXN03190,8269,insufficient_funds,upi,regular,1,0.36,3,13,13,1
TXN03191,7752,bank_decline,upi,regular,1,0.81,6,27,14,0
TXN03192,5198,technical_error,net_banking,new,2,0.92,4,5,12,0
TXN03193,14808,insufficient_funds,credit_card,regular,3,0.97,1,45,7,1
TXN03194,3594,network_error,net_banking,new,2,0.97,2,13,22,1
TXN03195,3834,insufficient_funds,net_banking,new,1,0.35,4,56,68,0
TXN03196,9676,network_error,credit_card,regular,3,0.71,0,16,61,0
TXN03197,10052,bank_decline,upi,regular,3,0.83,4,15,44,0
TXN03198,13640,insufficient_funds,credit_card,new,2,0.88,5,14,20,1
TXN03199,5478,bank_decline,credit_card,regular,2,0.35,4,45,24,0
TXN03200,14627,network_error,upi,regular,2,0.91,0,53,24,1
TXN03201,6848,network_error,credit_card,loyal,3,0.57,4,39,34,1
TXN03202,1800,insufficient_funds,upi,regular,1,0.36,3,14,7,0
TXN03203,342,card_expired,net_banking,loyal,3,0.8,6,40,6,0
TXN03204,7222,bank_decline,upi,loyal,3,0.62,5,18,5,0
TXN03205,12475,technical_error,debit_card,loyal,1,0.61,5,50,25,1
TXN03206,12658,network_error,net_banking,regular,3,0.34,1,14,61,1
TXN03207,7225,card_expired,credit_card,regular,3,0.39,3,43,29,0
TXN03208,383,insufficient_funds,upi,new,3,0.42,1,48,35,1
TXN03209,10304,technical_error,debit_card,new,2,0.76,1,12,31,1
TXN03210,5255,network_error,credit_card,loyal,1,0.74,2,19,35,1
TXN03211,12664,technical_error,upi,new,3,0.97,0,11,36,1
TXN03212,13909,bank_decline,credit_card,loyal,3,0.51,3,23,12,1
TXN03213,12255,technical_error,net_banking,loyal,1,0.97,3,18,2,1
TXN03214,9636,bank_decline,credit_card,regular,2,0.54,4,35,9,0
TXN03215,7858,network_error,upi,regular,3,0.39,6,21,12,0
TXN03216,10416,network_error,debit_card,regular,1,0.75,6,50,10,1
TXN03217,3470,bank_decline,net_banking,regular,3,0.48,5,37,23,1
TXN03218,3059,insufficient_funds,net_banking,regular,3,0.56,4,43,55,0
TXN03219,12903,insufficient_funds,upi,new,1,0.67,0,37,33,1
TXN03220,1271,technical_error,debit_card,loyal,3,0.31,4,51,30,0
TXN03221,5206,insufficient_funds,upi,loyal,3,0.88,2,1,49,1
TXN03222,3111,technical_error,debit_card,regular,2,0.43,6,20,67,0
TXN03223,3969,insufficient_funds,upi,new,2,0.55,5,34,49,0
TXN03224,10231,bank_decline,credit_card,loyal,2,0.83,2,52,37,1
TXN03225,4281,technical_error,debit_card,regular,3,0.94,4,22,44,1
TXN03226,4607,insufficient_funds,upi,new,3,0.89,1,49,72,0
TXN03227,8769,technical_error,upi,loyal,2,0.9,3,54,2,1
TXN03228,7194,technical_error,net_banking,regular,2,0.44,4,7,61,0
TXN03229,934,bank_decline,net_banking,new,3,0.66,0,3,44,0
TXN03230,9219,technical_error,net_banking,new,2,0.97,5,47,52,0
TXN03231,8659,card_expired,net_banking,regular,3,0.67,4,17,59,1
TXN03232,11681,network_error,net_banking,loyal,3,0.32,6,56,56,0
TXN03233,1592,bank_decline,net_banking,new,1,0.32,6,14,68,0
TXN03234,11928,card_expired,credit_card,regular,2,0.63,2,27,56,0
TXN03235,200,bank_decline,credit_card,loyal,3,0.64,0,44,13,0
TXN03236,11049,bank_decline,upi,loyal,3,0.76,1,19,27,0
TXN03237,6228,technical_error,net_banking,loyal,3,0.52,2,21,3,0
TXN03238,13004,card_expired,net_banking,loyal,3,0.84,1,32,44,1
TXN03239,2423,bank_decline,debit_card,loyal,2,0.35,6,45,69,0
TXN03240,14937,bank_decline,net_banking,new,2,0.95,6,9,43,1
TXN03241,14326,insufficient_funds,upi,loyal,2,0.59,1,49,49,0
TXN03242,5129,technical_error,credit_card,loyal,2,0.82,1,34,37,1
TXN03243,12631,card_expired,credit_card,loyal,2,0.43,4,23,29,1
TXN03244,13960,network_error,credit_card,new,1,0.6,4,25,43,1
TXN03245,13413,technical_error,debit_card,new,2,0.74,4,56,48,1
TXN03246,14425,card_expired,net_banking,regular,3,0.56,3,4,28,0
TXN03247,6998,insufficient_funds,credit_card,new,3,0.59,2,20,37,0
TXN03248,9950,bank_decline,net_banking,loyal,3,0.56,5,46,32,0
TXN03249,9001,network_error,debit_card,new,1,0.55,5,27,12,0
TXN03250,13998,network_error,net_banking,new,1,0.9,2,18,46,1
TXN03251,14718,card_expired,debit_card,loyal,2,0.91,3,16,51,0
TXN03252,5330,network_error,net_banking,regular,2,0.83,6,55,48,0
TXN03253,11408,bank_decline,debit_card,regular,3,0.78,1,38,46,0
TXN03254,7509,card_expired,upi,new,1,0.62,3,27,72,0
TXN03255,609,bank_decline,debit_card,new,2,0.59,2,6,40,0
TXN03256,5946,insufficient_funds,upi,new,1,0.52,3,50,27,0
TXN03257,3607,network_error,credit_card,new,3,0.79,4,55,36,0
TXN03258,13246,card_expired,upi,regular,2,0.79,1,16,38,0
TXN03259,5826,insufficient_funds,upi,loyal,3,0.59,1,22,24,0
TXN03260,14370,insufficient_funds,net_banking,regular,1,0.73,5,49,2,0
TXN03261,803,bank_decline,net_banking,new,3,0.8,0,4,32,0
TXN03262,9783,bank_decline,net_banking,new,1,0.71,6,39,65,0
TXN03263,12252,card_expired,upi,new,1,0.67,5,57,41,0
TXN03264,12469,card_expired,upi,regular,2,0.35,5,20,61,0
TXN03265,1723,technical_error,net_banking,loyal,2,0.75,2,47,60,0
TXN03266,6943,card_expired,net_banking,loyal,1,0.78,0,48,48,0
TXN03267,6243,card_expired,upi,loyal,3,0.55,4,42,9,0
TXN03268,2888,insufficient_funds,debit_card,new,3,0.42,5,12,64,0
TXN03269,4882,network_error,upi,regular,2,0.76,4,35,55,1
TXN03270,2748,network_error,upi,new,2,0.35,0,35,50,1
TXN03271,5251,card_expired,upi,regular,1,0.44,4,54,12,0
TXN03272,12213,technical_error,upi,new,2,0.61,6,20,17,1
TXN03273,5562,technical_error,upi,regular,1,0.31,5,56,22,0
TXN03274,3901,technical_error,net_banking,loyal,1,0.87,0,35,53,1
TXN03275,14405,card_expired,net_banking,regular,1,0.44,1,59,47,1
TXN03276,11247,insufficient_funds,credit_card,new,2,0.65,1,18,54,0
TXN03277,8957,network_error,upi,new,3,0.94,6,35,47,0
TXN03278,11566,network_error,net_banking,loyal,3,0.52,4,52,8,0
TXN03279,8760,bank_decline,credit_card,new,3,0.97,2,24,67,0
TXN03280,14377,network_error,net_banking,regular,2,0.82,1,14,69,1
TXN03281,14188,network_error,debit_card,regular,3,0.82,4,6,71,0
TXN03282,12740,network_error,credit_card,new,3,0.34,2,56,50,1
TXN03283,2282,technical_error,debit_card,regular,1,0.37,4,57,48,0
TXN03284,12398,insufficient_funds,credit_card,loyal,3,0.93,1,5,66,1
TXN03285,7936,insufficient_funds,upi,new,1,0.5,3,6,26,0
TXN03286,5645,bank_decline,upi,new,1,0.95,2,15,5,1
TXN03287,13445,bank_decline,upi,new,2,0.6,0,43,13,0
TXN03288,10303,card_expired,upi,loyal,3,0.51,6,21,41,0
TXN03289,12347,card_expired,debit_card,loyal,2,0.52,2,8,72,0
TXN03290,3210,technical_error,credit_card,new,2,0.94,6,58,35,1
TXN03291,1102,card_expired,upi,loyal,1,0.94,5,52,14,1
TXN03292,1914,card_expired,net_banking,loyal,3,0.36,0,58,68,0
TXN03293,2822,bank_decline,debit_card,loyal,1,0.58,1,27,65,0
TXN03294,2689,network_error,net_banking,regular,3,0.57,5,51,49,0
TXN03295,9513,card_expired,debit_card,new,3,0.43,2,32,12,0
TXN03296,382,bank_decline,debit_card,new,3,0.84,5,60,46,0
TXN03297,12652,insufficient_funds,net_banking,new,3,0.44,1,2,6,0
TXN03298,11029,card_expired,upi,loyal,2,0.72,5,9,33,0
TXN03299,9317,card_expired,credit_card,new,3,0.54,2,22,24,0
TXN03300,13494,network_error,upi,loyal,3,0.9,6,42,3,0
TXN03301,2615,technical_error,net_banking,new,2,0.33,4,2,23,0
TXN03302,13827,insufficient_funds,upi,new,2,0.83,6,20,62,0
TXN03303,13383,card_expired,upi,new,3,0.69,2,56,11,0
TXN03304,12138,technical_error,upi,regular,2,0.95,2,14,5,1
TXN03305,6572,bank_decline,upi,regular,1,0.45,4,32,68,0
TXN03306,8563,card_expired,net_banking,regular,2,0.77,4,40,31,1
TXN03307,6579,network_error,net_banking,loyal,1,0.9,1,54,3,1
TXN03308,1800,insufficient_funds,net_banking,new,2,0.63,4,18,58,0
TXN03309,1504,technical_error,credit_card,new,3,0.31,2,8,33,0
TXN03310,8736,technical_error,upi,loyal,1,0.68,5,37,38,1
TXN03311,9852,network_error,upi,regular,3,0.8,2,15,40,1
TXN03312,9388,insufficient_funds,upi,new,3,0.58,1,41,8,0
TXN03313,5629,insufficient_funds,debit_card,loyal,3,0.57,0,52,72,1
TXN03314,8564,technical_error,net_banking,loyal,3,0.81,3,54,43,1
TXN03315,11027,insufficient_funds,debit_card,regular,3,0.94,4,43,24,0
TXN03316,2802,technical_error,debit_card,loyal,3,0.91,6,49,15,1
TXN03317,2727,insufficient_funds,upi,new,1,0.6,4,33,44,0
TXN03318,12119,bank_decline,net_banking,regular,2,0.73,4,2,52,0
TXN03319,13335,technical_error,debit_card,regular,2,0.8,4,21,61,1
TXN03320,1500,insufficient_funds,upi,loyal,1,0.36,3,21,45,0
TXN03321,11818,bank_decline,debit_card,loyal,3,0.72,2,35,59,0
TXN03322,1625,network_error,upi,loyal,2,0.77,1,28,57,1
TXN03323,2171,network_error,net_banking,regular,2,0.53,2,40,53,1
TXN03324,5414,network_error,upi,loyal,2,0.51,0,40,52,1
TXN03325,10011,card_expired,debit_card,loyal,1,0.92,0,37,27,1
TXN03326,8462,insufficient_funds,credit_card,new,2,0.83,6,3,11,0
TXN03327,5562,technical_error,net_banking,loyal,3,0.41,2,10,17,0
TXN03328,12640,technical_error,debit_card,regular,3,0.71,3,25,53,0
TXN03329,9501,technical_error,upi,regular,3,0.77,0,52,65,0
TXN03330,4698,network_error,debit_card,new,2,0.68,0,54,43,0
TXN03331,7386,insufficient_funds,upi,loyal,2,0.57,5,32,14,0
TXN03332,5546,bank_decline,upi,regular,1,0.53,4,10,51,1
TXN03333,14790,card_expired,net_banking,regular,3,0.86,3,41,18,0
TXN03334,987,bank_decline,debit_card,regular,3,0.88,2,40,9,1
TXN03335,11519,insufficient_funds,upi,regular,2,0.8,5,10,65,0
TXN03336,897,insufficient_funds,credit_card,regular,2,0.79,6,51,28,0
TXN03337,14304,network_error,net_banking,regular,2,0.89,4,9,12,0
TXN03338,6528,insufficient_funds,net_banking,regular,1,0.94,2,26,62,0
TXN03339,4574,bank_decline,net_banking,new,2,0.68,6,54,3,0
TXN03340,13800,bank_decline,credit_card,loyal,3,0.77,0,39,65,1
TXN03341,8117,bank_decline,upi,new,1,0.69,5,18,39,1
TXN03342,5226,technical_error,debit_card,regular,1,0.76,3,59,36,1
TXN03343,3113,technical_error,debit_card,loyal,3,0.53,4,31,35,1
TXN03344,7316,bank_decline,net_banking,regular,3,0.91,3,2,47,0
TXN03345,12083,technical_error,upi,loyal,3,0.44,6,20,29,0
TXN03346,7276,technical_error,net_banking,loyal,2,0.37,6,27,23,0
TXN03347,12093,network_error,upi,loyal,1,0.63,5,16,39,0
TXN03348,5865,insufficient_funds,upi,loyal,2,0.62,0,43,7,1
TXN03349,5656,bank_decline,net_banking,regular,1,0.82,4,17,31,0
TXN03350,13612,bank_decline,net_banking,new,1,0.54,2,30,65,0
TXN03351,4370,network_error,debit_card,regular,2,0.74,5,41,63,1
TXN03352,6647,technical_error,upi,loyal,2,0.62,4,43,41,1
TXN03353,14301,insufficient_funds,upi,regular,2,0.68,6,50,45,0
TXN03354,9994,bank_decline,net_banking,regular,3,0.37,3,26,6,0
TXN03355,14911,technical_error,upi,loyal,3,0.38,1,27,22,1
TXN03356,12351,bank_decline,net_banking,new,2,0.31,0,17,52,0
TXN03357,7484,network_error,upi,loyal,2,0.76,3,47,32,0
TXN03358,2239,technical_error,upi,loyal,2,0.69,0,34,28,1
TXN03359,4843,bank_decline,net_banking,new,1,0.61,1,39,50,1
TXN03360,1475,card_expired,upi,loyal,3,0.32,6,3,14,0
TXN03361,777,card_expired,net_banking,loyal,3,0.48,0,32,70,0
TXN03362,9987,insufficient_funds,upi,regular,3,0.37,5,10,15,0
TXN03363,6182,technical_error,debit_card,loyal,3,0.82,4,28,57,1
TXN03364,4295,bank_decline,debit_card,regular,2,0.98,2,57,46,0
TXN03365,9937,card_expired,credit_card,regular,1,0.61,1,35,69,1
TXN03366,12964,network_error,debit_card,new,2,0.86,6,13,1,1
TXN03367,3305,network_error,net_banking,regular,1,0.63,2,40,30,1
TXN03368,14143,insufficient_funds,upi,regular,3,0.82,4,27,57,0
TXN03369,14690,network_error,upi,loyal,1,0.43,6,55,2,0
TXN03370,7675,insufficient_funds,upi,loyal,2,0.87,4,53,20,1
TXN03371,612,technical_error,debit_card,regular,1,0.95,5,27,31,0
TXN03372,7914,technical_error,upi,loyal,1,0.4,4,56,67,1
TXN03373,9756,network_error,credit_card,new,3,0.39,1,51,22,1
TXN03374,10466,insufficient_funds,upi,new,2,0.36,0,38,63,0
TXN03375,9154,technical_error,debit_card,regular,3,0.89,3,49,41,1
TXN03376,4527,bank_decline,net_banking,regular,3,0.45,2,44,41,0
TXN03377,1451,network_error,credit_card,loyal,3,0.75,6,58,44,1
TXN03378,6459,card_expired,debit_card,loyal,1,0.77,1,4,27,0
TXN03379,10817,technical_error,credit_card,loyal,3,0.45,6,47,55,0
TXN03380,12984,network_error,upi,regular,1,0.48,5,9,22,1
TXN03381,1420,bank_decline,debit_card,new,1,0.52,0,58,13,1
TXN03382,7456,insufficient_funds,debit_card,regular,1,0.43,4,31,51,0
TXN03383,7879,card_expired,credit_card,loyal,3,0.31,3,43,62,0
TXN03384,9104,insufficient_funds,net_banking,regular,1,0.8,2,1,62,1
TXN03385,8109,network_error,net_banking,new,1,0.64,0,19,70,1
TXN03386,8656,card_expired,credit_card,loyal,2,0.37,3,53,29,1
TXN03387,14717,insufficient_funds,net_banking,regular,3,0.52,3,17,55,0
TXN03388,1988,technical_error,credit_card,regular,1,0.52,5,49,30,0
TXN03389,534,card_expired,upi,loyal,1,0.96,5,46,63,0
TXN03390,3959,bank_decline,debit_card,regular,3,0.98,5,39,58,0
TXN03391,2221,technical_error,credit_card,loyal,2,0.68,0,13,51,0
TXN03392,2529,technical_error,net_banking,regular,1,0.61,1,8,43,0
TXN03393,1297,technical_error,debit_card,loyal,2,0.8,6,56,44,0
TXN03394,6778,network_error,debit_card,new,1,0.59,5,60,4,0
TXN03395,8556,card_expired,upi,regular,3,0.31,6,54,30,0
TXN03396,6230,technical_error,debit_card,loyal,2,0.43,6,40,11,1
TXN03397,6132,card_expired,debit_card,regular,1,0.63,2,59,33,0
TXN03398,3766,bank_decline,credit_card,new,1,0.8,2,4,12,1
TXN03399,9097,insufficient_funds,debit_card,new,3,0.52,4,41,62,0
TXN03400,395,insufficient_funds,upi,loyal,2,0.37,3,6,63,0
TXN03401,3349,network_error,upi,regular,3,0.61,0,58,39,1
TXN03402,4355,card_expired,credit_card,regular,1,0.95,2,35,30,0
TXN03403,10541,technical_error,upi,new,1,0.6,4,17,15,0
TXN03404,7630,card_expired,net_banking,regular,3,0.6,0,1,50,0
TXN03405,5281,bank_decline,net_banking,loyal,3,0.75,1,54,11,0
TXN03406,7940,insufficient_funds,credit_card,new,1,0.42,4,51,54,0
TXN03407,12038,card_expired,upi,regular,2,0.98,2,8,1,1
TXN03408,4802,technical_error,credit_card,loyal,2,0.78,3,47,28,0
TXN03409,9070,network_error,upi,regular,1,0.88,6,19,21,1
TXN03410,7654,technical_error,upi,loyal,3,0.91,6,31,53,0
TXN03411,1923,network_error,credit_card,regular,3,0.62,2,57,58,1
TXN03412,11236,bank_decline,net_banking,regular,2,0.4,4,51,59,0
TXN03413,6547,technical_error,debit_card,regular,3,0.53,5,2,27,0
TXN03414,10175,technical_error,upi,loyal,2,0.66,2,48,54,1
TXN03415,7308,card_expired,debit_card,loyal,3,0.89,0,14,67,1
TXN03416,6913,technical_error,net_banking,new,3,0.82,3,57,57,0
TXN03417,7393,technical_error,upi,regular,1,0.81,1,37,53,1
TXN03418,3850,card_expired,net_banking,loyal,1,0.9,6,49,57,1
TXN03419,13066,network_error,credit_card,regular,1,0.97,0,9,71,1
TXN03420,3024,insufficient_funds,credit_card,regular,3,0.96,5,59,22,0
TXN03421,2886,insufficient_funds,debit_card,loyal,1,0.34,1,14,30,1
TXN03422,6410,network_error,net_banking,loyal,1,0.87,3,37,34,1
TXN03423,11341,network_error,net_banking,loyal,2,0.74,1,22,57,1
TXN03424,6619,bank_decline,debit_card,loyal,2,0.36,4,22,32,0
TXN03425,13874,network_error,credit_card,regular,2,0.47,6,36,44,1
TXN03426,8045,bank_decline,debit_card,new,1,0.95,5,49,67,0
TXN03427,4393,insufficient_funds,upi,regular,2,0.92,4,52,1,1
TXN03428,7475,card_expired,upi,new,2,0.53,0,31,72,0
TXN03429,7151,technical_error,net_banking,loyal,2,0.32,1,3,30,0
TXN03430,2330,insufficient_funds,credit_card,new,1,0.92,0,58,12,0
TXN03431,11948,bank_decline,net_banking,regular,1,0.95,6,37,17,0
TXN03432,7932,technical_error,net_banking,new,3,0.64,6,52,10,1
TXN03433,2780,bank_decline,upi,regular,1,0.69,0,31,51,1
TXN03434,2081,card_expired,credit_card,new,1,0.82,4,36,65,1
TXN03435,273,network_error,upi,new,3,0.33,4,32,40,0
TXN03436,1499,insufficient_funds,credit_card,new,3,0.41,5,42,1,0
TXN03437,14739,card_expired,upi,regular,2,0.94,0,26,36,0
TXN03438,10350,insufficient_funds,credit_card,new,2,0.58,1,56,60,0
TXN03439,12319,network_error,credit_card,regular,1,0.58,5,37,58,1
TXN03440,2998,network_error,debit_card,loyal,2,0.34,4,59,44,1
TXN03441,9094,insufficient_funds,debit_card,new,3,0.96,4,32,19,0
TXN03442,11485,technical_error,debit_card,regular,3,0.78,0,28,7,0
TXN03443,14362,bank_decline,upi,regular,3,0.4,1,26,63,1
TXN03444,12349,technical_error,upi,loyal,3,0.37,5,30,1,1
TXN03445,925,network_error,net_banking,regular,3,0.97,3,43,17,1
TXN03446,2315,bank_decline,credit_card,loyal,1,0.33,6,36,20,0
TXN03447,12010,bank_decline,debit_card,new,1,0.78,4,29,1,0
TXN03448,9626,insufficient_funds,net_banking,loyal,2,0.64,4,59,14,0
TXN03449,10548,bank_decline,upi,new,1,0.59,1,52,57,1
TXN03450,10055,insufficient_funds,credit_card,regular,2,0.86,3,20,15,0
TXN03451,5275,insufficient_funds,upi,loyal,2,0.86,4,27,21,1
TXN03452,5866,technical_error,credit_card,loyal,3,0.46,0,12,39,0
TXN03453,13171,card_expired,net_banking,new,3,0.6,6,30,62,0
TXN03454,12512,bank_decline,upi,new,3,0.51,5,57,44,0
TXN03455,10401,card_expired,net_banking,new,3,0.96,3,24,61,1
TXN03456,6853,bank_decline,debit_card,loyal,3,0.74,6,11,7,0
TXN03457,3909,bank_decline,credit_card,loyal,2,0.39,3,38,54,0
TXN03458,10464,network_error,credit_card,loyal,2,0.31,0,27,46,1
TXN03459,8029,card_expired,debit_card,regular,1,0.58,5,50,18,1
TXN03460,4487,technical_error,debit_card,new,1,0.58,4,15,7,0
TXN03461,1584,bank_decline,credit_card,new,3,0.53,3,16,14,0
TXN03462,2062,card_expired,debit_card,new,2,0.51,0,17,63,0
TXN03463,5578,card_expired,credit_card,new,3,0.34,2,9,29,0
TXN03464,5606,technical_error,upi,regular,2,0.41,4,35,32,0
TXN03465,12679,bank_decline,net_banking,loyal,2,0.92,3,51,62,0
TXN03466,1550,bank_decline,debit_card,loyal,1,0.84,1,28,21,0
TXN03467,7818,insufficient_funds,net_banking,regular,1,0.33,1,10,3,0
TXN03468,11720,network_error,net_banking,regular,2,0.58,6,54,40,1
TXN03469,7599,technical_error,net_banking,new,3,0.78,2,17,7,0
TXN03470,4855,insufficient_funds,debit_card,new,2,0.72,4,10,8,0
TXN03471,7456,bank_decline,upi,loyal,1,0.72,2,15,52,0
TXN03472,4741,bank_decline,debit_card,loyal,3,0.7,1,51,45,1
TXN03473,7880,technical_error,debit_card,regular,2,0.43,6,52,66,1
TXN03474,3826,insufficient_funds,credit_card,regular,1,0.49,1,41,27,1
TXN03475,3968,card_expired,upi,new,1,0.4,6,31,33,1
TXN03476,9539,technical_error,upi,new,3,0.86,1,4,31,1
TXN03477,934,bank_decline,credit_card,regular,1,0.39,6,9,42,0
TXN03478,664,card_expired,credit_card,regular,2,0.52,6,32,7,0
TXN03479,4570,network_error,upi,new,1,0.91,6,44,39,0
TXN03480,6643,bank_decline,credit_card,new,3,0.72,2,53,48,0
TXN03481,2356,bank_decline,debit_card,loyal,1,0.94,6,34,10,0
TXN03482,14035,insufficient_funds,upi,new,2,0.79,1,47,40,0
TXN03483,4360,network_error,net_banking,new,2,0.77,6,49,41,1
TXN03484,2186,card_expired,net_banking,new,1,0.95,5,42,17,0
TXN03485,6910,insufficient_funds,credit_card,regular,1,0.81,1,55,10,0
TXN03486,14496,technical_error,upi,loyal,2,0.46,1,1,1,1
TXN03487,1398,bank_decline,credit_card,regular,1,0.34,4,36,50,0
TXN03488,6073,card_expired,net_banking,regular,1,0.51,5,14,55,1
TXN03489,8476,network_error,credit_card,new,1,0.35,2,49,54,0
TXN03490,14119,network_error,debit_card,loyal,1,0.63,4,34,65,1
TXN03491,9013,technical_error,debit_card,new,2,0.84,3,43,15,1
TXN03492,4182,technical_error,credit_card,regular,3,0.62,4,47,46,1
TXN03493,13590,bank_decline,net_banking,loyal,1,0.98,5,3,49,1
TXN03494,6757,technical_error,debit_card,regular,2,0.42,0,1,62,0
TXN03495,11906,card_expired,debit_card,new,3,0.73,4,8,38,0
TXN03496,10559,insufficient_funds,net_banking,new,2,0.59,0,30,67,1
TXN03497,12069,network_error,debit_card,new,2,0.71,4,49,48,1
TXN03498,4382,bank_decline,upi,loyal,3,0.44,3,58,11,0
TXN03499,8077,bank_decline,credit_card,regular,2,0.66,5,27,58,0
TXN03500,14427,technical_error,upi,regular,1,0.36,2,23,56,1
TXN03501,11158,technical_error,upi,regular,1,0.98,1,60,12,1
TXN03502,10453,card_expired,debit_card,loyal,1,0.31,0,9,45,0
TXN03503,5870,card_expired,upi,new,1,0.82,5,31,62,0
TXN03504,501,insufficient_funds,credit_card,regular,2,0.77,3,7,21,0
TXN03505,1965,bank_decline,upi,loyal,2,0.76,0,55,14,1
TXN03506,11091,network_error,debit_card,regular,2,0.53,0,43,8,0
TXN03507,5046,technical_error,credit_card,loyal,3,0.79,5,37,71,0
TXN03508,9506,card_expired,net_banking,loyal,2,0.46,4,31,18,0
TXN03509,1795,card_expired,debit_card,new,1,0.84,6,19,32,0
TXN03510,12855,network_error,credit_card,new,3,0.35,1,21,21,0
TXN03511,10332,insufficient_funds,credit_card,regular,3,0.96,2,7,57,0
TXN03512,9479,card_expired,upi,regular,2,0.81,1,33,64,0
TXN03513,6085,network_error,net_banking,new,1,0.53,3,50,42,0
TXN03514,1112,network_error,debit_card,new,1,0.33,1,58,37,1
TXN03515,6462,card_expired,net_banking,new,1,0.54,5,24,67,0
TXN03516,912,bank_decline,credit_card,loyal,3,0.41,6,33,2,0
TXN03517,6963,card_expired,net_banking,new,3,0.67,0,55,24,0
TXN03518,2282,card_expired,upi,regular,2,0.73,0,38,72,0
TXN03519,3373,card_expired,credit_card,regular,1,0.62,4,21,71,0
TXN03520,14216,bank_decline,upi,regular,1,0.31,1,52,34,0
TXN03521,2644,bank_decline,net_banking,new,3,0.35,6,30,31,0
TXN03522,5118,bank_decline,credit_card,new,1,0.87,6,8,69,1
TXN03523,2698,card_expired,net_banking,loyal,3,0.85,2,51,16,0
TXN03524,4272,technical_error,net_banking,new,2,0.36,2,30,12,0
TXN03525,9503,network_error,credit_card,loyal,3,0.39,2,55,49,0
TXN03526,11284,technical_error,debit_card,regular,3,0.63,4,36,28,1
TXN03527,941,insufficient_funds,upi,new,2,0.36,6,5,67,0
TXN03528,14255,technical_error,credit_card,regular,1,0.95,2,59,11,1
TXN03529,3992,insufficient_funds,upi,loyal,1,0.6,4,43,1,1
TXN03530,7579,network_error,upi,regular,1,0.69,2,51,7,0
TXN03531,14990,card_expired,net_banking,new,2,0.75,4,30,68,0
TXN03532,556,insufficient_funds,credit_card,regular,2,0.82,3,18,41,0
TXN03533,12726,insufficient_funds,net_banking,regular,3,0.96,4,18,7,0
TXN03534,4586,network_error,debit_card,new,2,0.48,4,41,68,0
TXN03535,10100,insufficient_funds,debit_card,loyal,1,0.78,3,48,37,1
TXN03536,13566,card_expired,upi,new,1,0.87,0,15,22,1
TXN03537,13455,card_expired,upi,new,1,0.78,4,3,45,0
TXN03538,6697,insufficient_funds,credit_card,loyal,1,0.36,4,39,52,0
TXN03539,5038,card_expired,credit_card,new,2,0.45,0,25,37,1
TXN03540,4802,card_expired,upi,loyal,2,0.62,2,57,72,0
TXN03541,10613,technical_error,upi,loyal,2,0.65,3,1,32,1
TXN03542,1945,network_error,credit_card,regular,2,0.3,0,29,63,0
TXN03543,12737,insufficient_funds,net_banking,regular,3,0.92,4,13,26,0
TXN03544,805,card_expired,credit_card,new,1,0.6,4,46,55,0
TXN03545,798,bank_decline,credit_card,new,1,0.48,2,6,46,0
TXN03546,9897,card_expired,net_banking,regular,1,0.46,5,43,67,0
TXN03547,9451,card_expired,upi,regular,1,0.46,0,31,4,0
TXN03548,12109,insufficient_funds,upi,new,1,0.9,6,4,40,0
TXN03549,13257,technical_error,debit_card,regular,3,0.57,2,14,50,0
TXN03550,12319,technical_error,net_banking,loyal,2,0.46,3,14,39,0
TXN03551,11578,insufficient_funds,upi,loyal,2,0.79,1,60,26,0
TXN03552,13500,technical_error,upi,loyal,2,0.88,5,16,20,0
TXN03553,10994,card_expired,net_banking,loyal,1,0.48,0,60,31,1
TXN03554,3489,network_error,net_banking,loyal,2,0.6,0,28,1,1
TXN03555,9362,network_error,net_banking,new,2,0.61,1,8,16,1
TXN03556,5754,network_error,net_banking,loyal,3,0.68,1,60,48,0
TXN03557,6641,bank_decline,net_banking,new,3,0.66,4,29,2,0
TXN03558,5049,bank_decline,upi,regular,1,0.88,1,39,31,1
TXN03559,2367,card_expired,credit_card,loyal,3,0.97,3,48,20,0
TXN03560,2266,technical_error,credit_card,regular,1,0.72,1,25,7,1
TXN03561,11125,network_error,credit_card,loyal,3,0.34,6,21,55,1
TXN03562,1353,technical_error,net_banking,new,3,0.48,2,50,66,1
TXN03563,1637,insufficient_funds,credit_card,new,3,0.8,4,9,25,0
TXN03564,5163,card_expired,credit_card,loyal,3,0.95,5,53,72,0
TXN03565,8032,insufficient_funds,debit_card,loyal,1,0.35,2,43,34,0
TXN03566,8290,card_expired,debit_card,loyal,2,0.88,2,21,54,1
TXN03567,2469,insufficient_funds,credit_card,loyal,3,0.39,1,2,53,1
TXN03568,1537,technical_error,net_banking,regular,1,0.63,0,41,29,0
TXN03569,2748,insufficient_funds,net_banking,regular,1,0.77,3,39,31,0
TXN03570,3301,bank_decline,credit_card,regular,2,0.6,0,54,32,1
TXN03571,13004,technical_error,credit_card,loyal,3,0.8,5,12,44,1
TXN03572,14940,technical_error,debit_card,loyal,2,0.85,0,12,49,0
TXN03573,4138,card_expired,upi,loyal,3,0.69,6,56,22,0
TXN03574,5328,insufficient_funds,net_banking,regular,2,0.5,4,18,32,0
TXN03575,12438,card_expired,net_banking,loyal,1,0.89,0,5,40,0
TXN03576,3846,insufficient_funds,credit_card,regular,2,0.32,5,34,4,0
TXN03577,8386,card_expired,credit_card,regular,2,0.78,4,44,8,0
TXN03578,6567,insufficient_funds,net_banking,loyal,2,0.93,0,11,46,1
TXN03579,11473,insufficient_funds,credit_card,loyal,3,0.48,3,16,60,1
TXN03580,6957,insufficient_funds,net_banking,regular,3,0.32,1,13,42,0
TXN03581,1387,technical_error,credit_card,new,3,0.52,5,40,63,0
TXN03582,3925,card_expired,debit_card,loyal,2,0.96,6,38,41,0
TXN03583,1305,technical_error,debit_card,regular,3,0.61,5,6,10,1
TXN03584,11265,insufficient_funds,net_banking,regular,1,0.45,4,28,19,0
TXN03585,6638,card_expired,net_banking,new,1,0.41,4,19,21,0
TXN03586,701,network_error,credit_card,regular,2,0.95,0,48,66,1
TXN03587,9670,insufficient_funds,upi,loyal,3,0.39,3,15,22,0
TXN03588,844,card_expired,debit_card,new,1,0.73,1,46,55,0
TXN03589,12692,bank_decline,upi,new,1,0.3,1,1,9,0
TXN03590,14043,network_error,upi,new,3,0.62,6,44,9,0
TXN03591,11938,insufficient_funds,net_banking,loyal,3,0.59,1,41,51,1
TXN03592,2772,technical_error,upi,regular,2,0.36,5,2,3,0
TXN03593,14699,network_error,credit_card,loyal,1,0.72,5,35,33,0
TXN03594,2310,card_expired,debit_card,new,3,0.33,1,27,2,0
TXN03595,2405,insufficient_funds,debit_card,regular,1,0.4,5,34,30,1
TXN03596,3319,bank_decline,debit_card,loyal,2,0.43,3,22,27,0
TXN03597,7322,technical_error,debit_card,loyal,1,0.89,0,56,54,1
TXN03598,3822,network_error,net_banking,regular,3,0.56,4,31,40,1
TXN03599,3580,network_error,upi,regular,2,0.92,0,2,50,1
TXN03600,6605,bank_decline,net_banking,new,1,0.77,2,19,43,0
TXN03601,1835,bank_decline,credit_card,regular,2,0.5,4,27,22,0
TXN03602,9806,insufficient_funds,upi,new,1,0.54,2,53,3,0
TXN03603,13406,card_expired,net_banking,new,3,0.79,1,8,43,0
TXN03604,11805,bank_decline,upi,new,3,0.47,1,9,71,0
TXN03605,5514,technical_error,debit_card,regular,3,0.6,2,16,45,0
TXN03606,12326,network_error,upi,regular,2,0.42,2,48,26,0
TXN03607,965,network_error,credit_card,new,2,0.83,6,21,41,0
TXN03608,7333,insufficient_funds,net_banking,regular,3,0.67,4,12,52,1
TXN03609,1550,card_expired,upi,loyal,3,0.31,1,2,33,0
TXN03610,6077,technical_error,credit_card,loyal,3,0.62,6,35,56,1
TXN03611,14762,bank_decline,debit_card,new,3,0.97,1,24,43,0
TXN03612,12785,bank_decline,upi,loyal,1,0.33,5,51,46,0
TXN03613,7457,bank_decline,net_banking,regular,3,0.71,6,6,14,0
TXN03614,13065,card_expired,debit_card,new,3,0.51,2,30,53,0
TXN03615,7444,bank_decline,upi,loyal,1,0.36,3,1,71,0
TXN03616,14817,bank_decline,net_banking,new,1,0.9,5,60,22,1
TXN03617,12923,insufficient_funds,debit_card,regular,3,0.65,6,25,8,1
TXN03618,8621,insufficient_funds,upi,regular,2,0.76,0,9,65,0
TXN03619,14750,technical_error,debit_card,new,3,0.97,3,18,50,0
TXN03620,12331,network_error,debit_card,loyal,3,0.71,5,31,17,1
TXN03621,10577,bank_decline,net_banking,new,1,0.44,5,32,70,0
TXN03622,11285,bank_decline,debit_card,loyal,2,0.8,4,56,66,0
TXN03623,10881,network_error,upi,new,3,0.62,5,16,7,0
TXN03624,14888,technical_error,credit_card,loyal,1,0.62,3,38,37,1
TXN03625,10222,bank_decline,upi,regular,2,0.77,5,43,33,0
TXN03626,5274,bank_decline,credit_card,new,2,0.57,6,11,55,0
TXN03627,10689,bank_decline,upi,loyal,1,0.5,3,54,46,0
TXN03628,1987,card_expired,credit_card,loyal,2,0.47,4,42,66,0
TXN03629,10214,technical_error,upi,loyal,3,0.78,4,48,7,1
TXN03630,10128,technical_error,net_banking,regular,3,0.88,3,33,29,0
TXN03631,8340,bank_decline,net_banking,loyal,3,0.35,3,34,40,0
TXN03632,3773,bank_decline,credit_card,regular,3,0.44,3,42,13,0
TXN03633,13965,card_expired,net_banking,regular,1,0.9,5,41,25,0
TXN03634,618,network_error,net_banking,loyal,3,0.45,4,11,20,1
TXN03635,11922,technical_error,upi,regular,1,0.46,1,27,44,1
TXN03636,9282,bank_decline,credit_card,loyal,1,0.45,6,9,51,0
TXN03637,2798,card_expired,debit_card,regular,3,0.76,2,52,16,0
TXN03638,7580,insufficient_funds,upi,loyal,3,0.34,1,9,32,0
TXN03639,8183,network_error,upi,regular,3,0.52,0,38,32,0
TXN03640,5343,bank_decline,upi,loyal,2,0.97,0,59,20,1
TXN03641,6935,network_error,net_banking,regular,1,0.43,2,17,47,1
TXN03642,13296,card_expired,net_banking,new,1,0.37,4,16,12,0
TXN03643,2616,card_expired,credit_card,regular,2,0.32,5,26,14,0
TXN03644,2966,insufficient_funds,debit_card,loyal,3,0.73,2,25,38,1
TXN03645,9333,bank_decline,debit_card,loyal,1,0.94,2,24,42,0
TXN03646,5772,technical_error,upi,new,1,0.96,1,46,43,1
TXN03647,8387,card_expired,net_banking,loyal,3,0.85,2,60,28,1
TXN03648,2442,card_expired,net_banking,new,3,0.79,0,17,53,1
TXN03649,8712,insufficient_funds,debit_card,regular,3,0.56,5,53,19,0
TXN03650,7148,technical_error,credit_card,new,3,0.42,0,37,57,1
TXN03651,5724,network_error,net_banking,new,2,0.83,0,28,60,1
TXN03652,12017,network_error,upi,loyal,1,0.42,0,14,27,1
TXN03653,10220,network_error,net_banking,regular,3,0.62,1,59,15,1
TXN03654,12129,network_error,debit_card,loyal,1,0.81,6,15,10,0
TXN03655,2781,technical_error,net_banking,loyal,3,0.4,0,55,44,1
TXN03656,8070,network_error,debit_card,new,2,0.33,0,58,72,1
TXN03657,2580,technical_error,debit_card,loyal,2,0.6,2,12,59,0
TXN03658,5370,bank_decline,upi,regular,3,0.67,3,51,22,0
TXN03659,2580,network_error,net_banking,new,1,0.41,5,34,4,0
TXN03660,2942,card_expired,credit_card,regular,2,0.58,3,24,65,0
TXN03661,2450,bank_decline,net_banking,regular,1,0.87,3,53,3,0
TXN03662,14718,bank_decline,net_banking,new,3,0.73,6,22,23,0
TXN03663,3763,card_expired,net_banking,loyal,2,0.62,4,58,69,0
TXN03664,7433,network_error,upi,regular,2,0.63,3,50,7,0
TXN03665,1615,insufficient_funds,net_banking,new,3,0.51,3,34,8,0
TXN03666,2433,technical_error,debit_card,regular,3,0.79,5,42,49,1
TXN03667,7368,network_error,credit_card,regular,1,0.89,0,42,67,0
TXN03668,745,bank_decline,net_banking,loyal,3,0.57,4,1,26,1
TXN03669,13951,card_expired,net_banking,regular,2,0.96,4,54,48,0
TXN03670,2564,card_expired,debit_card,new,1,0.82,2,9,72,0
TXN03671,4103,bank_decline,upi,new,2,0.84,0,37,11,0
TXN03672,9315,bank_decline,credit_card,loyal,2,0.3,5,8,61,1
TXN03673,8628,card_expired,net_banking,new,2,0.42,3,30,14,0
TXN03674,1098,card_expired,upi,new,2,0.45,3,36,48,0
TXN03675,9982,card_expired,net_banking,loyal,1,0.74,2,27,11,0
TXN03676,5566,network_error,credit_card,new,3,0.93,0,44,61,1
TXN03677,1938,card_expired,upi,new,3,0.42,2,4,20,0
TXN03678,4935,technical_error,net_banking,new,3,0.82,5,15,23,1
TXN03679,395,insufficient_funds,net_banking,regular,3,0.84,3,18,59,0
TXN03680,10914,bank_decline,debit_card,loyal,2,0.52,6,48,58,0
TXN03681,4368,insufficient_funds,upi,new,2,0.75,5,40,34,0
TXN03682,2915,network_error,upi,new,2,0.49,2,50,28,1
TXN03683,844,bank_decline,credit_card,new,1,0.61,6,40,30,0
TXN03684,13133,card_expired,net_banking,loyal,3,0.82,5,39,58,0
TXN03685,2087,card_expired,credit_card,loyal,2,0.53,6,6,59,0
TXN03686,10969,network_error,upi,loyal,2,0.72,3,34,66,1
TXN03687,4670,technical_error,credit_card,loyal,1,0.44,6,52,44,0
TXN03688,3000,bank_decline,credit_card,loyal,2,0.6,2,22,4,0
TXN03689,9662,technical_error,net_banking,new,1,0.48,6,16,41,1
TXN03690,7431,technical_error,credit_card,new,1,0.36,0,59,67,1
TXN03691,11553,network_error,upi,regular,3,0.59,4,40,71,0
TXN03692,12109,bank_decline,debit_card,new,1,0.47,6,37,53,0
TXN03693,11111,insufficient_funds,credit_card,loyal,2,0.79,1,42,36,0
TXN03694,14149,technical_error,credit_card,new,1,0.4,6,27,34,1
TXN03695,10295,card_expired,debit_card,new,2,0.88,2,35,21,0
TXN03696,8671,card_expired,credit_card,loyal,3,0.4,0,55,37,0
TXN03697,11391,bank_decline,upi,regular,2,0.56,2,12,32,0
TXN03698,1898,card_expired,upi,loyal,2,0.97,1,6,34,1
TXN03699,7704,insufficient_funds,net_banking,regular,3,0.33,2,23,19,0
TXN03700,14897,insufficient_funds,net_banking,regular,2,0.72,4,34,59,0
TXN03701,9076,technical_error,net_banking,regular,2,0.5,2,33,34,0
TXN03702,12627,bank_decline,credit_card,new,2,0.3,4,60,18,0
TXN03703,9723,insufficient_funds,net_banking,new,3,0.52,4,28,24,0
TXN03704,5653,network_error,debit_card,regular,2,0.91,4,39,4,1
TXN03705,13967,bank_decline,upi,regular,2,0.71,3,47,45,0
TXN03706,14734,network_error,upi,regular,3,0.85,1,46,17,0
TXN03707,4132,network_error,net_banking,new,3,0.58,4,17,67,1
TXN03708,5378,insufficient_funds,credit_card,regular,1,0.39,1,29,39,1
TXN03709,1066,insufficient_funds,net_banking,loyal,1,0.85,5,46,63,1
TXN03710,6980,insufficient_funds,upi,regular,2,0.89,2,27,25,0
TXN03711,13303,network_error,debit_card,loyal,1,0.44,5,1,63,1
TXN03712,3247,technical_error,net_banking,loyal,1,0.92,3,5,41,1
TXN03713,5095,bank_decline,upi,loyal,2,0.56,2,28,42,0
TXN03714,5057,network_error,credit_card,new,3,0.88,5,34,23,1
TXN03715,1445,insufficient_funds,net_banking,regular,3,0.33,2,54,35,0
TXN03716,11910,technical_error,upi,new,3,0.64,1,45,69,0
TXN03717,7556,network_error,upi,new,1,0.46,5,15,22,0
TXN03718,9053,technical_error,net_banking,new,3,0.81,1,14,21,0
TXN03719,3607,card_expired,net_banking,loyal,2,0.97,1,51,57,0
TXN03720,12471,card_expired,net_banking,new,2,0.94,5,43,44,1
TXN03721,2559,technical_error,net_banking,loyal,2,0.97,5,16,20,1
TXN03722,8115,card_expired,debit_card,regular,2,0.96,5,1,53,1
TXN03723,8997,insufficient_funds,debit_card,regular,3,0.73,6,56,48,0
TXN03724,5805,card_expired,debit_card,new,3,0.39,6,55,58,0
TXN03725,11895,network_error,credit_card,regular,2,0.44,4,23,61,1
TXN03726,2261,card_expired,debit_card,loyal,3,0.76,1,11,71,0
TXN03727,13472,card_expired,credit_card,regular,3,0.41,2,3,20,0
TXN03728,5733,bank_decline,net_banking,loyal,3,0.79,5,44,29,0
TXN03729,13237,card_expired,net_banking,loyal,1,0.5,0,27,62,0
TXN03730,9005,network_error,upi,loyal,2,0.73,6,19,52,0
TXN03731,7740,insufficient_funds,net_banking,regular,2,0.71,2,18,66,0
TXN03732,14909,bank_decline,net_banking,regular,3,0.46,1,46,23,0
TXN03733,1355,insufficient_funds,upi,loyal,3,0.52,4,30,57,1
TXN03734,11000,card_expired,debit_card,new,3,0.72,2,38,36,0
TXN03735,7109,bank_decline,credit_card,regular,2,0.32,4,39,42,0
TXN03736,1594,insufficient_funds,credit_card,new,1,0.69,0,45,16,1
TXN03737,8466,card_expired,credit_card,regular,1,0.67,1,23,55,0
TXN03738,1073,bank_decline,credit_card,new,3,0.76,0,24,28,1
TXN03739,4790,insufficient_funds,upi,regular,2,0.31,5,42,58,0
TXN03740,8580,card_expired,credit_card,regular,2,0.55,3,43,48,0
TXN03741,9725,bank_decline,upi,regular,2,0.69,4,37,48,0
TXN03742,616,bank_decline,upi,loyal,1,0.77,3,9,11,1
TXN03743,5121,technical_error,upi,regular,1,0.68,4,23,21,0
TXN03744,2346,bank_decline,debit_card,new,2,0.91,6,34,65,1
TXN03745,12640,network_error,net_banking,loyal,2,0.37,0,40,24,1
TXN03746,13835,bank_decline,net_banking,regular,3,0.5,1,4,27,1
TXN03747,13419,insufficient_funds,net_banking,loyal,2,0.82,2,30,26,1
TXN03748,12170,technical_error,debit_card,regular,1,0.43,5,24,31,1
TXN03749,1700,insufficient_funds,upi,regular,1,0.8,1,38,26,0
TXN03750,7351,insufficient_funds,upi,loyal,1,0.69,0,12,12,0
TXN03751,14964,network_error,upi,loyal,3,0.41,3,37,41,0
TXN03752,1201,network_error,upi,regular,3,0.92,0,9,31,0
TXN03753,5523,bank_decline,net_banking,new,1,0.68,4,6,15,1
TXN03754,5157,insufficient_funds,upi,loyal,3,0.55,0,13,28,0
TXN03755,11433,technical_error,net_banking,loyal,1,0.91,3,35,54,1
TXN03756,8286,insufficient_funds,upi,new,1,0.82,1,2,22,0
TXN03757,14664,insufficient_funds,credit_card,new,1,0.36,4,55,40,0
TXN03758,2866,technical_error,credit_card,loyal,3,0.74,5,5,49,0
TXN03759,5148,bank_decline,debit_card,new,1,0.86,0,44,5,0
TXN03760,1348,insufficient_funds,debit_card,regular,2,0.96,5,53,27,1
TXN03761,2683,insufficient_funds,net_banking,loyal,2,0.63,2,60,9,0
TXN03762,1593,network_error,debit_card,loyal,3,0.91,0,40,15,0
TXN03763,13195,card_expired,upi,new,2,0.85,0,8,31,0
TXN03764,13007,insufficient_funds,credit_card,new,2,0.95,2,38,48,0
TXN03765,8278,network_error,upi,loyal,2,0.82,2,4,64,1
TXN03766,12506,insufficient_funds,upi,loyal,3,0.61,1,5,49,0
TXN03767,3623,network_error,net_banking,new,1,0.75,5,33,10,1
TXN03768,14171,network_error,upi,loyal,2,0.96,0,13,49,1
TXN03769,3571,network_error,net_banking,regular,2,0.32,2,39,36,1
TXN03770,9984,card_expired,net_banking,loyal,3,0.47,5,9,32,0
TXN03771,7756,network_error,credit_card,regular,1,0.8,2,34,2,0
TXN03772,9702,card_expired,credit_card,regular,3,0.33,3,13,32,0
TXN03773,5086,insufficient_funds,credit_card,regular,2,0.9,6,32,38,0
TXN03774,11600,technical_error,debit_card,loyal,3,0.42,3,22,1,0
TXN03775,8275,insufficient_funds,debit_card,loyal,2,0.92,6,45,19,0
TXN03776,9217,bank_decline,upi,regular,2,0.98,0,14,15,0
TXN03777,7094,network_error,debit_card,regular,3,0.89,6,49,31,1
TXN03778,9090,technical_error,debit_card,loyal,3,0.63,3,57,25,1
TXN03779,4140,technical_error,credit_card,new,2,0.77,3,17,57,1
TXN03780,5298,card_expired,net_banking,regular,3,0.59,3,46,35,0
TXN03781,3982,card_expired,credit_card,new,1,0.57,0,30,43,0
TXN03782,2963,technical_error,net_banking,regular,2,0.33,2,23,66,1
TXN03783,8602,network_error,credit_card,loyal,2,0.47,0,24,57,1
TXN03784,2047,bank_decline,debit_card,loyal,2,0.91,0,27,69,1
TXN03785,1870,bank_decline,net_banking,new,1,0.9,0,6,67,0
TXN03786,6748,network_error,upi,regular,2,0.78,2,25,45,0
TXN03787,3074,card_expired,debit_card,regular,3,0.81,6,50,30,0
TXN03788,1666,bank_decline,credit_card,new,2,0.9,5,18,41,0
TXN03789,5737,technical_error,upi,loyal,2,0.84,0,1,30,0
TXN03790,14146,network_error,credit_card,loyal,2,0.74,1,10,64,1
TXN03791,3813,technical_error,net_banking,loyal,2,0.92,5,9,13,1
TXN03792,12107,card_expired,debit_card,regular,3,0.46,2,43,8,0
TXN03793,5522,card_expired,credit_card,loyal,1,0.48,6,46,11,0
TXN03794,6109,network_error,credit_card,new,1,0.58,5,51,34,0
TXN03795,12547,network_error,debit_card,regular,3,0.73,4,18,25,0
TXN03796,7963,card_expired,credit_card,new,3,0.59,6,32,43,0
TXN03797,9643,bank_decline,credit_card,regular,1,0.7,2,17,37,0
TXN03798,6543,card_expired,upi,regular,1,0.87,5,49,61,0
TXN03799,11638,bank_decline,net_banking,new,2,0.53,4,1,2,0
TXN03800,12364,network_error,net_banking,new,2,0.51,4,43,37,0
TXN03801,5425,technical_error,debit_card,new,2,0.76,6,27,28,0
TXN03802,13689,insufficient_funds,net_banking,regular,3,0.65,3,46,12,0
TXN03803,11398,network_error,credit_card,new,2,0.31,4,7,17,0
TXN03804,10406,bank_decline,upi,regular,2,0.95,5,48,31,1
TXN03805,4633,technical_error,upi,loyal,2,0.36,6,19,23,0
TXN03806,14798,insufficient_funds,upi,loyal,2,0.83,6,57,70,1
TXN03807,3694,card_expired,debit_card,loyal,3,0.85,5,23,52,0
TXN03808,9600,technical_error,credit_card,loyal,1,0.33,1,27,42,1
TXN03809,10640,card_expired,net_banking,new,1,0.53,4,9,9,0
TXN03810,14377,card_expired,credit_card,loyal,3,0.84,2,5,1,0
TXN03811,9651,network_error,credit_card,regular,1,0.35,3,17,33,1
TXN03812,10843,network_error,credit_card,loyal,3,0.46,6,37,59,1
TXN03813,5171,insufficient_funds,upi,regular,1,0.95,6,50,67,0
TXN03814,14257,bank_decline,debit_card,new,2,0.98,5,31,38,0
TXN03815,13942,card_expired,net_banking,new,1,0.62,4,57,16,0
TXN03816,5780,insufficient_funds,debit_card,regular,1,0.41,6,42,72,0
TXN03817,9221,insufficient_funds,debit_card,regular,2,0.69,4,4,53,0
TXN03818,6949,network_error,debit_card,loyal,2,0.55,5,54,27,0
TXN03819,3722,technical_error,upi,regular,1,0.58,3,49,68,1
TXN03820,1976,network_error,credit_card,new,3,0.98,3,1,3,1
TXN03821,13483,insufficient_funds,net_banking,loyal,1,0.66,4,49,54,0
TXN03822,11751,card_expired,debit_card,new,1,0.64,6,51,5,0
TXN03823,14770,technical_error,debit_card,regular,3,0.48,1,44,56,0
TXN03824,5188,technical_error,net_banking,regular,3,0.42,3,23,8,0
TXN03825,13281,bank_decline,upi,regular,2,0.52,1,28,61,0
TXN03826,11291,bank_decline,credit_card,loyal,3,0.41,0,29,35,0
TXN03827,9660,bank_decline,credit_card,new,1,0.51,6,9,20,1
TXN03828,7367,insufficient_funds,net_banking,loyal,1,0.34,1,55,50,0
TXN03829,4389,bank_decline,debit_card,regular,2,0.45,0,40,5,0
TXN03830,7760,bank_decline,credit_card,loyal,2,0.45,0,28,66,1
TXN03831,10805,insufficient_funds,upi,regular,2,0.81,2,8,17,1
TXN03832,9341,insufficient_funds,net_banking,loyal,3,0.7,0,4,46,0
TXN03833,14613,insufficient_funds,net_banking,loyal,2,0.71,1,13,18,0
TXN03834,3977,insufficient_funds,upi,new,1,0.66,2,45,52,1
TXN03835,12828,technical_error,debit_card,regular,1,0.91,6,55,29,1
TXN03836,3095,insufficient_funds,upi,loyal,1,0.37,1,52,30,0
TXN03837,13709,network_error,credit_card,loyal,3,0.7,1,42,27,1
TXN03838,14881,network_error,debit_card,loyal,2,0.31,1,13,30,0
TXN03839,3421,network_error,debit_card,loyal,2,0.55,5,50,11,1
TXN03840,10778,card_expired,credit_card,regular,2,0.45,0,38,68,0
TXN03841,10713,bank_decline,credit_card,regular,2,0.69,3,35,3,0
TXN03842,10891,card_expired,upi,regular,3,0.54,2,47,19,0
TXN03843,8219,technical_error,debit_card,regular,3,0.75,3,19,4,1
TXN03844,11886,insufficient_funds,net_banking,new,3,0.96,4,28,67,0
TXN03845,10304,insufficient_funds,upi,loyal,1,0.66,4,14,5,1
TXN03846,7684,technical_error,net_banking,loyal,3,0.65,1,44,28,1
TXN03847,6299,network_error,debit_card,new,1,0.7,2,49,54,0
TXN03848,13272,bank_decline,credit_card,loyal,3,0.79,1,22,2,0
TXN03849,7317,technical_error,net_banking,loyal,3,0.82,3,42,59,1
TXN03850,5076,card_expired,net_banking,regular,1,0.89,6,37,69,0
TXN03851,2531,technical_error,upi,loyal,3,0.36,5,1,30,0
TXN03852,3234,bank_decline,debit_card,regular,2,0.41,0,21,46,0
TXN03853,6760,insufficient_funds,net_banking,regular,1,0.69,3,15,33,0
TXN03854,9972,bank_decline,credit_card,new,3,0.68,2,51,37,0
TXN03855,7334,bank_decline,debit_card,new,2,0.34,3,14,5,0
TXN03856,12296,network_error,credit_card,loyal,1,0.8,3,14,49,1
TXN03857,3828,insufficient_funds,upi,loyal,2,0.75,3,14,24,1
TXN03858,12155,insufficient_funds,upi,loyal,2,0.48,1,39,9,0
TXN03859,6613,network_error,credit_card,loyal,1,0.32,0,20,71,1
TXN03860,6693,network_error,net_banking,new,3,0.4,2,20,58,0
TXN03861,9336,technical_error,debit_card,loyal,2,0.65,4,24,36,1
TXN03862,7257,network_error,credit_card,loyal,1,0.64,3,19,47,1
TXN03863,9362,network_error,credit_card,regular,2,0.81,6,16,35,1
TXN03864,9615,bank_decline,upi,regular,1,0.77,1,35,57,0
TXN03865,14653,network_error,upi,new,3,0.94,0,43,43,1
TXN03866,5848,network_error,debit_card,regular,3,0.84,2,48,58,1
TXN03867,9922,technical_error,debit_card,regular,2,0.47,2,23,6,0
TXN03868,6807,technical_error,upi,loyal,1,0.64,3,11,42,1
TXN03869,4127,network_error,net_banking,regular,2,0.85,5,11,34,0
TXN03870,5085,insufficient_funds,upi,regular,3,0.58,2,12,15,1
TXN03871,1873,bank_decline,net_banking,new,1,0.64,0,1,67,0
TXN03872,3633,bank_decline,upi,regular,3,0.5,3,1,39,0
TXN03873,1160,insufficient_funds,net_banking,regular,2,0.6,3,28,16,0
TXN03874,14639,network_error,net_banking,new,1,0.42,6,22,6,0
TXN03875,4095,technical_error,net_banking,loyal,2,0.97,4,51,53,1
TXN03876,11848,network_error,credit_card,new,2,0.38,4,39,29,1
TXN03877,6308,insufficient_funds,net_banking,loyal,3,0.75,0,7,29,0
TXN03878,5371,network_error,credit_card,new,3,0.53,6,31,25,0
TXN03879,389,network_error,credit_card,new,1,0.88,6,23,60,1
TXN03880,9079,network_error,upi,loyal,1,0.56,5,52,12,1
TXN03881,10154,technical_error,credit_card,new,2,0.73,5,24,5,0
TXN03882,5705,network_error,credit_card,loyal,3,0.85,1,54,53,1
TXN03883,1535,technical_error,net_banking,loyal,2,0.35,0,35,2,0
TXN03884,10199,insufficient_funds,debit_card,loyal,1,0.81,6,36,47,1
TXN03885,11701,network_error,net_banking,new,1,0.95,1,14,18,1
TXN03886,3390,bank_decline,upi,new,1,0.33,6,56,34,1
TXN03887,1054,insufficient_funds,net_banking,loyal,1,0.94,3,32,47,1
TXN03888,5914,card_expired,debit_card,loyal,2,0.47,0,25,52,1
TXN03889,11513,insufficient_funds,net_banking,loyal,1,0.79,5,15,8,0
TXN03890,9897,bank_decline,credit_card,regular,2,0.63,0,11,15,1
TXN03891,7271,network_error,credit_card,loyal,1,0.91,5,47,17,0
TXN03892,11840,insufficient_funds,debit_card,new,1,0.42,2,38,66,0
TXN03893,9715,insufficient_funds,credit_card,regular,1,0.45,6,19,44,0
TXN03894,9292,technical_error,credit_card,new,3,0.78,5,7,52,0
TXN03895,993,bank_decline,upi,new,2,0.41,0,10,7,0
TXN03896,13186,card_expired,credit_card,loyal,1,0.58,2,50,14,0
TXN03897,14781,technical_error,credit_card,regular,2,0.81,6,27,6,0
TXN03898,11692,network_error,net_banking,new,2,0.33,6,36,31,0
TXN03899,9439,bank_decline,upi,regular,3,0.9,0,53,52,1
TXN03900,11342,bank_decline,credit_card,regular,1,0.77,3,17,44,0
TXN03901,9934,technical_error,debit_card,loyal,3,0.73,6,23,6,0
TXN03902,2520,technical_error,upi,new,2,0.4,4,43,3,1
TXN03903,6083,card_expired,net_banking,regular,1,0.52,1,44,69,0
TXN03904,6855,card_expired,credit_card,loyal,2,0.43,0,26,37,0
TXN03905,8792,card_expired,credit_card,regular,2,0.76,3,57,67,0
TXN03906,434,insufficient_funds,net_banking,new,3,0.85,3,6,16,0
TXN03907,6539,insufficient_funds,net_banking,regular,1,0.82,2,39,67,1
TXN03908,13436,card_expired,net_banking,regular,3,0.33,3,24,49,0
TXN03909,8353,card_expired,upi,new,1,0.34,2,53,64,0
TXN03910,3579,network_error,debit_card,regular,1,0.49,1,22,20,1
TXN03911,12369,card_expired,credit_card,new,3,0.52,6,34,40,0
TXN03912,14594,network_error,net_banking,new,1,0.55,6,4,44,0
TXN03913,335,bank_decline,debit_card,regular,1,0.82,1,47,16,0
TXN03914,6286,card_expired,credit_card,regular,3,0.95,4,15,37,0
TXN03915,4168,insufficient_funds,debit_card,loyal,3,0.78,0,39,11,0
TXN03916,14588,technical_error,upi,regular,3,0.45,0,51,36,0
TXN03917,10696,network_error,upi,new,3,0.93,3,33,29,1
TXN03918,13313,insufficient_funds,net_banking,regular,3,0.82,1,45,39,1
TXN03919,2634,network_error,credit_card,regular,3,0.4,0,14,63,0
TXN03920,9470,technical_error,credit_card,loyal,1,0.74,0,52,50,1
TXN03921,5291,insufficient_funds,net_banking,regular,2,0.65,4,49,56,0
TXN03922,11329,bank_decline,upi,loyal,2,0.61,2,50,45,0
TXN03923,7032,insufficient_funds,upi,loyal,3,0.95,1,13,64,0
TXN03924,2642,bank_decline,upi,regular,3,0.43,5,21,26,0
TXN03925,1307,card_expired,debit_card,loyal,1,0.53,1,17,44,1
TXN03926,9277,technical_error,debit_card,loyal,2,0.41,2,29,51,1
TXN03927,6420,card_expired,credit_card,loyal,1,0.67,3,20,42,0
TXN03928,13762,technical_error,net_banking,new,3,0.75,0,41,61,1
TXN03929,1383,insufficient_funds,net_banking,loyal,2,0.71,0,24,18,1
TXN03930,1761,network_error,net_banking,regular,3,0.91,0,17,34,1
TXN03931,10613,network_error,credit_card,regular,1,0.49,2,23,19,1
TXN03932,14409,technical_error,net_banking,regular,2,0.78,2,18,27,1
TXN03933,9951,technical_error,net_banking,new,1,0.76,2,15,30,0
TXN03934,14735,bank_decline,net_banking,new,3,0.59,4,30,4,0
TXN03935,12488,network_error,debit_card,loyal,2,0.45,2,39,64,1
TXN03936,11856,technical_error,upi,loyal,3,0.58,0,47,68,1
TXN03937,1712,card_expired,net_banking,new,3,0.98,6,57,17,0
TXN03938,9582,technical_error,debit_card,regular,3,0.47,3,28,29,0
TXN03939,8245,bank_decline,credit_card,new,1,0.38,1,12,30,0
TXN03940,5467,bank_decline,credit_card,regular,1,0.5,1,44,16,0
TXN03941,12190,technical_error,debit_card,regular,3,0.62,3,31,64,1
TXN03942,7720,network_error,debit_card,regular,2,0.58,6,23,52,1
TXN03943,11213,card_expired,net_banking,loyal,1,0.41,4,55,20,1
TXN03944,3165,technical_error,debit_card,new,3,0.86,1,55,65,1
TXN03945,9001,insufficient_funds,net_banking,loyal,2,0.82,1,28,34,0
TXN03946,3730,technical_error,debit_card,new,1,0.92,5,50,47,0
TXN03947,13938,card_expired,debit_card,loyal,1,0.91,3,43,51,1
TXN03948,4675,technical_error,upi,new,1,0.42,2,42,34,1
TXN03949,5771,technical_error,upi,loyal,3,0.36,4,43,40,0
TXN03950,13279,card_expired,upi,new,1,0.96,1,8,4,0
TXN03951,12477,insufficient_funds,net_banking,loyal,3,0.36,6,46,3,0
TXN03952,11837,insufficient_funds,net_banking,regular,3,0.95,0,6,53,0
TXN03953,9692,bank_decline,upi,loyal,3,0.85,5,24,34,1
TXN03954,10401,insufficient_funds,net_banking,loyal,1,0.93,1,49,53,1
TXN03955,11494,card_expired,upi,loyal,2,0.42,3,30,55,0
TXN03956,8002,card_expired,upi,loyal,1,0.55,4,28,10,1
TXN03957,12906,bank_decline,credit_card,regular,2,0.98,0,38,45,1
TXN03958,13536,technical_error,credit_card,loyal,3,0.67,2,12,56,0
TXN03959,14207,insufficient_funds,debit_card,new,3,0.71,5,52,63,0
TXN03960,2083,bank_decline,credit_card,new,1,0.35,1,40,14,0
TXN03961,8812,network_error,upi,regular,1,0.81,3,17,64,1
TXN03962,12621,network_error,upi,loyal,3,0.31,0,56,68,0
TXN03963,1793,card_expired,upi,regular,3,0.71,2,54,12,0
TXN03964,8084,insufficient_funds,credit_card,regular,2,0.72,4,25,60,0
TXN03965,6542,card_expired,debit_card,new,3,0.76,0,3,24,0
TXN03966,7705,insufficient_funds,net_banking,regular,1,0.76,0,24,66,0
TXN03967,9499,technical_error,net_banking,new,2,0.92,4,31,14,0
TXN03968,12535,bank_decline,upi,loyal,2,0.72,1,50,63,0
TXN03969,2142,network_error,upi,regular,3,0.72,6,30,64,1
TXN03970,13444,insufficient_funds,net_banking,new,3,0.59,2,27,66,0
TXN03971,8982,technical_error,net_banking,new,1,0.93,4,22,61,1
TXN03972,5881,technical_error,net_banking,regular,3,0.5,1,45,25,0
TXN03973,6929,bank_decline,upi,regular,1,0.41,1,10,63,0
TXN03974,8273,card_expired,upi,loyal,2,0.85,6,17,43,0
TXN03975,10944,card_expired,net_banking,loyal,2,0.86,5,17,57,0
TXN03976,5915,bank_decline,debit_card,regular,2,0.92,6,21,5,0
TXN03977,2325,bank_decline,credit_card,regular,1,0.6,1,39,1,0
TXN03978,4671,technical_error,net_banking,regular,1,0.74,2,22,4,1
TXN03979,13384,bank_decline,upi,loyal,1,0.83,3,34,1,1
TXN03980,8917,insufficient_funds,debit_card,loyal,3,0.55,3,38,25,1
TXN03981,10147,network_error,debit_card,regular,3,0.56,5,34,6,0
TXN03982,4733,network_error,net_banking,new,2,0.44,6,57,36,1
TXN03983,221,card_expired,debit_card,new,3,0.48,0,21,14,1
TXN03984,12292,insufficient_funds,net_banking,regular,3,0.46,4,29,56,0
TXN03985,14795,bank_decline,net_banking,regular,2,0.74,2,45,51,0
TXN03986,12415,network_error,debit_card,new,1,0.91,1,53,61,1
TXN03987,5699,technical_error,debit_card,new,3,0.95,4,19,9,1
TXN03988,1654,network_error,debit_card,loyal,2,0.6,3,52,69,1
TXN03989,14517,technical_error,upi,new,2,0.5,4,17,60,0
TXN03990,10584,card_expired,debit_card,loyal,1,0.98,6,54,3,0
TXN03991,4518,bank_decline,debit_card,regular,2,0.89,2,18,61,0
TXN03992,3646,bank_decline,credit_card,regular,3,0.82,5,44,24,0
TXN03993,3242,card_expired,credit_card,loyal,2,0.89,3,22,56,0
TXN03994,1190,card_expired,credit_card,loyal,3,0.67,0,11,24,1
TXN03995,11976,card_expired,credit_card,new,3,0.37,1,32,60,0
TXN03996,10001,technical_error,upi,loyal,1,0.78,1,59,32,1
TXN03997,8400,card_expired,credit_card,regular,3,0.64,0,32,9,0
TXN03998,10488,card_expired,upi,new,1,0.86,2,3,64,1
TXN03999,7655,technical_error,debit_card,loyal,3,0.74,3,34,35,1
TXN04000,3415,network_error,debit_card,regular,3,0.87,2,30,28,1
TXN04001,14389,bank_decline,upi,loyal,3,0.3,2,57,34,0
TXN04002,8051,insufficient_funds,credit_card,loyal,1,0.43,6,29,71,0
TXN04003,8491,insufficient_funds,net_banking,regular,1,0.8,0,28,64,0
TXN04004,5534,technical_error,upi,regular,2,0.9,4,36,41,0
TXN04005,9827,insufficient_funds,credit_card,new,1,0.96,0,30,48,1
TXN04006,14040,bank_decline,debit_card,regular,3,0.72,0,8,47,1
TXN04007,13854,network_error,debit_card,loyal,3,0.75,3,25,26,1
TXN04008,10036,insufficient_funds,debit_card,regular,2,0.54,0,16,4,0
TXN04009,10729,technical_error,credit_card,regular,2,0.85,6,4,24,0
TXN04010,3615,insufficient_funds,credit_card,new,1,0.89,5,39,46,1
TXN04011,9349,bank_decline,credit_card,new,2,0.39,0,43,69,1
TXN04012,838,card_expired,debit_card,new,2,0.66,0,51,5,0
TXN04013,1116,bank_decline,upi,loyal,2,0.78,1,59,67,1
TXN04014,12594,card_expired,net_banking,new,3,0.85,5,10,35,0
TXN04015,5598,bank_decline,debit_card,loyal,1,0.55,0,35,21,0
TXN04016,14283,insufficient_funds,debit_card,regular,2,0.88,4,23,13,0
TXN04017,3225,bank_decline,upi,loyal,2,0.77,6,34,68,0
TXN04018,1498,bank_decline,upi,loyal,1,0.47,4,8,55,0
TXN04019,14165,technical_error,upi,regular,2,0.8,3,25,14,0
TXN04020,5747,network_error,upi,loyal,3,0.49,5,8,42,0
TXN04021,8562,technical_error,debit_card,loyal,2,0.5,5,19,6,1
TXN04022,5646,network_error,net_banking,regular,3,0.93,2,51,46,1
TXN04023,13305,insufficient_funds,upi,regular,3,0.65,6,4,65,0
TXN04024,2397,insufficient_funds,net_banking,regular,2,0.5,6,54,58,0
TXN04025,8279,bank_decline,upi,loyal,1,0.55,5,8,17,1
TXN04026,7529,insufficient_funds,upi,loyal,3,0.85,1,31,61,0
TXN04027,478,card_expired,credit_card,loyal,2,0.89,2,39,37,0
TXN04028,5287,technical_error,net_banking,regular,2,0.93,6,58,14,1
TXN04029,2372,insufficient_funds,upi,regular,3,0.87,0,10,43,1
TXN04030,3820,bank_decline,credit_card,new,2,0.59,2,40,3,0
TXN04031,2230,insufficient_funds,debit_card,regular,1,0.76,3,24,26,0
TXN04032,4837,bank_decline,credit_card,loyal,3,0.44,0,32,7,1
TXN04033,4835,bank_decline,upi,loyal,1,0.84,2,23,44,0
TXN04034,6156,card_expired,debit_card,new,2,0.97,5,14,27,0
TXN04035,10981,card_expired,net_banking,regular,3,0.34,6,51,46,0
TXN04036,5140,technical_error,credit_card,new,3,0.58,5,4,38,1
TXN04037,7960,network_error,upi,regular,3,0.62,2,50,21,1
TXN04038,11966,technical_error,net_banking,loyal,1,0.45,4,25,6,0
TXN04039,10293,insufficient_funds,credit_card,loyal,3,0.59,4,37,67,0
TXN04040,9150,bank_decline,credit_card,new,1,0.55,6,49,71,0
TXN04041,1482,network_error,credit_card,regular,1,0.42,1,26,37,1
TXN04042,10212,insufficient_funds,debit_card,loyal,1,0.94,3,16,64,1
TXN04043,3230,network_error,debit_card,loyal,3,0.73,4,11,9,1
TXN04044,10275,insufficient_funds,upi,regular,2,0.65,6,49,53,0
TXN04045,7282,card_expired,debit_card,loyal,2,0.9,6,9,2,0
TXN04046,5098,technical_error,credit_card,new,2,0.43,6,26,56,0
TXN04047,4756,insufficient_funds,net_banking,regular,2,0.88,2,30,72,1
TXN04048,11410,insufficient_funds,net_banking,loyal,2,0.58,3,39,42,0
TXN04049,11391,technical_error,net_banking,regular,2,0.49,4,11,40,1
TXN04050,7505,network_error,upi,regular,2,0.85,1,51,43,1
TXN04051,13477,bank_decline,upi,regular,2,0.51,1,13,36,1
TXN04052,2700,card_expired,credit_card,loyal,3,0.85,2,50,50,0
TXN04053,11139,technical_error,credit_card,new,3,0.97,1,54,18,1
TXN04054,13154,insufficient_funds,debit_card,loyal,3,0.73,5,9,35,0
TXN04055,8238,insufficient_funds,debit_card,new,1,0.62,1,32,72,0
TXN04056,1072,card_expired,credit_card,new,3,0.58,2,46,67,0
TXN04057,8322,technical_error,debit_card,new,2,0.84,2,38,50,0
TXN04058,14773,bank_decline,net_banking,loyal,2,0.74,5,59,48,0
TXN04059,7742,technical_error,net_banking,loyal,3,0.3,2,22,9,0
TXN04060,2358,card_expired,net_banking,loyal,2,0.48,2,39,34,1
TXN04061,6986,insufficient_funds,debit_card,regular,1,0.55,0,17,56,1
TXN04062,14663,bank_decline,upi,new,1,0.34,1,6,66,0
TXN04063,4296,card_expired,credit_card,regular,1,0.33,2,6,12,0
TXN04064,8845,bank_decline,credit_card,regular,2,0.55,0,16,29,0
TXN04065,14162,technical_error,upi,new,3,0.36,2,13,24,0
TXN04066,11825,technical_error,net_banking,regular,2,0.78,1,12,63,0
TXN04067,11535,network_error,upi,new,1,0.44,0,1,52,1
TXN04068,12389,technical_error,credit_card,loyal,2,0.33,2,10,17,0
TXN04069,8862,bank_decline,upi,regular,3,0.83,2,38,53,0
TXN04070,10007,network_error,upi,new,2,0.31,1,23,55,1
TXN04071,2052,bank_decline,debit_card,regular,3,0.86,0,20,1,0
TXN04072,8050,bank_decline,credit_card,new,1,0.59,0,39,20,0
TXN04073,2492,network_error,net_banking,loyal,3,0.61,2,52,26,0
TXN04074,2006,bank_decline,net_banking,new,1,0.33,1,6,17,0
TXN04075,4278,network_error,debit_card,regular,2,0.58,3,55,6,1
TXN04076,3497,card_expired,credit_card,regular,2,0.53,0,27,19,0
TXN04077,5538,bank_decline,upi,new,2,0.61,1,58,7,0
TXN04078,6838,card_expired,credit_card,new,2,0.79,0,1,1,0
TXN04079,6036,card_expired,net_banking,new,2,0.69,2,30,10,0
TXN04080,3113,network_error,credit_card,regular,2,0.89,4,13,24,0
TXN04081,6179,insufficient_funds,debit_card,loyal,1,0.31,6,24,35,0
TXN04082,12227,technical_error,upi,new,2,0.52,6,4,57,0
TXN04083,3285,insufficient_funds,credit_card,loyal,3,0.45,1,18,23,0
TXN04084,4542,card_expired,upi,loyal,3,0.53,0,37,4,1
TXN04085,765,bank_decline,credit_card,loyal,1,0.52,2,35,65,1
TXN04086,5378,network_error,credit_card,loyal,1,0.43,3,50,47,0
TXN04087,3874,card_expired,debit_card,new,1,0.51,5,50,48,0
TXN04088,3370,card_expired,credit_card,new,3,0.86,2,8,52,0
TXN04089,4517,insufficient_funds,net_banking,regular,1,0.74,1,7,60,1
TXN04090,12433,bank_decline,net_banking,new,1,0.86,2,46,22,0
TXN04091,11340,insufficient_funds,debit_card,loyal,3,0.81,0,29,70,1
TXN04092,8870,network_error,net_banking,regular,3,0.6,0,23,13,1
TXN04093,12315,insufficient_funds,debit_card,new,3,0.35,0,44,45,0
TXN04094,14822,technical_error,credit_card,regular,3,0.82,1,16,10,1
TXN04095,3671,card_expired,upi,loyal,2,0.32,4,46,33,0
TXN04096,907,card_expired,upi,loyal,3,0.84,2,60,46,0
TXN04097,12324,bank_decline,debit_card,regular,2,0.31,3,55,49,0
TXN04098,309,technical_error,upi,regular,1,0.89,3,35,42,1
TXN04099,10891,insufficient_funds,net_banking,new,3,0.75,1,27,4,0
TXN04100,13801,card_expired,credit_card,new,3,0.6,6,56,3,0
TXN04101,632,technical_error,debit_card,regular,1,0.7,0,38,36,0
TXN04102,257,technical_error,credit_card,loyal,2,0.33,6,13,18,0
TXN04103,6855,insufficient_funds,credit_card,regular,3,0.75,4,30,60,0
TXN04104,14145,card_expired,credit_card,new,2,0.76,3,9,50,0
TXN04105,14633,network_error,credit_card,loyal,2,0.59,5,50,52,1
TXN04106,661,card_expired,net_banking,new,3,0.52,4,24,50,0
TXN04107,9423,network_error,debit_card,new,1,0.54,6,58,16,0
TXN04108,6235,card_expired,debit_card,loyal,3,0.93,5,30,37,0
TXN04109,13019,technical_error,debit_card,regular,1,0.33,2,7,55,1
TXN04110,4552,technical_error,net_banking,loyal,2,0.43,4,8,71,1
TXN04111,2051,card_expired,net_banking,regular,3,0.61,2,32,58,0
TXN04112,6324,technical_error,upi,loyal,3,0.51,4,16,48,1
TXN04113,9681,technical_error,net_banking,new,1,0.54,6,3,11,0
TXN04114,1208,card_expired,upi,regular,3,0.69,1,25,63,1
TXN04115,1658,technical_error,net_banking,loyal,3,0.43,2,16,5,1
TXN04116,1450,insufficient_funds,net_banking,loyal,1,0.33,5,26,68,1
TXN04117,13271,card_expired,upi,new,1,0.52,2,12,55,0
TXN04118,1072,insufficient_funds,upi,loyal,2,0.47,4,8,15,1
TXN04119,2782,card_expired,debit_card,regular,3,0.55,3,15,22,0
TXN04120,2451,technical_error,debit_card,new,2,0.74,4,28,43,0
TXN04121,332,insufficient_funds,upi,loyal,3,0.85,3,24,8,1
TXN04122,8102,card_expired,net_banking,loyal,1,0.61,1,5,17,0
TXN04123,3668,bank_decline,upi,new,2,0.47,5,5,9,0
TXN04124,8309,bank_decline,credit_card,loyal,1,0.91,3,11,7,0
TXN04125,8647,network_error,debit_card,regular,3,0.78,2,29,46,0
TXN04126,3254,technical_error,upi,new,1,0.69,3,35,49,0
TXN04127,13159,card_expired,credit_card,loyal,3,0.51,0,26,35,1
TXN04128,9689,bank_decline,upi,new,1,0.83,0,2,39,1
TXN04129,8175,technical_error,net_banking,regular,3,0.43,2,54,20,1
TXN04130,222,network_error,credit_card,loyal,3,0.9,4,27,15,1
TXN04131,2749,technical_error,debit_card,regular,2,0.96,2,14,68,1
TXN04132,8437,network_error,credit_card,new,2,0.79,0,55,25,1
TXN04133,6252,card_expired,credit_card,loyal,1,0.89,6,27,37,0
TXN04134,14598,insufficient_funds,net_banking,new,2,0.87,2,59,42,1
TXN04135,2865,network_error,debit_card,new,1,0.53,2,51,50,0
TXN04136,11599,insufficient_funds,debit_card,loyal,1,0.69,0,32,11,0
TXN04137,4232,bank_decline,debit_card,regular,2,0.56,0,59,44,0
TXN04138,4446,card_expired,credit_card,loyal,3,0.33,0,51,32,0
TXN04139,8809,network_error,credit_card,regular,3,0.98,2,7,51,1
TXN04140,2386,network_error,upi,loyal,3,0.36,1,1,22,1
TXN04141,10572,network_error,net_banking,regular,2,0.35,4,3,44,0
TXN04142,11086,network_error,upi,regular,1,0.43,5,13,56,1
TXN04143,12173,network_error,debit_card,loyal,2,0.97,4,52,9,1
TXN04144,7263,bank_decline,credit_card,regular,3,0.72,5,24,61,0
TXN04145,9470,network_error,upi,new,3,0.85,4,12,22,1
TXN04146,9782,network_error,credit_card,loyal,2,0.41,4,59,35,1
TXN04147,4954,network_error,upi,new,1,0.45,4,24,51,0
TXN04148,9720,insufficient_funds,credit_card,regular,1,0.58,1,1,16,0
TXN04149,13647,network_error,credit_card,regular,2,0.91,1,4,65,1
TXN04150,11698,bank_decline,net_banking,loyal,3,0.65,4,26,52,0
TXN04151,5070,technical_error,credit_card,loyal,3,0.4,1,52,16,1
TXN04152,6517,card_expired,upi,loyal,1,0.92,2,18,16,0
TXN04153,5334,insufficient_funds,debit_card,loyal,1,0.68,0,58,13,1
TXN04154,1209,technical_error,upi,new,1,0.37,3,54,69,0
TXN04155,14736,insufficient_funds,upi,new,3,0.47,5,1,17,0
TXN04156,12103,bank_decline,net_banking,new,2,0.62,0,41,32,0
TXN04157,2790,network_error,debit_card,regular,1,0.94,6,57,33,1
TXN04158,8996,card_expired,net_banking,new,2,0.62,0,20,18,0
TXN04159,12188,insufficient_funds,net_banking,loyal,3,0.92,3,46,51,0
TXN04160,5154,network_error,net_banking,regular,1,0.35,3,42,44,1
TXN04161,4985,network_error,credit_card,new,1,0.78,6,24,10,1
TXN04162,11229,technical_error,net_banking,new,2,0.84,6,9,45,1
TXN04163,7282,bank_decline,upi,new,2,0.81,5,35,27,0
TXN04164,8152,card_expired,debit_card,loyal,3,0.52,1,15,72,0
TXN04165,13388,technical_error,debit_card,loyal,3,0.43,3,42,25,0
TXN04166,10465,insufficient_funds,net_banking,loyal,3,0.59,0,31,6,1
TXN04167,10861,insufficient_funds,upi,regular,3,0.46,4,40,48,0
TXN04168,1359,network_error,net_banking,loyal,3,0.7,5,6,25,1
TXN04169,5319,card_expired,credit_card,regular,1,0.85,6,42,1,0
TXN04170,6343,network_error,upi,loyal,2,0.75,4,40,52,1
TXN04171,5877,card_expired,net_banking,loyal,2,0.78,3,9,10,1
TXN04172,388,bank_decline,upi,new,3,0.83,2,36,36,0
TXN04173,4753,insufficient_funds,debit_card,regular,3,0.53,0,13,25,0
TXN04174,12365,bank_decline,credit_card,regular,2,0.37,3,14,46,0
TXN04175,12449,network_error,credit_card,loyal,2,0.64,2,7,30,0
TXN04176,13416,card_expired,debit_card,regular,2,0.8,0,55,43,0
TXN04177,4325,network_error,net_banking,new,2,0.9,1,10,31,1
TXN04178,7078,card_expired,net_banking,new,3,0.44,6,44,23,0
TXN04179,13725,technical_error,credit_card,new,3,0.35,0,57,68,0
TXN04180,10912,technical_error,debit_card,regular,2,0.76,5,44,41,0
TXN04181,13652,network_error,credit_card,new,2,0.81,4,28,32,0
TXN04182,8359,insufficient_funds,credit_card,new,2,0.71,1,16,14,0
TXN04183,8966,technical_error,net_banking,new,1,0.34,3,47,43,0
TXN04184,9726,bank_decline,credit_card,new,1,0.85,4,7,66,0
TXN04185,4188,card_expired,upi,loyal,2,0.79,5,3,6,1
TXN04186,8405,insufficient_funds,upi,new,3,0.47,4,6,58,1
TXN04187,8683,bank_decline,net_banking,new,2,0.73,3,35,58,0
TXN04188,10560,insufficient_funds,debit_card,new,2,0.69,4,31,2,0
TXN04189,2303,network_error,upi,new,3,0.51,3,17,28,0
TXN04190,5226,bank_decline,debit_card,new,1,0.58,0,56,6,0
TXN04191,5020,card_expired,credit_card,new,1,0.73,0,13,16,1
TXN04192,6202,bank_decline,net_banking,loyal,2,0.39,5,31,19,0
TXN04193,2295,insufficient_funds,upi,regular,3,0.62,5,6,63,0
TXN04194,12997,network_error,net_banking,loyal,3,0.92,6,30,63,1
TXN04195,12251,card_expired,upi,new,1,0.64,3,43,10,1
TXN04196,3691,technical_error,credit_card,loyal,3,0.45,3,42,21,1
TXN04197,8501,card_expired,debit_card,new,2,0.55,4,17,41,0
TXN04198,8413,card_expired,credit_card,loyal,3,0.84,6,47,29,0
TXN04199,9023,technical_error,credit_card,regular,3,0.75,6,20,6,1
TXN04200,10582,network_error,upi,regular,2,0.65,4,13,14,0
TXN04201,9036,bank_decline,debit_card,loyal,2,0.79,0,24,36,0
TXN04202,10045,insufficient_funds,debit_card,loyal,1,0.6,5,37,41,1
TXN04203,6926,insufficient_funds,upi,regular,2,0.31,0,48,60,0
TXN04204,1423,bank_decline,debit_card,regular,3,0.75,1,4,45,0
TXN04205,10831,bank_decline,upi,new,3,0.52,2,60,5,0
TXN04206,8656,technical_error,net_banking,regular,2,0.78,4,56,68,1
TXN04207,13348,technical_error,debit_card,loyal,3,0.91,1,52,14,0
TXN04208,712,network_error,net_banking,new,3,0.75,2,2,40,1
TXN04209,1314,network_error,debit_card,regular,2,0.37,3,24,63,0
TXN04210,455,bank_decline,credit_card,new,3,0.97,4,28,53,0
TXN04211,8749,card_expired,upi,regular,1,0.95,1,50,38,1
TXN04212,8352,network_error,upi,loyal,3,0.58,0,8,3,0
TXN04213,8426,card_expired,net_banking,new,1,0.46,2,30,7,0
TXN04214,11007,bank_decline,debit_card,new,2,0.47,2,54,49,0
TXN04215,12859,technical_error,net_banking,loyal,2,0.71,6,44,8,0
TXN04216,10670,network_error,upi,new,3,0.97,6,30,57,0
TXN04217,14590,technical_error,debit_card,regular,2,0.87,1,19,60,1
TXN04218,14209,technical_error,credit_card,new,3,0.43,0,33,55,0
TXN04219,4925,insufficient_funds,debit_card,new,1,0.85,2,45,49,0
TXN04220,1787,technical_error,credit_card,new,2,0.55,0,58,61,1
TXN04221,4226,bank_decline,debit_card,regular,2,0.43,6,10,46,0
TXN04222,13406,card_expired,upi,new,3,0.52,3,9,41,0
TXN04223,10839,insufficient_funds,debit_card,new,1,0.86,2,7,9,1
TXN04224,13896,network_error,debit_card,new,2,0.31,0,16,52,0
TXN04225,3540,network_error,credit_card,regular,1,0.42,5,20,34,1
TXN04226,14365,card_expired,net_banking,loyal,1,0.81,2,53,26,0
TXN04227,11173,insufficient_funds,upi,regular,1,0.38,3,7,41,0
TXN04228,10377,technical_error,upi,regular,3,0.4,6,45,11,0
TXN04229,14143,bank_decline,upi,new,2,0.82,2,35,20,0
TXN04230,2284,technical_error,upi,new,3,0.37,6,40,40,0
TXN04231,3197,insufficient_funds,debit_card,new,2,0.68,4,15,45,0
TXN04232,11564,insufficient_funds,upi,loyal,1,0.65,0,22,4,0
TXN04233,8323,bank_decline,credit_card,regular,3,0.75,0,38,58,0
TXN04234,6109,bank_decline,upi,new,2,0.42,5,45,61,0
TXN04235,8104,bank_decline,upi,regular,3,0.57,6,38,32,1
TXN04236,7198,bank_decline,credit_card,new,2,0.31,4,35,66,0
TXN04237,6592,bank_decline,net_banking,new,3,0.76,2,52,47,0
TXN04238,8340,card_expired,debit_card,loyal,2,0.91,6,19,49,1
TXN04239,1849,insufficient_funds,credit_card,new,2,0.32,1,56,47,0
TXN04240,6003,insufficient_funds,net_banking,new,1,0.81,0,37,29,1
TXN04241,10558,bank_decline,net_banking,new,2,0.68,3,9,47,0
TXN04242,14826,network_error,net_banking,regular,1,0.38,3,50,8,1
TXN04243,6290,network_error,debit_card,loyal,3,0.97,6,38,39,1
TXN04244,10597,technical_error,upi,regular,1,0.61,4,23,20,0
TXN04245,4177,card_expired,credit_card,regular,3,0.92,4,27,34,0
TXN04246,13281,bank_decline,upi,loyal,3,0.54,3,47,65,0
TXN04247,3039,card_expired,debit_card,loyal,1,0.64,6,19,19,0
TXN04248,1944,technical_error,debit_card,new,1,0.93,2,58,4,1
TXN04249,10025,insufficient_funds,net_banking,loyal,1,0.62,0,30,53,0
TXN04250,4633,network_error,upi,new,2,0.8,3,22,47,1
TXN04251,2876,technical_error,net_banking,new,3,0.35,0,2,45,1
TXN04252,2425,insufficient_funds,debit_card,new,2,0.83,2,44,44,0
TXN04253,2980,technical_error,debit_card,regular,2,0.63,6,18,24,1
TXN04254,3643,bank_decline,upi,new,1,0.86,3,13,18,0
TXN04255,8720,insufficient_funds,net_banking,loyal,3,0.43,6,23,16,1
TXN04256,2460,card_expired,credit_card,regular,2,0.81,0,17,25,0
TXN04257,10466,bank_decline,net_banking,loyal,3,0.84,6,60,44,1
TXN04258,8338,network_error,upi,regular,2,0.47,0,23,24,1
TXN04259,9502,technical_error,debit_card,new,3,0.61,0,43,47,1
TXN04260,10402,insufficient_funds,debit_card,regular,2,0.88,1,7,17,0
TXN04261,3358,bank_decline,credit_card,loyal,2,0.65,0,58,21,0
TXN04262,7636,bank_decline,credit_card,loyal,1,0.58,5,2,1,0
TXN04263,7934,insufficient_funds,debit_card,new,3,0.75,3,6,21,0
TXN04264,2186,technical_error,upi,regular,1,0.47,5,45,42,0
TXN04265,12855,network_error,debit_card,new,1,0.35,2,52,67,0
TXN04266,5947,network_error,net_banking,regular,2,0.84,0,13,22,1
TXN04267,13619,technical_error,credit_card,regular,1,0.9,2,5,60,1
TXN04268,2973,bank_decline,credit_card,new,1,0.33,4,41,70,0
TXN04269,10843,bank_decline,net_banking,regular,2,0.76,2,1,44,0
TXN04270,1788,bank_decline,upi,new,2,0.72,3,12,32,0
TXN04271,10391,bank_decline,net_banking,new,2,0.42,3,22,14,0
TXN04272,2245,bank_decline,debit_card,new,2,0.84,1,42,71,1
TXN04273,11048,bank_decline,credit_card,loyal,3,0.48,3,10,14,0
TXN04274,6525,bank_decline,debit_card,regular,3,0.89,6,37,37,1
TXN04275,13046,card_expired,net_banking,regular,1,0.6,5,36,54,0
TXN04276,12254,bank_decline,upi,regular,2,0.72,6,6,7,0
TXN04277,13488,card_expired,net_banking,loyal,1,0.97,2,6,65,1
TXN04278,4069,technical_error,net_banking,loyal,3,0.91,1,30,61,1
TXN04279,2823,bank_decline,debit_card,new,2,0.8,2,44,67,0
TXN04280,14844,bank_decline,debit_card,regular,3,0.31,3,1,38,1
TXN04281,10493,technical_error,debit_card,regular,2,0.35,4,54,58,0
TXN04282,13083,technical_error,debit_card,regular,3,0.91,1,49,7,0
TXN04283,12872,insufficient_funds,debit_card,regular,1,0.96,6,32,16,1
TXN04284,6579,card_expired,debit_card,new,1,0.88,0,2,71,0
TXN04285,7701,technical_error,upi,loyal,1,0.55,1,46,40,1
TXN04286,12907,card_expired,net_banking,new,1,0.69,6,47,1,0
TXN04287,5666,card_expired,debit_card,regular,3,0.71,5,14,4,0
TXN04288,4601,network_error,debit_card,loyal,2,0.53,1,9,66,1
TXN04289,12197,technical_error,upi,loyal,3,0.71,6,29,57,0
TXN04290,652,card_expired,credit_card,regular,1,0.32,2,25,13,0
TXN04291,13097,insufficient_funds,debit_card,regular,1,0.98,6,18,11,0
TXN04292,11021,card_expired,upi,regular,1,0.56,3,6,49,0
TXN04293,11710,card_expired,net_banking,new,1,0.92,3,46,63,0
TXN04294,13838,network_error,upi,regular,2,0.87,3,28,16,1
TXN04295,4959,technical_error,net_banking,regular,1,0.49,3,33,47,0
TXN04296,10485,network_error,upi,new,3,0.8,4,33,61,1
TXN04297,3595,bank_decline,debit_card,new,3,0.41,1,46,29,0
TXN04298,9788,technical_error,debit_card,new,2,0.68,0,1,60,0
TXN04299,2213,insufficient_funds,debit_card,loyal,3,0.3,5,18,66,0
TXN04300,12988,bank_decline,net_banking,regular,2,0.35,6,53,35,0
TXN04301,7812,card_expired,net_banking,new,2,0.51,4,38,30,0
TXN04302,14813,network_error,net_banking,loyal,3,0.51,3,42,52,1
TXN04303,13092,card_expired,net_banking,regular,2,0.79,3,26,33,0
TXN04304,6656,network_error,upi,new,1,0.64,5,60,44,0
TXN04305,2488,technical_error,net_banking,regular,2,0.9,1,5,63,1
TXN04306,4910,technical_error,net_banking,loyal,1,0.7,4,32,19,1
TXN04307,5100,bank_decline,debit_card,new,1,0.59,5,45,71,0
TXN04308,865,card_expired,debit_card,loyal,3,0.62,5,15,68,0
TXN04309,11432,bank_decline,credit_card,new,2,0.84,1,20,54,0
TXN04310,7274,insufficient_funds,credit_card,new,1,0.84,0,17,32,1
TXN04311,1657,technical_error,debit_card,loyal,1,0.46,0,58,11,1
TXN04312,2035,technical_error,upi,loyal,1,0.57,2,33,69,1
TXN04313,8769,card_expired,upi,regular,1,0.77,2,10,51,1
TXN04314,1425,bank_decline,debit_card,regular,3,0.61,2,23,59,0
TXN04315,8773,insufficient_funds,upi,new,2,0.95,4,13,65,0
TXN04316,1658,insufficient_funds,upi,regular,2,0.95,4,28,32,0
TXN04317,3531,technical_error,upi,loyal,3,0.67,5,17,9,1
TXN04318,8947,insufficient_funds,upi,loyal,2,0.91,5,8,15,0
TXN04319,12241,card_expired,debit_card,regular,2,0.94,2,41,61,0
TXN04320,2954,technical_error,debit_card,regular,3,0.94,2,9,56,1
TXN04321,6129,network_error,net_banking,loyal,2,0.43,3,37,7,1
TXN04322,14580,network_error,debit_card,loyal,2,0.85,4,49,8,1
TXN04323,10360,bank_decline,debit_card,new,1,0.67,5,30,21,1
TXN04324,2307,network_error,upi,loyal,1,0.69,5,18,46,0
TXN04325,6470,insufficient_funds,upi,loyal,2,0.58,1,10,5,1
TXN04326,5714,card_expired,net_banking,new,3,0.84,4,14,46,1
TXN04327,2750,bank_decline,debit_card,loyal,1,0.56,2,16,69,1
TXN04328,4730,network_error,debit_card,new,3,0.64,2,55,68,0
TXN04329,1273,bank_decline,debit_card,new,1,0.9,4,20,25,0
TXN04330,5877,network_error,net_banking,regular,2,0.31,5,39,28,0
TXN04331,4242,insufficient_funds,credit_card,loyal,3,0.94,4,39,60,1
TXN04332,4541,bank_decline,credit_card,regular,1,0.36,4,1,60,0
TXN04333,11165,technical_error,debit_card,new,3,0.52,5,16,17,0
TXN04334,8211,card_expired,debit_card,regular,2,0.54,2,29,51,1
TXN04335,2285,card_expired,upi,regular,1,0.53,2,36,14,0
TXN04336,1794,insufficient_funds,net_banking,regular,2,0.37,5,16,28,0
TXN04337,9655,insufficient_funds,upi,new,2,0.78,6,9,9,0
TXN04338,10713,network_error,debit_card,regular,1,0.73,4,4,56,1
TXN04339,10337,technical_error,upi,loyal,1,0.91,6,29,61,1
TXN04340,11748,technical_error,credit_card,new,3,0.89,6,3,29,0
TXN04341,2033,technical_error,credit_card,new,2,0.54,1,37,47,1
TXN04342,11143,network_error,upi,new,1,0.84,0,27,24,0
TXN04343,750,card_expired,upi,loyal,1,0.33,5,18,33,0
TXN04344,4315,insufficient_funds,net_banking,regular,2,0.47,6,11,54,0
TXN04345,4343,insufficient_funds,debit_card,loyal,3,0.31,0,30,20,1
TXN04346,14768,card_expired,net_banking,loyal,3,0.46,1,30,66,1
TXN04347,10476,technical_error,net_banking,loyal,2,0.75,0,4,28,1
TXN04348,12497,bank_decline,debit_card,new,1,0.33,0,58,8,0
TXN04349,3668,insufficient_funds,upi,loyal,3,0.89,5,31,58,0
TXN04350,4847,card_expired,upi,loyal,2,0.38,1,36,40,0
TXN04351,10918,network_error,debit_card,regular,2,0.85,5,14,29,1
TXN04352,4902,card_expired,upi,loyal,3,0.58,6,34,37,0
TXN04353,12835,network_error,upi,regular,3,0.58,1,22,16,1
TXN04354,8311,insufficient_funds,upi,new,3,0.55,6,47,64,0
TXN04355,11252,card_expired,upi,loyal,3,0.55,4,27,42,0
TXN04356,406,network_error,debit_card,loyal,1,0.6,2,10,24,1
TXN04357,6674,bank_decline,upi,loyal,1,0.36,4,11,24,0
TXN04358,2295,bank_decline,credit_card,loyal,2,0.53,3,59,48,0
TXN04359,3443,card_expired,debit_card,new,2,0.57,0,18,9,0
TXN04360,7239,bank_decline,debit_card,new,1,0.72,3,3,70,1
TXN04361,13144,card_expired,debit_card,new,3,0.68,0,2,26,0
TXN04362,12606,insufficient_funds,upi,loyal,1,0.71,1,39,48,1
TXN04363,11935,bank_decline,net_banking,new,3,0.48,3,52,56,0
TXN04364,11138,technical_error,upi,new,3,0.34,4,30,69,0
TXN04365,11000,bank_decline,net_banking,regular,2,0.77,0,4,57,0
TXN04366,5290,bank_decline,net_banking,regular,2,0.56,2,45,72,0
TXN04367,11411,network_error,upi,new,3,0.58,1,57,46,0
TXN04368,468,technical_error,upi,regular,3,0.42,6,41,55,1
TXN04369,8010,insufficient_funds,net_banking,regular,3,0.81,1,14,19,1
TXN04370,12232,insufficient_funds,net_banking,new,3,0.94,5,53,53,0
TXN04371,13635,technical_error,debit_card,regular,1,0.79,2,30,23,1
TXN04372,11209,insufficient_funds,upi,loyal,2,0.9,3,27,51,1
TXN04373,5990,network_error,upi,loyal,3,0.81,0,35,7,0
TXN04374,14455,technical_error,net_banking,new,3,0.85,3,49,67,0
TXN04375,7914,technical_error,debit_card,regular,2,0.71,2,57,3,0
TXN04376,11344,technical_error,upi,new,3,0.95,4,46,42,1
TXN04377,1620,insufficient_funds,upi,regular,1,0.88,4,15,31,0
TXN04378,9120,insufficient_funds,credit_card,new,2,0.69,1,18,61,0
TXN04379,1316,insufficient_funds,debit_card,regular,2,0.71,6,16,71,0
TXN04380,1691,insufficient_funds,debit_card,new,1,0.56,0,33,47,1
TXN04381,296,insufficient_funds,debit_card,loyal,1,0.55,1,5,25,1
TXN04382,13732,card_expired,debit_card,loyal,1,0.5,0,38,71,1
TXN04383,2951,card_expired,credit_card,new,1,0.38,4,59,55,0
TXN04384,772,network_error,debit_card,loyal,2,0.71,6,16,13,0
TXN04385,7679,card_expired,upi,regular,3,0.77,0,1,1,0
TXN04386,10950,technical_error,credit_card,regular,2,0.89,6,57,28,0
TXN04387,3053,bank_decline,upi,loyal,1,0.47,1,51,66,0
TXN04388,8080,network_error,upi,new,2,0.49,3,20,56,0
TXN04389,2060,card_expired,credit_card,loyal,3,0.68,0,9,62,1
TXN04390,3253,network_error,upi,new,1,0.72,5,47,67,1
TXN04391,14447,technical_error,debit_card,regular,3,0.79,5,8,23,0
TXN04392,2948,network_error,net_banking,loyal,3,0.31,2,56,28,1
TXN04393,11634,network_error,debit_card,new,3,0.8,2,12,58,1
TXN04394,6113,insufficient_funds,credit_card,new,1,0.45,0,28,60,0
TXN04395,12087,bank_decline,debit_card,loyal,3,0.45,3,32,4,1
TXN04396,12610,network_error,net_banking,regular,3,0.38,6,28,60,0
TXN04397,12356,technical_error,net_banking,loyal,1,0.95,0,12,41,1
TXN04398,3293,technical_error,net_banking,regular,1,0.59,1,50,3,1
TXN04399,868,technical_error,upi,new,2,0.77,2,14,3,1
TXN04400,11238,network_error,upi,new,1,0.71,2,50,10,1
TXN04401,5815,network_error,net_banking,regular,2,0.3,2,33,41,1
TXN04402,4971,card_expired,net_banking,regular,1,0.46,3,33,33,0
TXN04403,10193,card_expired,credit_card,loyal,1,0.68,5,15,4,0
TXN04404,6634,bank_decline,upi,new,2,0.93,1,21,42,0
TXN04405,327,network_error,net_banking,new,2,0.41,5,39,57,1
TXN04406,12079,insufficient_funds,debit_card,loyal,1,0.38,5,36,31,1
TXN04407,6114,network_error,credit_card,new,1,0.86,2,2,55,0
TXN04408,14123,card_expired,credit_card,new,3,0.71,2,2,23,0
TXN04409,6773,bank_decline,credit_card,new,3,0.62,5,54,35,0
TXN04410,7976,network_error,credit_card,regular,1,0.75,2,35,46,0
TXN04411,14254,card_expired,net_banking,loyal,3,0.58,1,41,12,1
TXN04412,13068,bank_decline,credit_card,regular,3,0.75,0,20,39,0
TXN04413,1514,insufficient_funds,credit_card,loyal,1,0.92,0,49,36,0
TXN04414,5693,card_expired,net_banking,loyal,2,0.62,3,58,10,0
TXN04415,5743,insufficient_funds,upi,loyal,2,0.8,0,31,5,1
TXN04416,13145,network_error,net_banking,regular,2,0.53,3,56,60,0
TXN04417,857,insufficient_funds,debit_card,loyal,1,0.68,2,46,45,0
TXN04418,5202,card_expired,debit_card,regular,2,0.75,2,56,25,0
TXN04419,1171,technical_error,upi,loyal,3,0.74,1,35,35,1
TXN04420,9303,card_expired,debit_card,regular,3,0.64,1,30,22,0
TXN04421,14559,insufficient_funds,debit_card,loyal,3,0.53,3,58,3,1
TXN04422,14964,bank_decline,credit_card,loyal,1,0.69,3,43,55,1
TXN04423,10135,technical_error,upi,regular,2,0.66,2,9,59,1
TXN04424,9329,insufficient_funds,upi,loyal,2,0.84,2,9,31,0
TXN04425,9261,technical_error,net_banking,loyal,2,0.58,6,10,61,1
TXN04426,14397,insufficient_funds,debit_card,regular,1,0.94,5,11,8,0
TXN04427,6934,card_expired,debit_card,new,2,0.83,0,17,18,1
TXN04428,6726,insufficient_funds,upi,loyal,2,0.42,6,27,28,0
TXN04429,13302,technical_error,net_banking,new,1,0.43,3,3,37,1
TXN04430,6160,bank_decline,credit_card,loyal,3,0.94,1,18,38,0
TXN04431,1577,network_error,credit_card,regular,2,0.48,4,17,38,0
TXN04432,5646,card_expired,upi,new,1,0.73,4,46,39,1
TXN04433,10447,bank_decline,net_banking,new,3,0.37,2,5,21,0
TXN04434,2215,card_expired,upi,regular,3,0.72,2,43,50,0
TXN04435,9811,technical_error,net_banking,new,2,0.6,1,21,28,0
TXN04436,10387,technical_error,net_banking,regular,3,0.69,0,24,31,0
TXN04437,1201,card_expired,upi,new,2,0.55,5,5,68,0
TXN04438,4754,card_expired,debit_card,loyal,1,0.33,3,53,72,1
TXN04439,5513,insufficient_funds,credit_card,new,3,0.64,1,17,52,0
TXN04440,4109,card_expired,net_banking,new,2,0.44,0,53,10,0
TXN04441,10553,card_expired,credit_card,regular,2,0.8,4,25,15,0
TXN04442,6386,technical_error,net_banking,new,3,0.6,2,39,14,0
TXN04443,2609,network_error,net_banking,loyal,3,0.73,3,22,2,1
TXN04444,14118,bank_decline,net_banking,new,2,0.7,0,7,22,1
TXN04445,2473,insufficient_funds,credit_card,regular,1,0.3,2,49,7,1
TXN04446,8074,insufficient_funds,net_banking,loyal,1,0.73,0,60,23,1
TXN04447,6607,network_error,upi,loyal,3,0.72,2,10,48,1
TXN04448,7770,technical_error,net_banking,regular,3,0.71,5,49,58,0
TXN04449,4480,insufficient_funds,credit_card,new,3,0.35,0,18,35,0
TXN04450,6626,network_error,net_banking,new,2,0.42,5,55,69,0
TXN04451,1309,bank_decline,upi,new,3,0.78,6,21,35,0
TXN04452,5502,card_expired,net_banking,new,2,0.78,4,33,22,0
TXN04453,670,bank_decline,upi,regular,2,0.69,5,53,69,0
TXN04454,3623,card_expired,net_banking,regular,1,0.62,5,41,13,1
TXN04455,9811,insufficient_funds,upi,loyal,3,0.66,2,1,36,0
TXN04456,3966,technical_error,credit_card,new,2,0.96,3,48,4,0
TXN04457,8895,bank_decline,net_banking,loyal,3,0.96,3,46,2,0
TXN04458,7067,insufficient_funds,upi,regular,3,0.62,3,2,63,0
TXN04459,1541,insufficient_funds,credit_card,new,1,0.64,1,25,22,0
TXN04460,6420,bank_decline,upi,new,3,0.32,6,9,36,0
TXN04461,5006,network_error,upi,loyal,3,0.46,3,24,31,1
TXN04462,13325,bank_decline,debit_card,regular,2,0.82,4,22,5,0
TXN04463,12041,card_expired,upi,regular,2,0.91,3,57,33,0
TXN04464,12479,bank_decline,debit_card,regular,1,0.42,2,53,71,0
TXN04465,7069,card_expired,credit_card,new,3,0.63,2,50,22,0
TXN04466,14157,card_expired,debit_card,loyal,2,0.68,6,55,55,0
TXN04467,2855,insufficient_funds,net_banking,regular,2,0.76,4,60,7,1
TXN04468,13633,insufficient_funds,upi,regular,1,0.6,0,36,34,0
TXN04469,5811,technical_error,credit_card,new,2,0.4,4,48,41,0
TXN04470,5445,insufficient_funds,upi,new,3,0.98,5,39,62,0
TXN04471,4257,bank_decline,debit_card,loyal,2,0.58,2,9,56,0
TXN04472,556,bank_decline,credit_card,loyal,2,0.4,3,51,32,0
TXN04473,14702,card_expired,credit_card,new,3,0.71,4,32,25,0
TXN04474,8740,insufficient_funds,net_banking,regular,3,0.91,1,43,28,0
TXN04475,872,bank_decline,credit_card,loyal,3,0.34,0,52,50,1
TXN04476,4217,insufficient_funds,debit_card,new,3,0.85,2,19,12,0
TXN04477,5137,insufficient_funds,net_banking,loyal,2,0.34,1,44,3,0
TXN04478,3463,network_error,debit_card,regular,3,0.67,5,11,9,1
TXN04479,4136,card_expired,net_banking,loyal,3,0.93,3,30,60,0
TXN04480,14180,card_expired,upi,regular,2,0.51,2,20,43,0
TXN04481,1153,insufficient_funds,upi,loyal,1,0.72,6,56,33,1
TXN04482,12840,network_error,credit_card,new,1,0.56,1,37,41,1
TXN04483,4050,network_error,debit_card,new,3,0.47,5,57,11,1
TXN04484,11320,network_error,upi,loyal,3,0.51,5,51,4,0
TXN04485,2547,card_expired,upi,new,2,0.39,6,28,2,0
TXN04486,4811,network_error,upi,loyal,1,0.81,2,20,65,1
TXN04487,2775,network_error,net_banking,regular,3,0.97,5,17,18,1
TXN04488,14597,technical_error,net_banking,new,1,0.42,2,4,56,0
TXN04489,13717,card_expired,debit_card,regular,1,0.75,1,15,47,0
TXN04490,3579,card_expired,net_banking,new,1,0.55,1,35,34,0
TXN04491,12758,technical_error,credit_card,loyal,3,0.91,5,38,39,0
TXN04492,6069,network_error,net_banking,loyal,3,0.53,4,5,36,1
TXN04493,13577,card_expired,upi,regular,2,0.47,2,10,31,0
TXN04494,296,network_error,upi,new,2,0.42,6,10,68,0
TXN04495,9020,bank_decline,upi,regular,2,0.91,6,5,65,0
TXN04496,12686,card_expired,upi,new,1,0.91,2,25,58,0
TXN04497,12465,technical_error,debit_card,regular,2,0.4,5,22,6,0
TXN04498,8449,network_error,credit_card,loyal,2,0.75,3,31,5,0
TXN04499,8314,insufficient_funds,upi,loyal,2,0.33,1,7,53,1
TXN04500,11072,bank_decline,credit_card,loyal,2,0.7,1,52,12,1
TXN04501,4594,bank_decline,net_banking,regular,1,0.63,2,42,23,0
TXN04502,11859,insufficient_funds,debit_card,loyal,2,0.63,4,22,12,0
TXN04503,11342,network_error,net_banking,regular,3,0.94,0,23,46,1
TXN04504,1999,bank_decline,upi,regular,3,0.58,6,27,54,0
TXN04505,9739,bank_decline,credit_card,loyal,1,0.59,5,16,50,1
TXN04506,10673,network_error,upi,loyal,2,0.51,5,27,15,0
TXN04507,1375,insufficient_funds,debit_card,loyal,2,0.58,1,12,17,1
TXN04508,6285,network_error,debit_card,regular,2,0.71,0,38,17,1
TXN04509,2580,card_expired,net_banking,loyal,2,0.68,6,45,50,0
TXN04510,9267,bank_decline,net_banking,loyal,3,0.73,3,48,26,1
TXN04511,7160,insufficient_funds,credit_card,regular,1,0.64,0,17,27,1
TXN04512,14536,insufficient_funds,debit_card,regular,3,0.8,3,17,18,1
TXN04513,2174,insufficient_funds,net_banking,regular,2,0.7,5,50,2,1
TXN04514,6597,insufficient_funds,credit_card,loyal,1,0.69,4,56,55,1
TXN04515,11376,network_error,upi,loyal,2,0.45,3,1,54,0
TXN04516,3047,insufficient_funds,credit_card,regular,1,0.54,3,14,46,0
TXN04517,6322,card_expired,upi,new,3,0.65,6,5,1,0
TXN04518,14615,network_error,credit_card,new,3,0.41,1,2,28,0
TXN04519,5255,technical_error,debit_card,loyal,2,0.51,5,25,27,0
TXN04520,5522,insufficient_funds,debit_card,regular,2,0.35,4,33,20,1
TXN04521,4178,technical_error,credit_card,loyal,2,0.88,5,46,43,1
TXN04522,6967,insufficient_funds,credit_card,loyal,2,0.44,5,43,9,0
TXN04523,1738,insufficient_funds,credit_card,regular,2,0.84,0,52,27,0
TXN04524,7145,card_expired,net_banking,new,2,0.74,4,20,62,0
TXN04525,1406,insufficient_funds,debit_card,regular,2,0.7,2,22,2,1
TXN04526,11404,card_expired,credit_card,loyal,1,0.75,4,18,4,0
TXN04527,8237,bank_decline,debit_card,regular,3,0.77,5,48,14,0
TXN04528,2744,bank_decline,upi,new,3,0.6,5,22,54,0
TXN04529,1807,technical_error,upi,new,3,0.47,2,26,65,0
TXN04530,1209,card_expired,credit_card,new,3,0.88,3,22,20,0
TXN04531,14197,technical_error,upi,loyal,3,0.35,2,11,65,1
TXN04532,8437,insufficient_funds,credit_card,loyal,1,0.52,2,38,60,0
TXN04533,6977,bank_decline,credit_card,new,2,0.79,3,55,46,0
TXN04534,13948,bank_decline,debit_card,loyal,1,0.95,5,52,50,1
TXN04535,9497,bank_decline,upi,loyal,3,0.75,0,57,17,0
TXN04536,9406,bank_decline,upi,new,3,0.88,6,17,41,0
TXN04537,13858,card_expired,net_banking,new,3,0.9,4,35,56,0
TXN04538,5769,network_error,credit_card,loyal,3,0.88,5,24,45,0
TXN04539,12403,card_expired,debit_card,new,1,0.68,5,48,47,0
TXN04540,12599,technical_error,debit_card,regular,1,0.93,4,50,37,1
TXN04541,10638,card_expired,credit_card,regular,2,0.37,6,21,30,0
TXN04542,11758,technical_error,net_banking,loyal,1,0.98,3,9,1,1
TXN04543,676,insufficient_funds,debit_card,loyal,3,0.37,0,11,2,0
TXN04544,9667,technical_error,net_banking,regular,2,0.59,1,29,21,0
TXN04545,3466,card_expired,debit_card,regular,2,0.64,3,24,54,0
TXN04546,7736,network_error,credit_card,regular,2,0.75,2,32,37,0
TXN04547,14069,insufficient_funds,net_banking,regular,2,0.32,2,26,58,0
TXN04548,4197,network_error,net_banking,regular,3,0.71,4,48,44,1
TXN04549,7174,technical_error,net_banking,loyal,1,0.79,0,49,46,1
TXN04550,8434,card_expired,credit_card,new,1,0.52,0,9,23,0
TXN04551,14653,card_expired,debit_card,regular,2,0.97,6,33,7,0
TXN04552,9433,bank_decline,credit_card,regular,1,0.88,6,19,50,1
TXN04553,5368,technical_error,net_banking,loyal,1,0.33,0,59,8,0
TXN04554,772,card_expired,debit_card,loyal,3,0.94,2,26,57,0
TXN04555,11817,insufficient_funds,upi,loyal,2,0.49,6,26,30,0
TXN04556,10623,network_error,upi,new,1,0.37,4,21,49,0
TXN04557,8779,insufficient_funds,debit_card,new,1,0.95,2,19,17,0
TXN04558,9072,bank_decline,debit_card,regular,3,0.35,0,58,6,0
TXN04559,5989,technical_error,upi,loyal,1,0.69,1,43,37,1
TXN04560,3172,bank_decline,net_banking,loyal,3,0.8,4,3,30,0
TXN04561,2485,insufficient_funds,net_banking,loyal,2,0.97,3,55,56,1
TXN04562,10567,card_expired,debit_card,loyal,3,0.69,2,58,10,0
TXN04563,12997,bank_decline,credit_card,loyal,1,0.68,6,31,71,1
TXN04564,7755,bank_decline,upi,loyal,3,0.74,0,34,13,0
TXN04565,6875,insufficient_funds,debit_card,loyal,3,0.75,5,40,58,0
TXN04566,3155,card_expired,net_banking,new,3,0.41,0,31,16,0
TXN04567,5261,technical_error,credit_card,loyal,2,0.38,1,53,14,1
TXN04568,7898,technical_error,net_banking,new,2,0.6,3,26,58,0
TXN04569,9914,insufficient_funds,debit_card,new,1,0.34,1,34,57,0
TXN04570,7373,bank_decline,credit_card,regular,3,0.72,1,16,2,1
TXN04571,412,card_expired,net_banking,regular,3,0.63,4,56,22,0
TXN04572,9982,card_expired,debit_card,regular,2,0.53,3,5,25,0
TXN04573,4817,technical_error,net_banking,regular,2,0.77,0,45,40,1
TXN04574,7615,bank_decline,debit_card,regular,2,0.79,6,20,67,0
TXN04575,14225,bank_decline,debit_card,loyal,2,0.75,4,37,7,0
TXN04576,13575,technical_error,upi,new,1,0.86,2,48,56,1
TXN04577,4290,insufficient_funds,upi,new,2,0.61,2,48,54,0
TXN04578,807,bank_decline,credit_card,loyal,2,0.81,6,35,2,0
TXN04579,9122,insufficient_funds,debit_card,new,3,0.45,3,21,8,0
TXN04580,8144,bank_decline,net_banking,new,1,0.93,2,48,45,1
TXN04581,11474,insufficient_funds,debit_card,loyal,3,0.4,2,40,47,1
TXN04582,12804,bank_decline,net_banking,new,2,0.35,6,57,44,0
TXN04583,14179,technical_error,debit_card,regular,1,0.66,0,53,26,0
TXN04584,4612,insufficient_funds,net_banking,new,2,0.37,4,48,50,0
TXN04585,11918,technical_error,net_banking,loyal,2,0.95,2,31,54,1
TXN04586,3146,insufficient_funds,net_banking,new,1,0.77,2,42,36,0
TXN04587,12609,card_expired,debit_card,regular,3,0.37,6,13,16,0
TXN04588,2739,insufficient_funds,upi,new,3,0.95,5,15,18,0
TXN04589,11623,network_error,net_banking,new,2,0.46,4,17,13,0
TXN04590,6106,bank_decline,upi,regular,2,0.34,4,40,22,0
TXN04591,14905,technical_error,debit_card,new,2,0.82,0,57,30,1
TXN04592,3880,network_error,debit_card,new,3,0.4,3,13,42,0
TXN04593,14471,technical_error,credit_card,regular,2,0.69,6,35,49,1
TXN04594,1842,card_expired,net_banking,loyal,1,0.36,1,50,47,1
TXN04595,7045,insufficient_funds,net_banking,loyal,2,0.56,5,14,39,0
TXN04596,1028,technical_error,debit_card,new,1,0.69,6,24,70,1
TXN04597,8730,technical_error,upi,regular,2,0.93,5,14,51,1
TXN04598,6698,insufficient_funds,debit_card,new,3,0.5,0,7,61,1
TXN04599,6657,insufficient_funds,credit_card,new,1,0.78,3,20,7,0
TXN04600,13470,bank_decline,net_banking,regular,3,0.35,0,28,31,0
TXN04601,10882,insufficient_funds,credit_card,new,1,0.34,5,7,50,0
TXN04602,12792,card_expired,net_banking,new,1,0.66,2,54,41,0
TXN04603,4953,network_error,upi,regular,3,0.92,6,25,20,1
TXN04604,9619,bank_decline,credit_card,new,3,0.3,2,34,55,0
TXN04605,6469,card_expired,credit_card,loyal,3,0.84,1,56,50,0
TXN04606,5052,card_expired,credit_card,loyal,1,0.6,4,43,43,1
TXN04607,13787,technical_error,credit_card,loyal,2,0.91,1,58,40,1
TXN04608,591,card_expired,net_banking,loyal,2,0.67,2,21,61,0
TXN04609,3818,insufficient_funds,credit_card,regular,2,0.34,1,59,36,1
TXN04610,3664,technical_error,debit_card,regular,2,0.8,6,54,2,1
TXN04611,13311,network_error,credit_card,loyal,2,0.81,4,34,48,1
TXN04612,4195,network_error,upi,loyal,3,0.32,3,28,57,1
TXN04613,9061,bank_decline,debit_card,new,3,0.44,0,32,11,0
TXN04614,9619,bank_decline,upi,regular,3,0.85,1,37,71,0
TXN04615,4995,technical_error,debit_card,new,1,0.86,1,33,71,1
TXN04616,13080,insufficient_funds,credit_card,loyal,3,0.88,5,23,18,1
TXN04617,7416,card_expired,credit_card,new,1,0.58,3,11,43,0
TXN04618,14143,bank_decline,credit_card,regular,3,0.46,5,9,36,0
TXN04619,10032,network_error,debit_card,loyal,2,0.46,1,53,22,1
TXN04620,12354,insufficient_funds,net_banking,regular,3,0.57,1,51,31,0
TXN04621,8487,bank_decline,upi,new,3,0.87,3,42,51,0
TXN04622,3648,technical_error,upi,new,3,0.68,2,48,68,1
TXN04623,3882,network_error,net_banking,loyal,2,0.86,2,36,53,1
TXN04624,13790,insufficient_funds,credit_card,loyal,2,0.85,2,4,35,0
TXN04625,8574,card_expired,credit_card,regular,3,0.32,2,8,72,0
TXN04626,3663,card_expired,net_banking,new,1,0.34,0,31,33,0
TXN04627,7909,technical_error,debit_card,loyal,1,0.77,3,8,63,0
TXN04628,14193,network_error,credit_card,new,3,0.47,3,34,65,0
TXN04629,8882,card_expired,upi,loyal,2,0.81,3,19,36,0
TXN04630,6833,card_expired,credit_card,regular,1,0.45,3,47,8,0
TXN04631,14146,card_expired,upi,new,1,0.3,0,35,1,0
TXN04632,8666,technical_error,debit_card,loyal,3,0.4,6,55,17,0
TXN04633,11314,technical_error,upi,new,2,0.45,1,50,47,1
TXN04634,498,insufficient_funds,net_banking,loyal,3,0.52,3,24,17,0
TXN04635,7254,card_expired,upi,loyal,1,0.45,5,7,55,0
TXN04636,7898,technical_error,credit_card,regular,2,0.4,6,42,71,1
TXN04637,5742,insufficient_funds,net_banking,regular,2,0.41,6,57,66,0
TXN04638,10247,insufficient_funds,credit_card,new,3,0.82,2,16,47,1
TXN04639,11639,card_expired,credit_card,loyal,3,0.67,2,13,24,0
TXN04640,9356,card_expired,debit_card,regular,3,0.89,0,6,33,0
TXN04641,10069,card_expired,upi,regular,2,0.49,3,13,58,0
TXN04642,805,bank_decline,credit_card,loyal,2,0.61,0,39,40,1
TXN04643,13173,card_expired,upi,loyal,2,0.94,1,40,50,1
TXN04644,713,insufficient_funds,upi,new,2,0.62,3,35,13,0
TXN04645,8701,network_error,upi,new,3,0.76,2,28,36,0
TXN04646,719,card_expired,debit_card,new,3,0.64,6,33,59,0
TXN04647,13337,network_error,net_banking,loyal,3,0.37,2,33,60,1
TXN04648,6920,insufficient_funds,upi,new,1,0.32,4,55,43,0
TXN04649,9308,card_expired,net_banking,new,1,0.56,6,31,21,0
TXN04650,1292,technical_error,debit_card,loyal,1,0.41,3,49,72,0
TXN04651,14091,technical_error,upi,loyal,1,0.48,5,38,9,0
TXN04652,6824,network_error,upi,new,3,0.77,5,36,43,0
TXN04653,3367,card_expired,debit_card,new,3,0.84,1,30,54,1
TXN04654,8877,bank_decline,upi,loyal,2,0.96,0,32,16,1
TXN04655,10395,bank_decline,upi,loyal,3,0.93,0,18,40,1
TXN04656,1168,bank_decline,credit_card,regular,2,0.58,1,16,16,1
TXN04657,7127,bank_decline,credit_card,regular,3,0.63,4,27,68,0
TXN04658,3091,technical_error,upi,loyal,2,0.4,1,48,35,1
TXN04659,9845,card_expired,debit_card,regular,1,0.84,5,59,62,0
TXN04660,13511,card_expired,net_banking,loyal,2,0.97,3,47,47,0
TXN04661,13893,card_expired,debit_card,loyal,2,0.92,0,54,42,1
TXN04662,9816,insufficient_funds,upi,loyal,3,0.7,6,28,64,0
TXN04663,9346,bank_decline,debit_card,loyal,2,0.3,5,7,61,0
TXN04664,3876,network_error,upi,new,1,0.54,6,4,6,1
TXN04665,3492,network_error,net_banking,loyal,2,0.88,3,23,19,1
TXN04666,209,card_expired,credit_card,new,2,0.69,5,48,60,0
TXN04667,7244,insufficient_funds,upi,new,2,0.89,6,19,23,0
TXN04668,7712,insufficient_funds,credit_card,loyal,2,0.44,4,41,13,0
TXN04669,11984,card_expired,net_banking,regular,1,0.93,1,55,57,1
TXN04670,12295,bank_decline,upi,new,1,0.57,1,37,9,0
TXN04671,5262,card_expired,upi,regular,1,0.53,0,53,37,0
TXN04672,7857,technical_error,debit_card,loyal,1,0.76,3,40,3,1
TXN04673,1961,bank_decline,upi,new,3,0.85,3,59,9,0
TXN04674,683,technical_error,net_banking,new,1,0.89,1,51,8,0
TXN04675,11868,card_expired,net_banking,regular,2,0.58,2,19,1,0
TXN04676,12256,insufficient_funds,upi,new,3,0.96,0,45,53,0
TXN04677,4747,insufficient_funds,upi,new,3,0.41,4,48,56,0
TXN04678,7840,technical_error,credit_card,regular,3,0.9,1,34,5,0
TXN04679,7623,insufficient_funds,debit_card,new,1,0.56,6,29,72,0
TXN04680,10907,technical_error,net_banking,regular,2,0.53,2,9,53,1
TXN04681,2152,network_error,net_banking,new,3,0.54,2,32,2,1
TXN04682,2763,technical_error,upi,new,3,0.57,3,57,35,1
TXN04683,2275,insufficient_funds,upi,loyal,3,0.7,6,45,70,0
TXN04684,10944,insufficient_funds,upi,loyal,2,0.71,6,26,32,0
TXN04685,608,network_error,net_banking,loyal,1,0.53,2,5,47,1
TXN04686,13312,technical_error,net_banking,loyal,2,0.35,4,13,61,0
TXN04687,4303,technical_error,upi,new,1,0.87,1,30,26,1
TXN04688,14426,bank_decline,upi,loyal,3,0.31,0,40,64,0
TXN04689,2813,network_error,debit_card,regular,2,0.82,3,18,49,1
TXN04690,2636,card_expired,upi,new,1,0.85,1,55,34,0
TXN04691,12877,card_expired,credit_card,loyal,3,0.65,0,7,35,0
TXN04692,1971,insufficient_funds,net_banking,new,3,0.68,2,3,72,0
TXN04693,10985,bank_decline,debit_card,regular,2,0.68,6,59,16,0
TXN04694,14851,card_expired,credit_card,regular,3,0.47,5,1,67,0
TXN04695,5502,technical_error,credit_card,regular,3,0.92,4,3,70,1
TXN04696,463,insufficient_funds,debit_card,regular,3,0.87,2,3,71,0
TXN04697,2040,network_error,upi,regular,3,0.45,5,34,56,0
TXN04698,9888,technical_error,credit_card,loyal,1,0.95,6,16,9,1
TXN04699,11695,card_expired,upi,regular,1,0.91,5,5,21,0
TXN04700,14619,bank_decline,net_banking,regular,2,0.83,1,33,15,1
TXN04701,11429,bank_decline,debit_card,regular,1,0.34,6,52,35,0
TXN04702,13693,technical_error,upi,loyal,3,0.79,4,5,23,1
TXN04703,14322,technical_error,debit_card,new,1,0.45,5,54,34,0
TXN04704,6252,card_expired,upi,regular,3,0.91,0,49,54,0
TXN04705,8244,technical_error,credit_card,new,1,0.49,4,40,45,0
TXN04706,5167,insufficient_funds,net_banking,regular,3,0.37,2,23,6,0
TXN04707,2562,technical_error,upi,new,1,0.82,6,15,3,1
TXN04708,2620,bank_decline,net_banking,regular,2,0.36,1,27,13,0
TXN04709,11169,technical_error,upi,regular,2,0.47,4,26,16,0
TXN04710,418,bank_decline,debit_card,loyal,1,0.51,0,34,29,1
TXN04711,10579,bank_decline,debit_card,loyal,3,0.62,4,23,70,0
TXN04712,2247,technical_error,debit_card,new,2,0.72,2,25,26,1
TXN04713,11083,technical_error,net_banking,new,2,0.6,1,9,31,1
TXN04714,4065,network_error,debit_card,regular,2,0.46,2,8,69,1
TXN04715,12316,technical_error,upi,regular,3,0.97,6,36,5,1
TXN04716,13035,insufficient_funds,credit_card,new,2,0.64,5,2,54,1
TXN04717,5052,bank_decline,credit_card,new,3,0.56,6,37,37,0
TXN04718,3857,bank_decline,debit_card,regular,1,0.98,6,42,37,0
TXN04719,10379,network_error,credit_card,loyal,1,0.43,1,48,16,0
TXN04720,7264,card_expired,net_banking,loyal,3,0.33,3,28,63,0
TXN04721,4410,card_expired,net_banking,loyal,3,0.39,0,46,13,1
TXN04722,14494,network_error,upi,new,3,0.46,2,16,60,0
TXN04723,3041,card_expired,credit_card,new,3,0.67,3,46,61,0
TXN04724,12536,bank_decline,debit_card,new,3,0.93,1,9,42,1
TXN04725,3902,technical_error,debit_card,new,2,0.39,6,32,62,0
TXN04726,3173,card_expired,net_banking,regular,2,0.6,2,4,22,0
TXN04727,10986,technical_error,upi,new,1,0.37,2,34,40,1
TXN04728,770,insufficient_funds,net_banking,new,3,0.46,6,26,69,0
TXN04729,13834,technical_error,upi,new,1,0.82,6,43,37,1
TXN04730,14949,technical_error,debit_card,regular,3,0.64,4,20,58,0
TXN04731,1117,card_expired,debit_card,loyal,3,0.42,2,16,17,0
TXN04732,1094,insufficient_funds,upi,regular,2,0.36,3,46,61,0
TXN04733,4948,card_expired,net_banking,loyal,2,0.66,6,5,67,0
TXN04734,9530,technical_error,net_banking,new,3,0.58,0,56,29,0
TXN04735,5534,technical_error,upi,loyal,2,0.97,4,9,9,1
TXN04736,9379,bank_decline,net_banking,new,1,0.95,2,41,7,1
TXN04737,4800,card_expired,debit_card,regular,2,0.69,1,26,26,0
TXN04738,13011,technical_error,net_banking,regular,2,0.82,4,40,64,0
TXN04739,9542,network_error,net_banking,loyal,3,0.73,6,56,18,1
TXN04740,9213,network_error,credit_card,new,1,0.8,1,33,53,1
TXN04741,9967,network_error,net_banking,new,2,0.36,3,21,44,1
TXN04742,14405,technical_error,credit_card,loyal,3,0.57,0,41,2,0
TXN04743,329,network_error,upi,loyal,2,0.65,3,58,24,1
TXN04744,10996,insufficient_funds,net_banking,loyal,3,0.5,5,45,51,0
TXN04745,11730,insufficient_funds,upi,loyal,1,0.88,2,8,59,1
TXN04746,7814,insufficient_funds,upi,new,1,0.74,6,59,33,1
TXN04747,4050,bank_decline,debit_card,regular,2,0.55,3,44,62,0
TXN04748,3684,bank_decline,debit_card,regular,2,0.66,3,21,7,1
TXN04749,1340,network_error,upi,loyal,3,0.7,4,6,33,1
TXN04750,8021,network_error,debit_card,loyal,1,0.95,3,6,5,1
TXN04751,4528,card_expired,net_banking,loyal,2,0.71,3,54,35,0
TXN04752,13203,network_error,net_banking,new,1,0.5,1,24,50,1
TXN04753,10955,insufficient_funds,credit_card,new,1,0.54,1,25,48,0
TXN04754,14676,bank_decline,upi,loyal,2,0.79,3,32,27,1
TXN04755,372,card_expired,credit_card,loyal,1,0.75,1,34,29,0
TXN04756,5074,card_expired,net_banking,regular,3,0.58,5,5,24,0
TXN04757,1644,bank_decline,debit_card,loyal,2,0.76,1,7,51,1
TXN04758,7431,bank_decline,net_banking,loyal,2,0.47,4,56,5,0
TXN04759,1242,technical_error,upi,regular,2,0.45,0,4,51,1
TXN04760,2577,network_error,credit_card,regular,3,0.35,2,4,58,0
TXN04761,14456,network_error,upi,loyal,1,0.36,5,42,47,0
TXN04762,14814,insufficient_funds,net_banking,loyal,3,0.98,5,16,54,1
TXN04763,2822,card_expired,debit_card,loyal,2,0.69,4,26,57,0
TXN04764,11619,network_error,upi,regular,2,0.65,4,46,5,1
TXN04765,3184,technical_error,net_banking,loyal,3,0.93,2,19,71,1
TXN04766,13669,card_expired,credit_card,new,3,0.39,1,14,14,0
TXN04767,2308,card_expired,debit_card,regular,2,0.59,1,5,32,0
TXN04768,9129,technical_error,upi,new,2,0.64,0,45,18,0
TXN04769,1304,technical_error,upi,new,3,0.73,2,5,46,0
TXN04770,12535,network_error,net_banking,regular,3,0.97,2,22,72,1
TXN04771,2741,insufficient_funds,upi,regular,1,0.77,2,36,63,0
TXN04772,14447,card_expired,debit_card,new,3,0.4,1,36,23,0
TXN04773,3850,insufficient_funds,upi,new,3,0.88,4,40,64,1
TXN04774,12098,insufficient_funds,upi,loyal,3,0.58,3,11,53,0
TXN04775,5275,card_expired,upi,regular,2,0.76,2,3,59,0
TXN04776,14894,technical_error,debit_card,new,1,0.93,0,36,46,1
TXN04777,1007,technical_error,credit_card,loyal,2,0.51,5,20,45,0
TXN04778,12441,bank_decline,credit_card,loyal,1,0.52,0,7,1,0
TXN04779,10714,technical_error,net_banking,regular,3,0.63,2,17,64,1
TXN04780,9838,insufficient_funds,net_banking,loyal,3,0.67,3,25,25,0
TXN04781,13074,bank_decline,net_banking,regular,1,0.94,1,20,57,1
TXN04782,12385,technical_error,net_banking,new,1,0.95,4,58,19,1
TXN04783,14377,card_expired,debit_card,loyal,1,0.72,0,23,1,1
TXN04784,8144,bank_decline,debit_card,loyal,3,0.64,2,21,7,0
TXN04785,2896,network_error,upi,new,2,0.92,0,17,61,1
TXN04786,7027,network_error,net_banking,loyal,3,0.59,4,5,35,1
TXN04787,9825,card_expired,net_banking,new,2,0.56,4,35,41,0
TXN04788,10136,technical_error,credit_card,regular,2,0.63,5,15,50,0
TXN04789,3558,technical_error,net_banking,loyal,3,0.66,4,29,39,1
TXN04790,9958,bank_decline,upi,regular,1,0.47,6,41,69,0
TXN04791,4499,bank_decline,net_banking,new,2,0.47,4,21,24,0
TXN04792,4311,card_expired,net_banking,regular,2,0.46,5,11,11,0
TXN04793,8516,bank_decline,net_banking,regular,2,0.56,6,5,11,0
TXN04794,12585,technical_error,net_banking,regular,2,0.64,6,43,69,0
TXN04795,3819,insufficient_funds,debit_card,loyal,1,0.73,0,59,8,1
TXN04796,401,bank_decline,upi,regular,3,0.38,1,25,42,0
TXN04797,4859,network_error,upi,loyal,3,0.35,1,18,39,0
TXN04798,4958,card_expired,debit_card,loyal,3,0.89,0,9,25,0
TXN04799,4246,network_error,net_banking,regular,1,0.44,6,13,48,0
TXN04800,7938,bank_decline,credit_card,loyal,2,0.98,1,33,24,0
TXN04801,2166,technical_error,net_banking,new,3,0.63,3,49,42,0
TXN04802,8461,technical_error,debit_card,loyal,2,0.97,3,55,55,1
TXN04803,9833,card_expired,net_banking,new,3,0.74,4,47,32,0
TXN04804,14053,card_expired,net_banking,new,3,0.64,4,32,65,0
TXN04805,5688,network_error,credit_card,loyal,3,0.5,2,43,6,1
TXN04806,2501,technical_error,net_banking,new,3,0.91,5,50,4,0
TXN04807,482,card_expired,debit_card,loyal,1,0.77,1,26,46,1
TXN04808,8667,insufficient_funds,upi,regular,2,0.46,2,40,39,0
TXN04809,12288,bank_decline,net_banking,regular,1,0.35,3,21,27,0
TXN04810,13965,card_expired,debit_card,regular,3,0.51,0,46,71,0
TXN04811,761,technical_error,upi,new,2,0.52,2,49,26,0
TXN04812,13412,network_error,upi,new,3,0.57,4,41,62,1
TXN04813,8745,insufficient_funds,upi,new,2,0.8,0,23,11,0
TXN04814,14160,network_error,net_banking,loyal,2,0.6,0,50,17,1
TXN04815,5403,card_expired,debit_card,loyal,2,0.83,6,60,24,0
TXN04816,8731,bank_decline,debit_card,regular,3,0.9,4,50,20,1
TXN04817,12079,technical_error,debit_card,regular,1,0.45,0,31,31,1
TXN04818,14722,card_expired,debit_card,loyal,1,0.86,4,24,68,1
TXN04819,6884,technical_error,upi,loyal,3,0.44,6,28,67,0
TXN04820,7136,card_expired,debit_card,new,3,0.57,2,43,53,1
TXN04821,6738,card_expired,net_banking,regular,2,0.68,3,51,32,0
TXN04822,12543,bank_decline,upi,new,1,0.52,5,49,57,0
TXN04823,10996,insufficient_funds,upi,new,2,0.33,2,45,69,0
TXN04824,12281,technical_error,credit_card,new,3,0.67,2,52,42,0
TXN04825,2678,insufficient_funds,upi,regular,3,0.5,2,51,61,0
TXN04826,961,technical_error,credit_card,new,2,0.94,0,51,37,1
TXN04827,1171,card_expired,upi,loyal,1,0.38,3,1,67,0
TXN04828,7214,network_error,credit_card,regular,3,0.55,3,28,12,1
TXN04829,4861,network_error,upi,regular,3,0.74,0,3,6,0
TXN04830,5309,bank_decline,upi,new,3,0.68,1,9,62,1
TXN04831,14521,technical_error,credit_card,loyal,2,0.51,6,20,31,1
TXN04832,10835,bank_decline,credit_card,loyal,1,0.84,3,14,72,1
TXN04833,4998,card_expired,debit_card,new,2,0.55,6,33,13,0
TXN04834,8784,insufficient_funds,debit_card,regular,1,0.83,6,19,24,1
TXN04835,10798,technical_error,net_banking,regular,3,0.47,4,3,6,0
TXN04836,4457,bank_decline,debit_card,loyal,3,0.67,2,45,71,0
TXN04837,9108,card_expired,net_banking,loyal,1,0.87,0,20,2,0
TXN04838,6368,network_error,net_banking,new,3,0.69,3,14,10,0
TXN04839,427,technical_error,credit_card,regular,2,0.95,4,7,29,0
TXN04840,3965,technical_error,upi,regular,3,0.37,1,36,13,1
TXN04841,1857,card_expired,upi,regular,2,0.93,3,10,48,0
TXN04842,2030,insufficient_funds,upi,new,2,0.37,3,26,65,0
TXN04843,3021,insufficient_funds,upi,regular,3,0.73,2,32,36,0
TXN04844,9299,network_error,net_banking,new,2,0.91,5,15,12,0
TXN04845,12881,card_expired,credit_card,regular,1,0.91,1,25,11,1
TXN04846,12815,bank_decline,net_banking,new,2,0.53,6,17,34,0
TXN04847,6261,insufficient_funds,net_banking,regular,2,0.96,5,43,65,0
TXN04848,2550,technical_error,net_banking,loyal,3,0.49,2,17,12,0
TXN04849,13950,technical_error,credit_card,new,3,0.86,4,3,33,0
TXN04850,8147,card_expired,debit_card,new,3,0.43,4,52,25,0
TXN04851,9935,card_expired,upi,loyal,1,0.51,1,53,61,0
TXN04852,239,card_expired,upi,loyal,3,0.38,3,17,35,1
TXN04853,2991,card_expired,credit_card,new,2,0.43,1,21,46,0
TXN04854,1614,technical_error,debit_card,new,2,0.79,6,6,27,0
TXN04855,2213,bank_decline,upi,new,1,0.69,2,18,17,0
TXN04856,10496,bank_decline,debit_card,regular,2,0.3,3,58,70,0
TXN04857,1211,technical_error,upi,loyal,3,0.93,5,1,57,1
TXN04858,1376,insufficient_funds,net_banking,new,1,0.51,5,43,24,0
TXN04859,3671,card_expired,credit_card,loyal,1,0.4,3,11,58,0
TXN04860,2733,card_expired,debit_card,regular,2,0.92,3,29,38,0
TXN04861,10266,bank_decline,credit_card,loyal,3,0.87,6,25,69,0
TXN04862,10688,card_expired,upi,loyal,3,0.4,4,19,35,0
TXN04863,3376,network_error,debit_card,regular,2,0.54,3,11,52,1
TXN04864,4470,technical_error,credit_card,loyal,2,0.46,5,28,57,0
TXN04865,3628,insufficient_funds,credit_card,new,1,0.57,5,46,27,0
TXN04866,8124,card_expired,credit_card,regular,1,0.51,1,36,69,1
TXN04867,3471,network_error,upi,loyal,3,0.37,0,7,51,1
TXN04868,9056,network_error,debit_card,new,2,0.39,0,56,16,0
TXN04869,3838,technical_error,upi,new,1,0.38,2,50,31,0
TXN04870,9115,network_error,upi,regular,1,0.48,0,56,41,1
TXN04871,1583,network_error,net_banking,regular,1,0.64,6,12,31,0
TXN04872,5987,network_error,upi,regular,1,0.95,3,59,23,0
TXN04873,5294,card_expired,debit_card,new,2,0.37,6,36,19,0
TXN04874,14843,card_expired,credit_card,new,2,0.33,3,9,9,0
TXN04875,4936,network_error,credit_card,regular,2,0.87,4,32,3,1
TXN04876,11817,technical_error,credit_card,new,3,0.98,3,42,46,1
TXN04877,7124,technical_error,net_banking,regular,2,0.33,4,14,54,0
TXN04878,12697,card_expired,debit_card,new,2,0.33,1,31,26,0
TXN04879,11437,card_expired,credit_card,regular,1,0.69,1,40,2,0
TXN04880,2740,network_error,credit_card,regular,3,0.75,1,26,6,1
TXN04881,10562,insufficient_funds,upi,regular,2,0.65,2,58,58,0
TXN04882,11935,technical_error,debit_card,new,1,0.41,1,35,16,0
TXN04883,3052,insufficient_funds,debit_card,new,1,0.69,5,44,23,0
TXN04884,5573,bank_decline,credit_card,new,2,0.7,6,44,32,0
TXN04885,14056,bank_decline,net_banking,regular,2,0.46,0,33,69,0
TXN04886,5300,bank_decline,upi,regular,3,0.34,3,53,23,0
TXN04887,4617,card_expired,debit_card,regular,2,0.97,6,34,31,0
TXN04888,5940,bank_decline,upi,loyal,1,0.49,2,35,32,0
TXN04889,6112,network_error,credit_card,loyal,2,0.81,0,40,7,1
TXN04890,2093,card_expired,debit_card,new,3,0.9,6,15,47,0
TXN04891,11777,technical_error,credit_card,regular,1,0.44,0,52,48,0
TXN04892,9713,card_expired,upi,new,1,0.33,2,26,4,0
TXN04893,10326,insufficient_funds,debit_card,regular,1,0.3,3,11,23,0
TXN04894,6478,network_error,debit_card,new,2,0.81,1,49,50,1
TXN04895,3914,insufficient_funds,credit_card,regular,1,0.5,4,10,25,1
TXN04896,1245,card_expired,credit_card,loyal,2,0.38,6,38,38,0
TXN04897,12299,bank_decline,credit_card,regular,1,0.71,5,37,47,1
TXN04898,1405,technical_error,credit_card,new,2,0.58,3,52,30,0
TXN04899,2777,card_expired,debit_card,regular,3,0.55,3,52,56,0
TXN04900,3183,bank_decline,credit_card,new,3,0.94,1,46,24,0
TXN04901,8838,card_expired,net_banking,new,1,0.57,2,48,55,1
TXN04902,5030,technical_error,debit_card,new,2,0.9,3,29,37,1
TXN04903,5131,technical_error,credit_card,regular,2,0.36,2,13,20,1
TXN04904,8326,technical_error,net_banking,loyal,3,0.82,1,26,16,1
TXN04905,7811,technical_error,credit_card,regular,3,0.68,1,7,62,0
TXN04906,5397,network_error,credit_card,new,2,0.41,2,8,21,1
TXN04907,13404,technical_error,upi,regular,2,0.96,3,14,10,0
TXN04908,3540,card_expired,credit_card,loyal,2,0.91,5,17,12,0
TXN04909,208,card_expired,net_banking,loyal,2,0.51,2,42,7,0
TXN04910,7992,network_error,debit_card,regular,1,0.91,5,51,12,0
TXN04911,6807,network_error,net_banking,new,2,0.37,5,57,5,1
TXN04912,11211,insufficient_funds,net_banking,new,3,0.45,0,43,67,0
TXN04913,10849,network_error,net_banking,new,1,0.94,2,31,49,1
TXN04914,13939,card_expired,upi,new,1,0.34,0,43,41,0
TXN04915,2327,card_expired,credit_card,loyal,2,0.68,1,55,38,1
TXN04916,7100,bank_decline,debit_card,regular,3,0.42,5,46,9,0
TXN04917,4352,card_expired,upi,regular,3,0.57,3,10,36,0
TXN04918,8853,insufficient_funds,debit_card,new,1,0.74,2,9,10,0
TXN04919,7125,technical_error,upi,regular,1,0.45,6,39,45,1
TXN04920,11696,bank_decline,debit_card,new,2,0.93,3,26,41,1
TXN04921,14052,card_expired,upi,regular,2,0.52,6,60,30,0
TXN04922,7296,bank_decline,upi,new,2,0.32,2,42,37,0
TXN04923,11521,insufficient_funds,net_banking,loyal,1,0.93,5,44,38,0
TXN04924,12370,insufficient_funds,credit_card,loyal,1,0.94,4,39,6,0
TXN04925,8974,card_expired,upi,regular,3,0.56,0,36,68,0
TXN04926,424,bank_decline,credit_card,loyal,3,0.52,6,18,37,0
TXN04927,13926,card_expired,debit_card,new,2,0.78,2,42,61,0
TXN04928,12636,technical_error,net_banking,new,1,0.75,4,50,47,1
TXN04929,6144,insufficient_funds,credit_card,loyal,3,0.63,6,21,7,0
TXN04930,267,technical_error,debit_card,regular,1,0.36,5,8,67,1
TXN04931,6718,technical_error,net_banking,regular,3,0.31,4,23,22,0
TXN04932,5566,bank_decline,credit_card,loyal,2,0.63,4,10,65,1
TXN04933,4572,card_expired,debit_card,regular,2,0.64,3,14,23,0
TXN04934,7179,network_error,credit_card,loyal,2,0.89,0,52,49,1
TXN04935,8194,technical_error,credit_card,loyal,3,0.98,5,42,7,1
TXN04936,13291,insufficient_funds,credit_card,new,1,0.95,6,8,59,0
TXN04937,5643,technical_error,debit_card,loyal,1,0.83,1,14,31,0
TXN04938,3237,bank_decline,net_banking,regular,2,0.39,0,53,28,0
TXN04939,5836,card_expired,credit_card,regular,1,0.77,5,8,34,1
TXN04940,4775,insufficient_funds,net_banking,loyal,3,0.64,1,13,41,0
TXN04941,4009,card_expired,upi,new,1,0.76,2,47,20,1
TXN04942,4339,insufficient_funds,credit_card,regular,3,0.46,3,17,15,0
TXN04943,8526,card_expired,credit_card,loyal,3,0.72,1,22,7,0
TXN04944,11054,bank_decline,debit_card,loyal,2,0.45,6,58,1,0
TXN04945,9615,bank_decline,upi,loyal,3,0.77,3,32,29,0
TXN04946,11200,insufficient_funds,net_banking,new,2,0.7,3,10,29,0
TXN04947,10470,network_error,net_banking,loyal,1,0.39,1,6,31,1
TXN04948,1870,network_error,debit_card,loyal,1,0.33,0,31,43,1
TXN04949,12732,network_error,debit_card,regular,2,0.96,2,34,37,1
TXN04950,14566,network_error,debit_card,new,1,0.86,1,12,30,0
TXN04951,746,technical_error,net_banking,new,3,0.81,5,56,61,1
TXN04952,12785,technical_error,upi,new,3,0.87,0,16,62,1
TXN04953,8830,bank_decline,net_banking,loyal,1,0.63,1,8,29,0
TXN04954,2028,card_expired,debit_card,new,2,0.74,4,1,27,0
TXN04955,6301,network_error,debit_card,new,2,0.87,2,18,70,1
TXN04956,12858,insufficient_funds,credit_card,new,2,0.73,5,29,30,0
TXN04957,1768,insufficient_funds,debit_card,regular,1,0.76,4,18,51,1
TXN04958,14000,bank_decline,upi,regular,1,0.6,3,57,2,1
TXN04959,4011,bank_decline,upi,loyal,3,0.65,6,14,34,0
TXN04960,1856,network_error,credit_card,loyal,3,0.85,4,42,30,1
TXN04961,5475,network_error,debit_card,loyal,3,0.49,3,38,71,0
TXN04962,5780,technical_error,net_banking,loyal,2,0.45,0,24,55,0
TXN04963,1843,bank_decline,debit_card,new,3,0.32,6,2,49,0
TXN04964,11358,card_expired,credit_card,loyal,3,0.77,1,49,30,1
TXN04965,9589,network_error,net_banking,loyal,1,0.98,4,22,44,1
TXN04966,618,technical_error,debit_card,regular,1,0.79,6,13,33,0
TXN04967,3974,card_expired,net_banking,loyal,1,0.96,0,50,28,1
TXN04968,10538,insufficient_funds,credit_card,regular,1,0.85,4,9,7,0
TXN04969,4898,bank_decline,debit_card,new,2,0.4,0,26,24,0
TXN04970,7552,bank_decline,debit_card,regular,2,0.68,3,16,19,0
TXN04971,13132,bank_decline,credit_card,regular,2,0.87,4,43,4,0
TXN04972,14799,insufficient_funds,net_banking,regular,3,0.73,1,2,58,0
TXN04973,14902,network_error,upi,regular,3,0.85,4,2,30,1
TXN04974,11696,bank_decline,credit_card,loyal,1,0.69,6,52,54,0
TXN04975,13319,bank_decline,upi,regular,2,0.52,5,29,69,0
TXN04976,13706,card_expired,upi,regular,1,0.32,2,17,8,0
TXN04977,10617,bank_decline,credit_card,regular,3,0.75,3,31,36,1
TXN04978,13095,insufficient_funds,credit_card,new,3,0.57,3,52,41,0
TXN04979,9977,insufficient_funds,credit_card,new,1,0.45,2,56,11,0
TXN04980,745,bank_decline,credit_card,regular,3,0.63,4,5,33,0
TXN04981,4652,card_expired,upi,regular,3,0.48,0,1,6,0
TXN04982,812,network_error,upi,loyal,2,0.47,2,17,60,1
TXN04983,13175,insufficient_funds,upi,loyal,3,0.85,2,11,47,1
TXN04984,4821,technical_error,debit_card,regular,2,0.59,2,29,55,1
TXN04985,3352,technical_error,credit_card,loyal,2,0.71,5,6,12,0
TXN04986,2036,insufficient_funds,credit_card,regular,2,0.42,5,24,8,0
TXN04987,2125,bank_decline,upi,loyal,1,0.51,0,22,3,1
TXN04988,13932,network_error,net_banking,regular,1,0.73,5,18,62,0
TXN04989,8133,card_expired,debit_card,new,3,0.33,1,50,21,0
TXN04990,2192,technical_error,net_banking,regular,2,0.34,2,20,49,1
TXN04991,8554,bank_decline,upi,regular,2,0.7,2,24,65,0
TXN04992,12637,insufficient_funds,upi,loyal,2,0.36,5,35,30,0
TXN04993,14859,network_error,credit_card,new,2,0.73,2,48,36,0
TXN04994,11871,technical_error,debit_card,loyal,2,0.81,2,37,12,1
TXN04995,4560,bank_decline,upi,new,1,0.69,2,25,44,0
TXN04996,14354,technical_error,upi,regular,1,0.9,6,38,20,0
TXN04997,4938,technical_error,net_banking,loyal,1,0.74,3,49,32,1
TXN04998,11113,card_expired,net_banking,regular,3,0.62,1,29,68,1
TXN04999,4267,bank_decline,debit_card,regular,1,0.68,6,35,59,1
TXN05000,2277,technical_error,net_banking,regular,2,0.6,3,28,55,0
